event_time_utc,magnitude,latitude,longitude,depth_km,source
2020-01-01 00:04:29,1.2,37.692,14.989,5.7,EtnaRCSC
2020-01-01 12:32:23,1.1,37.748,15.052,3.9,EtnaRCSC
2020-01-01 14:24:43,1.5,37.74,15.034,3.8,EtnaRCSC
2020-01-01 14:26:31,1.2,37.736,15.041,4.8,EtnaRCSC
2020-01-01 15:28:45,1.1,37.735,15.07,4.1,EtnaRCSC
2020-01-01 19:32:42,1.0,37.747,15.055,3.5,EtnaRCSC
2020-01-02 01:43:46,1.1,37.791,15.068,4.0,EtnaRCSC
2020-01-02 04:17:24,1.1,37.645,14.798,0.7,EtnaRCSC
2020-01-02 04:43:09,1.2,37.732,15.058,5.7,EtnaRCSC
2020-01-02 06:45:53,1.7,37.727,15.051,23.8,EtnaRCSC
2020-01-02 06:49:03,1.4,37.878,15.002,9.7,EtnaRCSC
2020-01-02 12:05:44,1.1,37.75,15.025,5.0,EtnaRCSC
2020-01-02 14:08:40,1.1,37.726,15.084,7.8,EtnaRCSC
2020-01-02 23:42:10,0.6,37.716,14.944,1.7,EtnaRCSC
2020-01-03 12:49:15,1.0,37.747,15.008,0.0,EtnaRCSC
2020-01-03 14:07:18,1.2,37.749,15.043,7.0,EtnaRCSC
2020-01-03 23:42:41,1.0,37.714,15.077,1.4,EtnaRCSC
2020-01-04 15:26:58,1.8,37.639,14.967,-1.6,EtnaRCSC
2020-01-04 17:15:24,1.4,37.76,14.997,1.7,EtnaRCSC
2020-01-05 08:31:42,1.2,37.809,15.065,-0.8,EtnaRCSC
2020-01-05 11:19:00,1.1,37.767,15.03,3.6,EtnaRCSC
2020-01-05 11:21:44,1.0,37.751,14.969,5.1,EtnaRCSC
2020-01-06 05:26:45,0.9,37.808,15.062,-0.2,EtnaRCSC
2020-01-06 08:41:01,0.9,37.647,14.951,4.3,EtnaRCSC
2020-01-06 11:50:44,1.7,37.64,14.95,0.6,EtnaRCSC
2020-01-06 13:12:12,3.1,37.637,14.958,5.2,EtnaRCSC
2020-01-06 13:14:07,1.9,37.64,14.958,0.8,EtnaRCSC
2020-01-06 13:22:33,1.0,37.628,14.963,7.3,EtnaRCSC
2020-01-06 21:28:58,1.3,37.73,15.003,7.8,EtnaRCSC
2020-01-06 22:32:35,1.1,37.628,14.976,7.3,EtnaRCSC
2020-01-07 02:25:06,1.3,37.746,14.88,4.7,EtnaRCSC
2020-01-07 04:44:43,1.0,37.746,15.026,1.8,EtnaRCSC
2020-01-07 05:07:21,1.0,37.684,14.949,7.4,EtnaRCSC
2020-01-07 06:29:59,1.4,37.645,14.953,10.2,EtnaRCSC
2020-01-07 13:45:42,1.2,37.608,14.946,3.6,EtnaRCSC
2020-01-07 15:02:02,1.2,37.746,15.017,4.3,EtnaRCSC
2020-01-08 01:16:27,1.1,37.743,15.089,7.7,EtnaRCSC
2020-01-08 05:43:38,0.7,37.635,14.956,1.0,EtnaRCSC
2020-01-09 00:55:07,0.9,37.746,15.055,4.2,EtnaRCSC
2020-01-10 11:33:28,1.0,37.749,15.028,3.5,EtnaRCSC
2020-01-10 23:08:39,1.3,37.752,15.027,4.6,EtnaRCSC
2020-01-10 23:09:07,1.2,37.749,15.026,3.5,EtnaRCSC
2020-01-11 09:19:11,1.2,37.739,15.032,7.0,EtnaRCSC
2020-01-11 11:40:38,1.2,37.69,15.032,10.2,EtnaRCSC
2020-01-11 13:12:19,1.2,37.823,15.086,-0.6,EtnaRCSC
2020-01-11 13:56:05,1.1,37.737,15.088,4.1,EtnaRCSC
2020-01-11 16:08:57,2.2,37.813,15.075,-1.6,EtnaRCSC
2020-01-11 18:14:48,1.3,37.734,15.094,4.4,EtnaRCSC
2020-01-11 19:44:57,0.9,37.734,15.091,4.5,EtnaRCSC
2020-01-11 19:46:56,0.9,37.72,15.117,4.8,EtnaRCSC
2020-01-11 19:49:47,1.5,37.661,14.988,13.6,EtnaRCSC
2020-01-11 21:23:41,0.9,37.693,14.958,3.8,EtnaRCSC
2020-01-11 22:55:35,1.1,37.752,15.026,4.0,EtnaRCSC
2020-01-11 23:37:34,1.0,37.675,14.972,5.5,EtnaRCSC
2020-01-11 23:52:48,1.3,37.731,15.096,5.3,EtnaRCSC
2020-01-11 23:59:51,0.8,37.751,15.061,3.2,EtnaRCSC
2020-01-12 00:32:35,1.3,37.698,15.012,7.4,EtnaRCSC
2020-01-12 01:34:13,1.4,37.726,15.095,6.1,EtnaRCSC
2020-01-12 01:37:53,0.8,37.744,15.077,6.4,EtnaRCSC
2020-01-12 03:20:18,1.1,37.734,15.094,4.3,EtnaRCSC
2020-01-12 03:59:33,1.0,37.735,15.097,5.2,EtnaRCSC
2020-01-12 11:28:55,0.8,37.733,15.099,5.5,EtnaRCSC
2020-01-12 16:26:17,0.9,37.717,15.031,4.0,EtnaRCSC
2020-01-12 16:50:55,0.7,37.779,15.076,-1.2,EtnaRCSC
2020-01-12 20:15:06,1.2,37.616,14.947,4.2,EtnaRCSC
2020-01-12 21:43:56,1.0,37.82,15.065,0.2,EtnaRCSC
2020-01-13 08:11:45,1.0,37.737,15.033,3.6,EtnaRCSC
2020-01-13 08:11:58,1.2,37.735,15.045,6.2,EtnaRCSC
2020-01-13 16:04:37,1.1,37.733,15.069,6.1,EtnaRCSC
2020-01-13 16:04:48,1.0,37.74,15.056,4.1,EtnaRCSC
2020-01-13 16:18:58,1.1,37.742,15.05,3.7,EtnaRCSC
2020-01-13 16:29:22,1.1,37.745,15.052,2.9,EtnaRCSC
2020-01-13 16:55:06,1.8,37.742,15.055,3.3,EtnaRCSC
2020-01-13 17:39:52,1.3,37.738,15.051,3.8,EtnaRCSC
2020-01-13 18:07:45,0.8,37.742,15.048,2.6,EtnaRCSC
2020-01-13 18:19:53,1.7,37.706,15.053,18.0,EtnaRCSC
2020-01-13 18:20:11,1.7,37.721,15.007,16.1,EtnaRCSC
2020-01-13 19:21:37,1.3,37.743,15.052,3.4,EtnaRCSC
2020-01-14 08:22:58,1.1,37.745,15.035,5.0,EtnaRCSC
2020-01-14 11:09:46,1.0,37.742,15.025,2.8,EtnaRCSC
2020-01-14 17:48:48,1.3,37.722,15.071,5.9,EtnaRCSC
2020-01-14 21:16:55,1.4,37.75,15.047,6.3,EtnaRCSC
2020-01-15 05:31:03,1.5,37.738,15.057,4.9,EtnaRCSC
2020-01-15 07:31:52,1.8,37.739,15.061,4.6,EtnaRCSC
2020-01-15 10:20:27,0.9,37.747,15.061,4.6,EtnaRCSC
2020-01-15 11:48:45,2.7,37.626,15.112,-1.6,EtnaRCSC
2020-01-15 13:34:54,1.5,37.738,15.019,10.3,EtnaRCSC
2020-01-15 19:48:49,1.3,37.681,15.052,4.2,EtnaRCSC
2020-01-15 22:19:45,1.1,37.757,15.021,2.6,EtnaRCSC
2020-01-15 23:09:16,1.3,37.72,15.068,7.3,EtnaRCSC
2020-01-16 00:29:34,0.9,37.748,15.06,3.4,EtnaRCSC
2020-01-16 01:21:21,2.3,37.771,14.82,9.0,EtnaRCSC
2020-01-16 02:50:46,1.7,37.773,14.83,9.0,EtnaRCSC
2020-01-16 04:53:54,1.1,37.743,15.09,6.3,EtnaRCSC
2020-01-16 05:11:32,1.2,37.652,14.951,9.2,EtnaRCSC
2020-01-16 06:38:40,1.2,37.735,15.052,6.0,EtnaRCSC
2020-01-16 07:07:46,1.3,37.731,15.187,8.1,EtnaRCSC
2020-01-16 07:14:54,0.7,37.738,14.914,-1.6,EtnaRCSC
2020-01-16 16:41:24,1.1,37.716,15.093,3.6,EtnaRCSC
2020-01-16 16:48:47,1.1,37.72,15.083,3.9,EtnaRCSC
2020-01-16 16:49:51,1.2,37.7,15.109,4.9,EtnaRCSC
2020-01-16 16:53:57,1.0,37.745,15.043,-1.6,EtnaRCSC
2020-01-16 18:42:14,1.8,37.717,15.082,4.4,EtnaRCSC
2020-01-16 19:01:52,1.1,37.739,15.065,4.5,EtnaRCSC
2020-01-16 20:44:02,0.7,37.803,15.074,-0.6,EtnaRCSC
2020-01-16 20:44:26,0.9,37.829,15.106,0.2,EtnaRCSC
2020-01-16 21:09:43,1.5,37.717,15.084,4.3,EtnaRCSC
2020-01-16 21:17:31,1.0,37.753,14.999,1.7,EtnaRCSC
2020-01-17 23:07:06,2.0,37.679,15.088,1.3,EtnaRCSC
2020-01-17 23:11:23,1.3,37.673,15.089,0.3,EtnaRCSC
2020-01-17 23:19:32,1.6,37.673,15.092,2.2,EtnaRCSC
2020-01-18 01:20:23,1.0,37.711,15.021,5.1,EtnaRCSC
2020-01-18 01:52:50,1.0,37.752,15.009,1.1,EtnaRCSC
2020-01-18 11:46:34,1.1,37.742,15.047,4.2,EtnaRCSC
2020-01-18 12:47:43,1.1,37.74,15.028,5.6,EtnaRCSC
2020-01-19 07:49:13,1.6,37.735,15.043,4.0,EtnaRCSC
2020-01-19 11:23:47,1.5,37.747,15.036,6.4,EtnaRCSC
2020-01-19 13:00:59,1.9,37.741,14.935,7.6,EtnaRCSC
2020-01-19 13:02:40,1.6,37.751,15.038,6.7,EtnaRCSC
2020-01-19 20:16:30,1.2,37.752,15.027,4.2,EtnaRCSC
2020-01-19 23:12:38,1.8,37.776,15.2,31.2,EtnaRCSC
2020-01-20 00:16:29,1.0,37.757,15.026,2.2,EtnaRCSC
2020-01-20 01:37:24,0.8,37.763,15.065,2.8,EtnaRCSC
2020-01-20 05:17:12,1.7,37.671,14.969,-1.6,EtnaRCSC
2020-01-21 01:36:22,1.1,37.694,14.964,5.7,EtnaRCSC
2020-01-21 07:47:18,1.4,37.746,15.032,6.2,EtnaRCSC
2020-01-21 07:54:14,1.6,37.741,15.025,8.7,EtnaRCSC
2020-01-22 04:45:24,1.3,37.742,15.092,6.3,EtnaRCSC
2020-01-23 03:20:23,1.2,37.757,15.043,5.6,EtnaRCSC
2020-01-23 03:47:13,0.9,37.747,15.073,4.3,EtnaRCSC
2020-01-23 05:38:23,1.2,37.741,15.028,3.8,EtnaRCSC
2020-01-23 12:42:54,1.5,37.695,15.097,3.7,EtnaRCSC
2020-01-23 12:44:19,1.3,37.698,15.095,2.1,EtnaRCSC
2020-01-23 13:47:20,1.0,37.707,15.086,4.9,EtnaRCSC
2020-01-23 21:18:58,1.8,37.753,15.009,1.1,EtnaRCSC
2020-01-24 15:28:13,0.5,37.676,14.969,1.5,EtnaRCSC
2020-01-24 19:56:52,0.9,37.746,15.059,4.1,EtnaRCSC
2020-01-25 11:19:15,2.5,37.749,15.055,5.7,EtnaRCSC
2020-01-25 11:21:31,0.9,37.75,15.034,2.8,EtnaRCSC
2020-01-25 11:21:41,1.2,37.742,15.051,5.5,EtnaRCSC
2020-01-25 11:23:44,1.0,37.752,15.073,6.4,EtnaRCSC
2020-01-25 11:30:35,1.4,37.743,15.084,8.1,EtnaRCSC
2020-01-25 11:40:37,0.9,37.744,15.05,5.2,EtnaRCSC
2020-01-25 11:45:19,1.2,37.74,15.082,9.5,EtnaRCSC
2020-01-25 11:58:49,1.1,37.74,14.917,-1.1,EtnaRCSC
2020-01-25 12:18:10,1.2,37.751,15.029,4.8,EtnaRCSC
2020-01-25 12:21:33,1.5,37.748,15.056,5.5,EtnaRCSC
2020-01-25 12:26:53,1.2,37.744,15.05,4.4,EtnaRCSC
2020-01-25 12:37:50,1.2,37.751,15.037,5.4,EtnaRCSC
2020-01-25 13:00:57,1.0,37.751,15.048,3.3,EtnaRCSC
2020-01-25 18:36:58,0.6,37.804,15.055,1.2,EtnaRCSC
2020-01-25 18:38:20,0.9,37.808,15.055,1.8,EtnaRCSC
2020-01-26 00:15:20,2.2,37.753,15.056,4.1,EtnaRCSC
2020-01-26 00:25:16,0.9,37.766,15.07,4.0,EtnaRCSC
2020-01-26 01:30:00,1.2,37.752,15.048,4.7,EtnaRCSC
2020-01-26 02:00:31,1.2,37.756,15.054,5.2,EtnaRCSC
2020-01-26 02:04:52,1.3,37.758,15.057,7.3,EtnaRCSC
2020-01-26 02:05:06,1.3,37.754,15.031,6.2,EtnaRCSC
2020-01-26 02:31:14,2.4,37.753,15.054,5.6,EtnaRCSC
2020-01-26 02:32:43,1.6,37.752,15.056,4.4,EtnaRCSC
2020-01-26 02:41:46,1.6,37.75,15.058,6.4,EtnaRCSC
2020-01-26 02:48:52,1.2,37.754,15.055,4.8,EtnaRCSC
2020-01-26 09:24:27,0.9,37.75,15.047,2.9,EtnaRCSC
2020-01-26 10:26:57,0.8,37.749,15.054,4.0,EtnaRCSC
2020-01-26 10:39:12,0.9,37.749,15.06,5.0,EtnaRCSC
2020-01-26 10:46:07,1.2,37.773,15.041,7.2,EtnaRCSC
2020-01-26 13:28:49,1.3,37.736,15.054,4.2,EtnaRCSC
2020-01-26 14:38:22,1.6,37.66,15.073,5.1,EtnaRCSC
2020-01-26 15:43:15,1.2,37.743,15.052,5.2,EtnaRCSC
2020-01-27 17:15:26,1.2,37.752,14.967,5.4,EtnaRCSC
2020-01-27 22:53:08,1.0,37.667,15.106,1.7,EtnaRCSC
2020-01-28 04:58:30,1.6,37.745,14.925,7.8,EtnaRCSC
2020-01-28 05:52:36,1.4,37.751,15.012,5.9,EtnaRCSC
2020-01-28 05:52:49,1.4,37.733,15.043,5.8,EtnaRCSC
2020-01-28 05:54:36,1.3,37.753,15.033,4.1,EtnaRCSC
2020-01-28 05:55:38,1.3,37.747,15.033,7.7,EtnaRCSC
2020-01-28 07:33:46,1.4,37.758,15.08,7.9,EtnaRCSC
2020-01-28 10:21:15,1.6,37.731,15.057,3.7,EtnaRCSC
2020-01-28 11:10:45,0.8,37.747,15.097,4.2,EtnaRCSC
2020-01-28 12:34:36,1.3,37.739,14.948,5.1,EtnaRCSC
2020-01-28 12:46:03,1.2,37.727,14.94,6.8,EtnaRCSC
2020-01-28 13:39:42,1.8,37.617,14.976,3.6,EtnaRCSC
2020-01-28 13:43:33,1.7,37.677,14.931,8.9,EtnaRCSC
2020-01-28 13:52:10,1.4,37.729,14.945,8.1,EtnaRCSC
2020-01-28 14:11:34,1.3,37.739,14.953,5.1,EtnaRCSC
2020-01-28 14:19:58,1.3,37.635,14.972,8.8,EtnaRCSC
2020-01-29 07:54:53,1.4,37.615,14.972,-0.1,EtnaRCSC
2020-01-29 22:53:26,1.2,37.728,14.98,5.1,EtnaRCSC
2020-01-30 12:37:31,1.1,37.725,14.958,2.3,EtnaRCSC
2020-01-30 20:56:58,0.9,37.745,15.059,2.9,EtnaRCSC
2020-01-30 21:06:37,1.3,37.727,15.047,3.0,EtnaRCSC
2020-01-31 23:45:18,1.1,37.744,15.034,5.0,EtnaRCSC
2020-02-01 00:01:05,1.1,37.69,14.991,5.8,EtnaRCSC
2020-02-01 13:29:38,1.0,37.746,15.053,3.1,EtnaRCSC
2020-02-01 20:22:06,1.5,37.747,15.044,5.0,EtnaRCSC
2020-02-01 21:38:26,1.7,37.759,15.025,4.2,EtnaRCSC
2020-02-02 00:07:22,1.2,37.758,15.026,7.4,EtnaRCSC
2020-02-02 00:21:59,1.2,37.754,15.027,6.9,EtnaRCSC
2020-02-02 06:00:49,1.3,37.748,15.018,8.7,EtnaRCSC
2020-02-02 06:01:02,1.2,37.749,15.026,8.3,EtnaRCSC
2020-02-02 14:50:11,1.2,37.739,14.943,-1.6,EtnaRCSC
2020-02-03 10:10:12,1.6,37.561,14.787,-1.6,EtnaRCSC
2020-02-03 11:23:40,1.0,37.743,14.904,1.8,EtnaRCSC
2020-02-03 14:15:17,1.0,37.757,15.03,3.2,EtnaRCSC
2020-02-04 01:28:20,1.0,37.742,15.058,5.6,EtnaRCSC
2020-02-04 01:31:40,1.1,37.735,15.055,5.3,EtnaRCSC
2020-02-04 07:30:53,1.6,37.625,14.987,8.8,EtnaRCSC
2020-02-04 09:27:35,2.0,37.707,14.969,10.4,EtnaRCSC
2020-02-04 12:03:19,1.2,37.736,14.822,8.0,EtnaRCSC
2020-02-04 12:45:26,1.9,37.663,15.249,6.1,EtnaRCSC
2020-02-04 14:18:07,1.3,37.686,15.241,-0.1,EtnaRCSC
2020-02-05 07:04:10,1.4,37.731,15.11,6.4,EtnaRCSC
2020-02-06 18:18:40,0.9,37.677,15.1,2.0,EtnaRCSC
2020-02-06 18:42:32,1.3,37.724,14.966,9.1,EtnaRCSC
2020-02-06 19:55:35,1.0,37.732,15.077,6.1,EtnaRCSC
2020-02-06 21:17:50,1.0,37.735,15.052,4.8,EtnaRCSC
2020-02-07 01:53:23,0.9,37.746,15.0,2.5,EtnaRCSC
2020-02-07 05:12:41,1.0,37.728,15.073,5.4,EtnaRCSC
2020-02-07 06:15:35,1.1,37.742,15.051,9.3,EtnaRCSC
2020-02-07 16:13:02,1.8,37.766,14.893,26.8,EtnaRCSC
2020-02-07 22:34:30,1.2,37.726,15.083,8.0,EtnaRCSC
2020-02-07 23:27:56,1.2,37.718,14.966,8.5,EtnaRCSC
2020-02-08 03:02:45,1.3,37.728,14.97,8.2,EtnaRCSC
2020-02-08 11:55:53,1.2,37.68,15.089,0.4,EtnaRCSC
2020-02-08 14:15:07,1.1,37.749,15.042,5.9,EtnaRCSC
2020-02-08 18:13:27,0.9,37.723,14.999,5.6,EtnaRCSC
2020-02-08 21:14:01,1.0,37.696,14.974,4.0,EtnaRCSC
2020-02-08 23:30:40,0.8,37.697,14.975,5.0,EtnaRCSC
2020-02-08 23:39:19,1.4,37.664,15.182,8.8,EtnaRCSC
2020-02-09 04:52:37,0.8,37.689,15.122,2.3,EtnaRCSC
2020-02-09 11:37:48,0.6,37.732,15.09,4.1,EtnaRCSC
2020-02-09 13:44:12,1.4,37.741,15.032,2.8,EtnaRCSC
2020-02-10 23:12:32,1.0,37.757,15.053,4.0,EtnaRCSC
2020-02-10 23:32:05,0.8,37.756,15.045,1.9,EtnaRCSC
2020-02-11 06:24:34,1.2,37.751,15.035,4.5,EtnaRCSC
2020-02-11 08:36:21,2.1,37.741,15.036,6.4,EtnaRCSC
2020-02-11 15:07:28,1.1,37.718,15.089,5.1,EtnaRCSC
2020-02-11 20:57:37,0.9,37.742,15.022,1.8,EtnaRCSC
2020-02-11 21:09:46,1.2,37.739,15.029,3.9,EtnaRCSC
2020-02-12 03:57:55,1.0,37.753,15.066,4.4,EtnaRCSC
2020-02-12 05:23:25,0.8,37.743,15.007,-1.2,EtnaRCSC
2020-02-12 07:19:45,1.1,37.747,15.052,3.8,EtnaRCSC
2020-02-12 14:24:38,1.2,37.709,15.091,12.0,EtnaRCSC
2020-02-12 23:46:47,0.7,37.75,14.848,1.1,EtnaRCSC
2020-02-13 00:11:07,1.5,37.75,14.834,3.7,EtnaRCSC
2020-02-13 00:21:08,1.0,37.756,14.839,3.2,EtnaRCSC
2020-02-13 09:17:34,0.8,37.746,15.003,-0.4,EtnaRCSC
2020-02-13 13:33:06,0.9,37.751,15.0,1.7,EtnaRCSC
2020-02-14 01:16:10,1.0,37.755,15.104,9.3,EtnaRCSC
2020-02-14 02:03:35,1.0,37.754,15.049,5.7,EtnaRCSC
2020-02-14 02:05:43,1.1,37.753,15.054,4.1,EtnaRCSC
2020-02-14 19:31:54,1.4,37.866,15.039,11.7,EtnaRCSC
2020-02-15 05:48:48,1.1,37.732,15.042,5.1,EtnaRCSC
2020-02-15 13:35:05,1.1,37.732,15.04,8.3,EtnaRCSC
2020-02-15 15:12:33,1.1,37.728,15.121,10.3,EtnaRCSC
2020-02-15 16:58:35,1.2,37.748,15.041,8.1,EtnaRCSC
2020-02-16 02:29:16,0.9,37.833,15.106,6.4,EtnaRCSC
2020-02-16 02:34:21,0.7,37.839,15.096,7.0,EtnaRCSC
2020-02-16 12:17:14,0.8,37.752,15.058,4.0,EtnaRCSC
2020-02-16 12:32:38,1.6,37.752,15.057,3.8,EtnaRCSC
2020-02-16 16:09:41,0.7,37.808,15.067,0.2,EtnaRCSC
2020-02-16 16:17:24,0.9,37.742,15.031,3.0,EtnaRCSC
2020-02-16 18:07:39,1.0,37.741,15.069,5.9,EtnaRCSC
2020-02-16 21:43:38,0.4,37.801,15.077,-1.6,EtnaRCSC
2020-02-17 01:16:06,0.7,37.748,15.101,3.6,EtnaRCSC
2020-02-17 03:44:58,1.0,37.751,15.051,5.4,EtnaRCSC
2020-02-17 13:25:56,1.0,37.731,15.071,4.1,EtnaRCSC
2020-02-17 13:58:24,1.7,37.711,15.123,6.3,EtnaRCSC
2020-02-17 16:21:09,0.9,37.754,15.052,3.4,EtnaRCSC
2020-02-17 19:40:32,0.5,37.799,15.066,-1.6,EtnaRCSC
2020-02-18 02:09:14,1.2,37.761,15.028,4.5,EtnaRCSC
2020-02-18 03:06:44,1.2,37.662,15.028,9.5,EtnaRCSC
2020-02-18 07:11:10,0.7,37.8,15.065,-1.6,EtnaRCSC
2020-02-18 09:53:26,1.2,37.752,15.03,7.3,EtnaRCSC
2020-02-18 13:28:19,1.1,37.709,15.014,4.7,EtnaRCSC
2020-02-18 13:57:50,1.0,37.74,15.049,3.3,EtnaRCSC
2020-02-18 14:17:07,1.0,37.747,15.027,5.9,EtnaRCSC
2020-02-18 14:25:43,1.0,37.743,15.033,5.6,EtnaRCSC
2020-02-18 15:05:26,0.6,37.661,15.007,-0.8,EtnaRCSC
2020-02-18 19:21:14,1.0,37.729,14.94,3.8,EtnaRCSC
2020-02-18 20:06:21,2.1,37.752,14.963,6.1,EtnaRCSC
2020-02-19 00:55:38,0.7,37.741,15.048,0.6,EtnaRCSC
2020-02-19 01:00:52,0.8,37.738,15.051,3.0,EtnaRCSC
2020-02-19 01:50:28,0.2,37.81,15.058,-0.2,EtnaRCSC
2020-02-19 12:24:29,0.7,37.785,15.116,0.8,EtnaRCSC
2020-02-19 15:26:33,1.4,37.775,15.111,15.0,EtnaRCSC
2020-02-19 16:17:25,1.4,37.62,14.891,-1.6,EtnaRCSC
2020-02-19 20:40:05,1.3,37.725,14.914,7.8,EtnaRCSC
2020-02-19 21:38:53,1.4,37.736,14.922,6.5,EtnaRCSC
2020-02-19 21:41:36,1.1,37.737,14.922,5.5,EtnaRCSC
2020-02-19 22:05:35,0.8,37.734,15.042,1.3,EtnaRCSC
2020-02-20 08:08:42,1.3,37.733,14.984,7.3,EtnaRCSC
2020-02-20 15:49:02,0.9,37.75,14.981,2.0,EtnaRCSC
2020-02-21 00:16:12,1.0,37.754,15.027,2.1,EtnaRCSC
2020-02-21 00:16:45,1.5,37.761,15.026,3.7,EtnaRCSC
2020-02-21 07:44:20,0.9,37.736,15.062,3.7,EtnaRCSC
2020-02-21 14:24:53,0.6,37.689,14.903,-1.1,EtnaRCSC
2020-02-21 14:37:21,1.0,37.642,14.942,1.8,EtnaRCSC
2020-02-22 16:44:10,1.3,37.754,15.032,4.2,EtnaRCSC
2020-02-23 00:57:56,1.1,37.723,15.041,2.5,EtnaRCSC
2020-02-23 00:59:58,1.1,37.735,15.04,5.1,EtnaRCSC
2020-02-23 03:10:41,1.4,37.748,15.103,12.2,EtnaRCSC
2020-02-23 04:08:17,1.2,37.72,14.952,5.5,EtnaRCSC
2020-02-24 00:41:34,0.6,37.761,15.11,3.9,EtnaRCSC
2020-02-24 16:01:56,1.3,37.714,15.138,7.9,EtnaRCSC
2020-02-25 00:54:06,0.9,37.707,15.024,5.0,EtnaRCSC
2020-02-25 05:36:29,1.2,37.726,15.128,8.8,EtnaRCSC
2020-02-25 15:39:37,1.2,37.747,15.022,3.2,EtnaRCSC
2020-02-25 15:49:03,1.6,37.721,15.031,13.6,EtnaRCSC
2020-02-25 20:12:11,1.1,37.744,15.047,6.0,EtnaRCSC
2020-02-26 02:11:11,0.9,37.755,15.125,12.3,EtnaRCSC
2020-02-26 12:03:32,1.1,37.736,15.062,8.1,EtnaRCSC
2020-02-27 19:43:25,1.1,37.733,15.077,4.2,EtnaRCSC
2020-02-27 19:45:22,0.9,37.733,15.073,4.4,EtnaRCSC
2020-02-28 20:21:05,1.2,37.7,15.063,0.9,EtnaRCSC
2020-02-29 05:41:48,1.2,37.729,14.938,5.4,EtnaRCSC
2020-02-29 14:20:11,0.5,37.803,15.053,-0.2,EtnaRCSC
2020-02-29 16:35:15,1.2,37.662,14.971,-1.5,EtnaRCSC
2020-02-29 18:44:32,1.0,37.73,15.048,5.4,EtnaRCSC
2020-03-01 05:23:12,0.7,37.806,15.063,0.2,EtnaRCSC
2020-03-01 05:27:23,0.9,37.804,15.064,0.0,EtnaRCSC
2020-03-01 16:49:41,1.1,37.745,15.019,0.5,EtnaRCSC
2020-03-01 16:49:56,1.0,37.747,15.031,4.4,EtnaRCSC
2020-03-01 23:58:01,1.0,37.741,15.026,1.8,EtnaRCSC
2020-03-02 01:28:37,0.4,37.672,14.927,2.2,EtnaRCSC
2020-03-02 03:55:29,0.9,37.721,14.994,4.4,EtnaRCSC
2020-03-02 04:42:04,1.1,37.746,15.054,3.8,EtnaRCSC
2020-03-02 05:57:20,0.9,37.735,15.062,4.3,EtnaRCSC
2020-03-02 06:01:23,1.2,37.729,15.125,9.0,EtnaRCSC
2020-03-02 16:45:19,1.5,37.733,15.057,2.3,EtnaRCSC
2020-03-03 00:15:53,1.0,37.746,15.04,4.1,EtnaRCSC
2020-03-03 01:06:19,1.0,37.611,14.874,6.2,EtnaRCSC
2020-03-03 03:40:11,1.0,37.748,15.023,3.9,EtnaRCSC
2020-03-03 04:57:21,1.5,37.749,15.028,5.2,EtnaRCSC
2020-03-03 16:32:24,1.4,37.756,15.119,3.0,EtnaRCSC
2020-03-03 21:09:41,0.7,37.753,15.064,2.2,EtnaRCSC
2020-03-05 00:04:47,1.0,37.745,15.022,4.5,EtnaRCSC
2020-03-05 05:08:50,1.1,37.731,15.047,4.9,EtnaRCSC
2020-03-05 18:47:28,0.9,37.745,15.04,2.4,EtnaRCSC
2020-03-06 00:57:49,2.0,37.742,15.039,4.0,EtnaRCSC
2020-03-06 00:58:25,1.3,37.739,15.045,4.5,EtnaRCSC
2020-03-06 04:42:13,1.0,37.794,14.936,6.5,EtnaRCSC
2020-03-06 08:16:22,1.6,37.594,14.937,9.4,EtnaRCSC
2020-03-06 08:37:36,1.0,37.661,14.921,6.3,EtnaRCSC
2020-03-06 13:06:22,2.0,37.615,14.947,2.4,EtnaRCSC
2020-03-06 13:44:32,1.3,37.622,14.91,8.3,EtnaRCSC
2020-03-06 21:33:30,0.6,37.738,15.056,-1.6,EtnaRCSC
2020-03-06 21:47:44,0.8,37.736,15.008,4.3,EtnaRCSC
2020-03-06 22:48:31,1.1,37.737,15.044,3.2,EtnaRCSC
2020-03-06 22:51:44,0.7,37.787,15.097,3.0,EtnaRCSC
2020-03-07 04:09:39,1.5,37.691,14.828,3.7,EtnaRCSC
2020-03-07 08:29:03,0.9,37.761,15.058,2.9,EtnaRCSC
2020-03-07 09:07:28,1.2,37.727,15.051,6.2,EtnaRCSC
2020-03-07 09:37:00,1.7,37.754,15.045,6.8,EtnaRCSC
2020-03-07 18:31:53,1.0,37.8,15.238,7.8,EtnaRCSC
2020-03-07 22:35:05,1.1,37.745,15.021,2.1,EtnaRCSC
2020-03-08 18:19:41,1.2,37.723,14.895,4.4,EtnaRCSC
2020-03-10 10:35:59,1.3,37.731,15.047,4.3,EtnaRCSC
2020-03-10 11:07:58,1.3,37.75,15.049,6.4,EtnaRCSC
2020-03-10 22:00:53,1.3,37.736,14.975,2.7,EtnaRCSC
2020-03-11 17:35:01,2.1,37.739,15.143,7.0,EtnaRCSC
2020-03-11 18:39:48,1.4,37.753,15.133,14.3,EtnaRCSC
2020-03-11 20:52:36,0.8,37.746,15.134,8.4,EtnaRCSC
2020-03-12 04:25:22,1.5,37.712,14.949,12.7,EtnaRCSC
2020-03-12 18:03:31,1.6,37.587,15.071,4.1,EtnaRCSC
2020-03-13 03:59:36,0.9,37.762,15.115,3.6,EtnaRCSC
2020-03-13 11:15:50,1.2,37.748,15.067,6.2,EtnaRCSC
2020-03-13 12:32:01,1.4,37.624,15.032,12.3,EtnaRCSC
2020-03-13 13:26:27,1.7,37.632,15.021,11.5,EtnaRCSC
2020-03-13 13:40:11,1.7,37.642,15.031,12.9,EtnaRCSC
2020-03-13 13:40:33,1.9,37.641,15.028,10.1,EtnaRCSC
2020-03-13 14:56:10,2.1,37.631,15.046,8.8,EtnaRCSC
2020-03-13 14:57:11,1.6,37.596,15.028,14.4,EtnaRCSC
2020-03-13 22:28:30,1.4,37.741,15.119,13.1,EtnaRCSC
2020-03-13 23:03:35,2.5,37.732,15.108,12.9,EtnaRCSC
2020-03-13 23:07:06,1.8,37.731,15.117,13.3,EtnaRCSC
2020-03-14 00:20:37,1.5,37.749,15.119,14.1,EtnaRCSC
2020-03-14 00:35:42,1.0,37.752,15.154,8.5,EtnaRCSC
2020-03-14 00:37:12,1.6,37.753,15.125,12.8,EtnaRCSC
2020-03-14 00:39:42,1.3,37.746,15.12,13.7,EtnaRCSC
2020-03-14 00:45:18,1.3,37.731,15.133,14.1,EtnaRCSC
2020-03-14 01:09:01,1.4,37.747,15.109,14.9,EtnaRCSC
2020-03-14 01:23:11,1.2,37.749,15.117,12.7,EtnaRCSC
2020-03-14 01:57:05,1.1,37.754,15.111,12.7,EtnaRCSC
2020-03-14 03:20:28,1.0,37.751,15.121,7.4,EtnaRCSC
2020-03-14 03:34:56,1.0,37.743,15.042,1.5,EtnaRCSC
2020-03-14 05:21:42,1.4,37.723,14.96,8.6,EtnaRCSC
2020-03-14 16:09:17,1.5,37.746,15.114,16.0,EtnaRCSC
2020-03-14 18:18:43,1.4,37.755,15.103,16.5,EtnaRCSC
2020-03-14 20:33:41,1.4,37.736,15.082,13.2,EtnaRCSC
2020-03-15 04:42:09,0.7,37.808,15.197,4.9,EtnaRCSC
2020-03-15 19:21:12,1.4,37.742,15.063,16.6,EtnaRCSC
2020-03-15 19:44:14,1.7,37.741,15.129,14.3,EtnaRCSC
2020-03-16 17:07:41,1.3,37.739,15.038,3.7,EtnaRCSC
2020-03-16 22:09:12,1.4,37.618,15.024,10.0,EtnaRCSC
2020-03-17 09:47:02,1.0,37.658,15.095,-1.3,EtnaRCSC
2020-03-17 11:14:32,2.1,37.667,15.091,-1.6,EtnaRCSC
2020-03-17 18:08:57,1.2,37.746,15.049,3.9,EtnaRCSC
2020-03-17 18:09:05,1.4,37.753,15.039,2.3,EtnaRCSC
2020-03-17 20:04:42,0.8,37.81,15.06,0.4,EtnaRCSC
2020-03-17 23:10:46,1.2,37.666,15.099,-0.2,EtnaRCSC
2020-03-17 23:55:50,0.9,37.743,15.116,4.1,EtnaRCSC
2020-03-18 01:27:45,1.3,37.753,15.037,4.9,EtnaRCSC
2020-03-18 04:08:43,1.4,37.605,15.023,13.7,EtnaRCSC
2020-03-18 19:52:26,1.4,37.76,15.078,8.5,EtnaRCSC
2020-03-18 20:31:09,1.6,37.728,14.956,9.1,EtnaRCSC
2020-03-18 21:55:24,1.3,37.648,14.949,7.3,EtnaRCSC
2020-03-18 21:57:12,1.1,37.677,14.956,6.6,EtnaRCSC
2020-03-19 15:14:47,1.3,37.74,15.087,7.6,EtnaRCSC
2020-03-20 04:11:17,1.1,37.749,15.059,4.2,EtnaRCSC
2020-03-20 07:48:14,1.3,37.681,14.988,4.0,EtnaRCSC
2020-03-20 08:49:11,1.2,37.66,15.102,1.5,EtnaRCSC
2020-03-20 21:32:12,1.4,37.743,15.026,5.9,EtnaRCSC
2020-03-20 21:38:12,1.3,37.746,15.039,7.4,EtnaRCSC
2020-03-20 22:26:41,1.4,37.732,15.022,7.3,EtnaRCSC
2020-03-21 22:30:32,1.2,37.751,15.008,0.0,EtnaRCSC
2020-03-22 00:27:25,1.4,37.747,15.025,5.5,EtnaRCSC
2020-03-22 04:59:57,1.1,37.751,15.014,0.1,EtnaRCSC
2020-03-22 06:08:58,1.3,37.74,15.092,4.5,EtnaRCSC
2020-03-22 10:10:09,2.5,37.74,15.053,4.1,EtnaRCSC
2020-03-22 10:32:12,3.4,37.737,15.058,3.8,EtnaRCSC
2020-03-22 10:33:31,1.6,37.72,15.034,3.9,EtnaRCSC
2020-03-22 10:42:23,1.3,37.729,15.058,4.1,EtnaRCSC
2020-03-22 11:10:56,1.3,37.732,15.058,4.0,EtnaRCSC
2020-03-22 11:21:06,1.3,37.731,15.055,2.7,EtnaRCSC
2020-03-22 11:21:28,1.4,37.732,15.05,3.3,EtnaRCSC
2020-03-22 11:55:22,1.2,37.747,15.082,4.4,EtnaRCSC
2020-03-22 11:57:21,0.9,37.761,15.115,4.8,EtnaRCSC
2020-03-22 12:43:02,1.1,37.725,15.055,3.8,EtnaRCSC
2020-03-22 12:43:20,1.5,37.734,15.049,3.3,EtnaRCSC
2020-03-22 13:31:07,0.8,37.736,15.048,10.6,EtnaRCSC
2020-03-22 13:40:12,1.4,37.733,15.054,4.2,EtnaRCSC
2020-03-22 14:07:09,1.6,37.734,15.057,4.3,EtnaRCSC
2020-03-22 17:32:55,1.5,37.676,15.004,9.0,EtnaRCSC
2020-03-22 21:11:00,1.4,37.75,15.02,4.2,EtnaRCSC
2020-03-23 02:00:20,0.8,37.814,15.074,-0.6,EtnaRCSC
2020-03-23 05:01:05,1.6,37.749,14.963,6.6,EtnaRCSC
2020-03-23 05:46:22,1.1,37.772,15.106,3.2,EtnaRCSC
2020-03-23 06:09:20,1.3,37.756,15.04,5.2,EtnaRCSC
2020-03-23 07:49:32,1.5,37.746,15.029,4.0,EtnaRCSC
2020-03-24 08:19:45,1.5,37.748,15.029,4.0,EtnaRCSC
2020-03-24 08:34:42,1.3,37.747,15.036,4.6,EtnaRCSC
2020-03-24 13:19:17,2.2,37.724,15.052,10.2,EtnaRCSC
2020-03-24 17:29:38,1.3,37.747,15.027,2.8,EtnaRCSC
2020-03-24 17:33:38,1.5,37.746,15.031,3.9,EtnaRCSC
2020-03-24 17:42:26,0.7,37.743,15.034,5.5,EtnaRCSC
2020-03-24 17:43:29,1.5,37.747,15.033,3.9,EtnaRCSC
2020-03-24 18:51:28,1.4,37.738,15.047,6.2,EtnaRCSC
2020-03-24 19:22:52,1.6,37.731,15.043,9.6,EtnaRCSC
2020-03-24 22:44:32,1.4,37.749,14.943,5.7,EtnaRCSC
2020-03-25 11:57:12,2.1,37.863,14.917,32.9,EtnaRCSC
2020-03-26 02:14:07,1.3,37.736,15.051,5.3,EtnaRCSC
2020-03-26 20:13:17,1.4,37.746,15.023,5.0,EtnaRCSC
2020-03-26 21:08:19,1.2,37.741,15.028,6.3,EtnaRCSC
2020-03-27 14:30:13,2.2,37.736,15.137,6.7,EtnaRCSC
2020-03-27 15:04:52,1.1,37.752,15.122,8.7,EtnaRCSC
2020-03-27 15:57:13,1.0,37.68,14.969,-0.1,EtnaRCSC
2020-03-27 15:57:16,1.5,37.686,14.968,0.2,EtnaRCSC
2020-03-27 19:20:25,1.2,37.739,15.038,4.8,EtnaRCSC
2020-03-27 23:24:20,1.2,37.729,15.037,8.1,EtnaRCSC
2020-03-28 21:47:29,1.3,37.755,15.032,5.3,EtnaRCSC
2020-03-29 09:41:24,1.1,37.753,15.055,4.2,EtnaRCSC
2020-03-29 11:22:10,1.3,37.739,14.943,6.2,EtnaRCSC
2020-03-29 11:41:20,1.2,37.72,14.942,11.6,EtnaRCSC
2020-03-29 11:48:02,1.3,37.668,14.99,12.2,EtnaRCSC
2020-03-29 11:49:14,1.8,37.577,14.979,19.6,EtnaRCSC
2020-03-29 11:50:01,1.3,37.699,14.946,9.5,EtnaRCSC
2020-03-29 11:55:08,1.2,37.715,14.931,8.8,EtnaRCSC
2020-03-29 12:15:31,1.3,37.686,14.984,12.1,EtnaRCSC
2020-03-29 12:16:21,1.4,37.673,14.99,15.3,EtnaRCSC
2020-03-29 12:24:20,1.3,37.698,14.946,9.8,EtnaRCSC
2020-03-29 12:42:12,1.4,37.676,14.982,13.3,EtnaRCSC
2020-03-29 13:00:05,1.4,37.694,14.95,12.2,EtnaRCSC
2020-03-29 14:08:43,1.6,37.696,14.972,10.1,EtnaRCSC
2020-03-29 14:15:53,1.5,37.678,14.987,11.5,EtnaRCSC
2020-03-29 14:16:28,1.5,37.685,14.976,10.8,EtnaRCSC
2020-03-29 14:17:33,1.7,37.693,14.969,9.9,EtnaRCSC
2020-03-29 14:17:50,1.6,37.678,14.979,9.7,EtnaRCSC
2020-03-29 14:21:09,1.4,37.696,14.985,10.0,EtnaRCSC
2020-03-29 14:43:45,1.4,37.681,14.984,11.8,EtnaRCSC
2020-03-29 14:43:55,1.6,37.68,14.974,11.3,EtnaRCSC
2020-03-29 15:30:48,1.5,37.7,14.975,10.1,EtnaRCSC
2020-03-29 16:06:54,2.3,37.704,14.958,10.1,EtnaRCSC
2020-03-29 16:07:47,1.9,37.7,14.961,10.6,EtnaRCSC
2020-03-29 16:15:39,1.9,37.706,14.966,9.8,EtnaRCSC
2020-03-29 16:40:22,1.4,37.686,14.995,14.7,EtnaRCSC
2020-03-29 16:51:23,1.7,37.703,14.963,10.5,EtnaRCSC
2020-03-29 17:14:02,1.9,37.695,14.957,10.6,EtnaRCSC
2020-03-29 21:14:47,1.6,37.655,14.969,19.8,EtnaRCSC
2020-03-30 00:53:33,0.9,37.751,14.92,3.4,EtnaRCSC
2020-03-30 05:55:36,0.5,37.812,15.073,0.3,EtnaRCSC
2020-03-30 10:42:48,1.3,37.737,15.027,6.1,EtnaRCSC
2020-03-30 10:44:37,1.2,37.717,15.032,6.8,EtnaRCSC
2020-03-30 23:15:39,1.0,37.718,15.105,5.8,EtnaRCSC
2020-03-30 23:24:26,1.5,37.69,14.977,13.7,EtnaRCSC
2020-03-31 02:19:40,1.4,37.877,14.999,20.0,EtnaRCSC
2020-03-31 16:44:04,1.1,37.741,15.047,3.8,EtnaRCSC
2020-03-31 20:44:28,1.5,37.551,15.088,14.2,EtnaRCSC
2020-03-31 21:54:48,1.8,37.802,14.871,31.8,EtnaRCSC
2020-04-01 01:57:15,0.9,37.738,15.047,2.1,EtnaRCSC
2020-04-01 02:21:21,1.3,37.753,15.01,0.4,EtnaRCSC
2020-04-01 21:58:25,1.2,37.745,15.051,3.7,EtnaRCSC
2020-04-01 22:12:45,1.1,37.727,14.961,5.0,EtnaRCSC
2020-04-02 01:42:28,0.8,37.676,14.934,0.0,EtnaRCSC
2020-04-02 09:08:09,1.7,37.642,14.929,19.7,EtnaRCSC
2020-04-03 08:25:51,1.4,37.739,15.06,4.0,EtnaRCSC
2020-04-04 06:52:09,1.2,37.695,15.094,4.2,EtnaRCSC
2020-04-05 23:46:16,1.1,37.741,15.034,4.4,EtnaRCSC
2020-04-06 11:22:19,1.1,37.752,15.041,3.5,EtnaRCSC
2020-04-06 16:47:19,1.5,37.713,15.081,4.4,EtnaRCSC
2020-04-06 16:47:46,1.2,37.714,15.082,3.9,EtnaRCSC
2020-04-06 17:26:52,1.2,37.752,14.954,7.7,EtnaRCSC
2020-04-06 17:58:46,1.2,37.716,15.086,4.0,EtnaRCSC
2020-04-06 23:02:36,1.2,37.713,15.025,4.4,EtnaRCSC
2020-04-06 23:03:42,1.1,37.732,15.02,2.0,EtnaRCSC
2020-04-07 02:19:16,1.2,37.666,15.208,3.5,EtnaRCSC
2020-04-08 18:37:42,0.9,37.757,15.06,1.6,EtnaRCSC
2020-04-08 18:38:02,1.0,37.742,15.052,3.3,EtnaRCSC
2020-04-09 13:23:58,1.3,37.735,15.031,4.1,EtnaRCSC
2020-04-11 01:45:07,1.4,37.715,14.932,-1.1,EtnaRCSC
2020-04-11 17:34:42,0.9,37.681,14.956,3.3,EtnaRCSC
2020-04-12 02:49:08,1.7,37.736,15.036,3.8,EtnaRCSC
2020-04-12 03:31:34,1.2,37.737,15.044,3.0,EtnaRCSC
2020-04-12 07:53:24,1.3,37.736,15.058,3.3,EtnaRCSC
2020-04-13 14:05:41,1.7,37.611,14.875,5.8,EtnaRCSC
2020-04-13 14:05:52,2.4,37.61,14.858,5.7,EtnaRCSC
2020-04-13 19:29:32,1.5,37.749,15.053,4.6,EtnaRCSC
2020-04-13 20:29:45,1.3,37.737,15.091,5.3,EtnaRCSC
2020-04-13 20:29:55,1.4,37.737,15.077,7.1,EtnaRCSC
2020-04-13 20:30:18,1.4,37.782,15.127,14.1,EtnaRCSC
2020-04-13 20:30:47,1.2,37.737,15.093,4.2,EtnaRCSC
2020-04-13 22:24:35,1.1,37.736,15.092,4.4,EtnaRCSC
2020-04-13 22:43:16,1.2,37.734,14.93,5.5,EtnaRCSC
2020-04-14 07:50:05,1.2,37.738,15.051,4.6,EtnaRCSC
2020-04-15 00:08:35,0.9,37.705,15.147,4.8,EtnaRCSC
2020-04-15 03:35:14,1.5,37.717,15.158,-1.1,EtnaRCSC
2020-04-15 11:09:33,0.9,37.76,15.037,2.0,EtnaRCSC
2020-04-15 16:53:52,1.0,37.751,15.028,3.5,EtnaRCSC
2020-04-15 17:17:28,0.9,37.697,14.984,2.6,EtnaRCSC
2020-04-16 00:45:06,0.8,37.736,15.105,4.4,EtnaRCSC
2020-04-16 02:23:26,0.8,37.72,14.981,1.6,EtnaRCSC
2020-04-16 05:11:43,1.6,37.737,14.981,3.7,EtnaRCSC
2020-04-16 13:05:44,1.6,37.725,14.937,4.7,EtnaRCSC
2020-04-16 17:30:57,1.0,37.755,15.011,0.5,EtnaRCSC
2020-04-17 14:34:42,2.0,37.717,14.929,8.0,EtnaRCSC
2020-04-17 23:39:43,1.4,37.745,14.95,5.0,EtnaRCSC
2020-04-18 00:21:21,1.5,37.731,15.055,5.7,EtnaRCSC
2020-04-18 14:34:41,1.1,37.755,15.043,9.7,EtnaRCSC
2020-04-18 17:08:22,1.8,37.631,15.191,9.4,EtnaRCSC
2020-04-18 17:14:18,1.2,37.614,15.222,13.6,EtnaRCSC
2020-04-18 21:49:27,1.2,37.661,15.221,9.9,EtnaRCSC
2020-04-20 01:09:27,1.0,37.745,15.02,6.0,EtnaRCSC
2020-04-20 11:40:49,1.0,37.743,15.04,3.0,EtnaRCSC
2020-04-20 18:40:21,1.1,37.74,15.087,6.6,EtnaRCSC
2020-04-21 01:55:09,2.2,37.591,14.884,19.3,EtnaRCSC
2020-04-21 21:34:35,1.4,37.702,15.027,6.2,EtnaRCSC
2020-04-22 01:16:33,0.8,37.683,15.086,2.2,EtnaRCSC
2020-04-22 04:20:52,2.0,37.744,15.043,3.1,EtnaRCSC
2020-04-22 07:55:28,1.0,37.75,15.041,1.8,EtnaRCSC
2020-04-22 08:50:00,1.1,37.747,15.04,2.4,EtnaRCSC
2020-04-22 11:15:22,1.1,37.745,15.054,2.1,EtnaRCSC
2020-04-23 12:45:47,1.6,37.759,15.128,8.0,EtnaRCSC
2020-04-23 16:30:19,1.2,37.752,15.117,7.5,EtnaRCSC
2020-04-24 02:06:33,1.1,37.764,15.106,5.1,EtnaRCSC
2020-04-24 02:21:20,1.1,37.774,15.121,3.5,EtnaRCSC
2020-04-24 18:17:54,2.1,37.78,14.981,21.9,EtnaRCSC
2020-04-24 19:50:43,1.5,37.73,15.002,6.6,EtnaRCSC
2020-04-25 07:27:42,1.3,37.75,15.039,5.6,EtnaRCSC
2020-04-25 16:00:36,1.4,37.746,14.928,5.3,EtnaRCSC
2020-04-25 16:25:51,1.2,37.747,14.928,4.2,EtnaRCSC
2020-04-25 22:53:24,1.1,37.741,15.081,6.3,EtnaRCSC
2020-04-26 04:49:21,1.1,37.747,15.058,4.0,EtnaRCSC
2020-04-26 17:21:42,1.7,37.891,14.993,28.1,EtnaRCSC
2020-04-26 17:31:38,1.9,37.891,15.0,28.0,EtnaRCSC
2020-04-26 19:24:06,1.4,37.788,15.057,8.4,EtnaRCSC
2020-04-26 20:34:50,1.1,37.777,15.068,5.0,EtnaRCSC
2020-04-26 20:47:43,1.2,37.757,15.062,5.9,EtnaRCSC
2020-04-28 03:27:18,1.2,37.732,15.112,5.9,EtnaRCSC
2020-04-28 06:51:00,1.4,37.703,14.846,3.3,EtnaRCSC
2020-04-28 07:00:32,1.8,37.704,14.846,1.8,EtnaRCSC
2020-04-28 07:07:20,1.3,37.7,14.836,3.5,EtnaRCSC
2020-04-30 05:19:24,1.6,37.717,14.973,8.7,EtnaRCSC
2020-05-02 05:27:20,1.2,37.667,15.076,-0.6,EtnaRCSC
2020-05-02 09:07:24,1.2,37.745,15.016,0.6,EtnaRCSC
2020-05-03 11:22:46,1.4,37.746,15.036,4.9,EtnaRCSC
2020-05-03 13:16:47,1.3,37.749,15.034,3.8,EtnaRCSC
2020-05-04 15:41:05,1.0,37.669,15.103,2.2,EtnaRCSC
2020-05-06 03:07:15,1.0,37.758,15.064,3.5,EtnaRCSC
2020-05-06 20:43:41,0.6,37.637,14.965,-1.6,EtnaRCSC
2020-05-06 21:04:47,1.3,37.65,14.978,-1.6,EtnaRCSC
2020-05-06 21:13:53,1.7,37.623,15.053,0.8,EtnaRCSC
2020-05-07 04:55:19,1.0,37.812,15.013,3.7,EtnaRCSC
2020-05-07 23:51:19,1.0,37.749,15.091,4.4,EtnaRCSC
2020-05-08 15:41:40,1.1,37.741,15.045,3.1,EtnaRCSC
2020-05-08 20:02:06,2.3,37.639,14.89,2.2,EtnaRCSC
2020-05-08 23:47:53,1.6,37.603,14.886,4.7,EtnaRCSC
2020-05-09 00:33:16,0.8,37.746,15.062,12.8,EtnaRCSC
2020-05-09 00:52:30,0.9,37.718,14.973,10.2,EtnaRCSC
2020-05-09 02:22:52,0.8,37.75,15.066,9.3,EtnaRCSC
2020-05-09 02:43:47,0.9,37.605,14.917,10.3,EtnaRCSC
2020-05-09 03:36:33,1.6,37.782,15.041,21.7,EtnaRCSC
2020-05-09 06:32:25,1.3,37.715,14.9,8.8,EtnaRCSC
2020-05-09 08:46:00,0.8,37.741,14.927,4.6,EtnaRCSC
2020-05-09 11:03:14,1.2,37.751,15.026,3.1,EtnaRCSC
2020-05-09 19:29:57,1.8,37.767,14.759,5.9,EtnaRCSC
2020-05-09 20:08:13,0.9,37.74,15.038,10.7,EtnaRCSC
2020-05-09 20:56:50,1.4,37.72,14.928,9.9,EtnaRCSC
2020-05-09 21:37:28,0.9,37.732,14.91,8.8,EtnaRCSC
2020-05-10 03:35:07,1.1,37.744,15.005,1.8,EtnaRCSC
2020-05-10 03:36:03,1.3,37.755,14.995,4.3,EtnaRCSC
2020-05-10 03:36:46,1.1,37.745,15.006,1.1,EtnaRCSC
2020-05-10 03:37:21,1.1,37.742,15.007,1.8,EtnaRCSC
2020-05-10 03:38:02,1.1,37.745,15.007,1.0,EtnaRCSC
2020-05-10 03:38:40,1.2,37.743,15.008,1.9,EtnaRCSC
2020-05-10 03:40:48,1.1,37.745,15.008,1.4,EtnaRCSC
2020-05-10 03:58:59,1.1,37.744,15.003,1.4,EtnaRCSC
2020-05-10 04:12:12,1.2,37.746,14.999,2.0,EtnaRCSC
2020-05-10 04:14:32,1.2,37.746,14.995,2.0,EtnaRCSC
2020-05-10 04:16:52,1.2,37.744,15.003,1.7,EtnaRCSC
2020-05-10 04:44:58,1.2,37.745,15.001,1.7,EtnaRCSC
2020-05-10 12:56:59,0.9,37.818,15.065,-0.9,EtnaRCSC
2020-05-10 21:32:31,0.8,37.675,14.933,2.7,EtnaRCSC
2020-05-10 22:25:39,0.6,37.763,15.104,3.6,EtnaRCSC
2020-05-10 22:26:19,0.8,37.762,15.105,4.0,EtnaRCSC
2020-05-10 23:19:44,0.9,37.68,15.108,3.6,EtnaRCSC
2020-05-11 00:06:06,1.1,37.696,14.983,4.9,EtnaRCSC
2020-05-11 00:57:31,1.0,37.684,14.999,2.3,EtnaRCSC
2020-05-11 03:37:34,1.1,37.713,15.072,4.6,EtnaRCSC
2020-05-11 10:48:35,1.1,37.755,15.019,5.7,EtnaRCSC
2020-05-11 17:44:53,1.3,37.737,15.068,10.5,EtnaRCSC
2020-05-12 08:17:26,1.6,37.616,14.898,12.0,EtnaRCSC
2020-05-12 16:58:01,1.2,37.742,15.059,6.5,EtnaRCSC
2020-05-12 23:14:35,0.8,37.667,14.947,2.4,EtnaRCSC
2020-05-13 18:34:53,1.4,37.746,15.026,5.2,EtnaRCSC
2020-05-14 13:43:49,1.2,37.662,15.074,3.7,EtnaRCSC
2020-05-14 22:53:08,1.2,37.739,15.09,7.1,EtnaRCSC
2020-05-15 01:03:49,1.1,37.737,15.086,8.2,EtnaRCSC
2020-05-15 08:27:33,1.2,37.743,15.056,3.7,EtnaRCSC
2020-05-15 08:27:59,1.2,37.724,15.065,5.8,EtnaRCSC
2020-05-15 21:33:22,1.8,37.742,15.05,4.7,EtnaRCSC
2020-05-16 02:45:53,1.1,37.741,14.976,3.6,EtnaRCSC
2020-05-17 10:27:50,1.4,37.7,14.984,12.7,EtnaRCSC
2020-05-17 12:39:42,1.2,37.739,15.034,7.8,EtnaRCSC
2020-05-17 16:31:19,1.1,37.732,15.07,8.1,EtnaRCSC
2020-05-17 17:47:21,2.1,37.74,15.064,4.7,EtnaRCSC
2020-05-17 17:47:53,2.0,37.74,15.065,3.7,EtnaRCSC
2020-05-17 17:49:55,1.6,37.74,15.066,4.4,EtnaRCSC
2020-05-17 17:50:28,1.0,37.737,15.062,3.7,EtnaRCSC
2020-05-17 17:50:58,1.0,37.728,15.075,6.2,EtnaRCSC
2020-05-17 18:54:18,1.4,37.74,15.058,3.2,EtnaRCSC
2020-05-17 18:55:04,1.9,37.739,15.065,4.5,EtnaRCSC
2020-05-17 18:56:06,1.3,37.716,15.107,7.2,EtnaRCSC
2020-05-17 19:38:29,0.9,37.743,15.071,3.9,EtnaRCSC
2020-05-17 20:40:08,1.0,37.738,15.068,4.8,EtnaRCSC
2020-05-17 21:02:13,0.8,37.742,15.073,3.6,EtnaRCSC
2020-05-17 21:32:31,1.3,37.837,15.198,18.8,EtnaRCSC
2020-05-17 22:12:36,1.1,37.736,15.067,5.9,EtnaRCSC
2020-05-17 22:24:12,1.0,37.735,15.073,5.1,EtnaRCSC
2020-05-17 22:25:18,0.9,37.741,15.06,4.3,EtnaRCSC
2020-05-17 22:45:18,2.2,37.742,15.066,4.5,EtnaRCSC
2020-05-17 22:46:59,1.5,37.745,15.063,2.5,EtnaRCSC
2020-05-17 23:13:41,0.9,37.754,15.066,4.8,EtnaRCSC
2020-05-18 21:58:26,1.0,37.751,15.047,7.1,EtnaRCSC
2020-05-19 02:47:19,1.0,37.782,15.217,7.7,EtnaRCSC
2020-05-19 05:40:50,0.9,37.732,15.078,5.8,EtnaRCSC
2020-05-19 17:42:15,1.1,37.747,15.075,7.8,EtnaRCSC
2020-05-19 20:10:37,0.9,37.751,14.842,2.0,EtnaRCSC
2020-05-19 23:14:55,1.3,37.691,15.093,4.1,EtnaRCSC
2020-05-20 02:04:54,1.9,37.747,15.066,3.8,EtnaRCSC
2020-05-20 02:09:28,1.4,37.743,15.061,3.5,EtnaRCSC
2020-05-20 04:48:21,1.7,37.731,14.918,7.5,EtnaRCSC
2020-05-20 14:46:27,1.1,37.718,15.053,2.7,EtnaRCSC
2020-05-20 14:47:27,1.1,37.722,15.057,3.0,EtnaRCSC
2020-05-21 04:10:38,1.6,37.772,14.914,14.2,EtnaRCSC
2020-05-22 10:33:10,1.7,37.634,14.882,7.0,EtnaRCSC
2020-05-23 01:00:22,0.8,37.677,14.938,4.3,EtnaRCSC
2020-05-24 11:57:02,1.5,37.753,14.979,5.7,EtnaRCSC
2020-05-24 18:17:32,1.3,37.745,15.077,4.2,EtnaRCSC
2020-05-24 18:21:05,1.1,37.753,15.128,8.7,EtnaRCSC
2020-05-24 18:22:41,1.2,37.75,15.125,9.3,EtnaRCSC
2020-05-24 18:23:33,1.3,37.738,15.086,5.0,EtnaRCSC
2020-05-24 18:24:00,1.2,37.741,15.092,5.0,EtnaRCSC
2020-05-24 18:25:54,1.1,37.736,15.097,5.5,EtnaRCSC
2020-05-25 12:22:10,1.1,37.737,15.058,3.6,EtnaRCSC
2020-05-25 12:39:26,1.1,37.754,15.009,0.8,EtnaRCSC
2020-05-25 21:11:21,0.8,37.679,14.941,-1.1,EtnaRCSC
2020-05-26 00:44:15,1.0,37.722,15.123,1.9,EtnaRCSC
2020-05-27 07:03:16,1.0,37.655,15.133,-0.4,EtnaRCSC
2020-05-27 18:08:54,1.4,37.737,15.022,7.4,EtnaRCSC
2020-05-27 18:13:53,1.9,37.745,14.797,7.2,EtnaRCSC
2020-05-27 18:44:11,1.5,37.749,14.764,10.2,EtnaRCSC
2020-05-27 19:23:23,1.8,37.75,14.739,10.1,EtnaRCSC
2020-05-27 21:09:12,1.0,37.795,15.136,1.6,EtnaRCSC
2020-05-27 21:21:13,3.0,37.749,14.77,10.7,EtnaRCSC
2020-05-27 21:23:28,1.5,37.752,14.749,8.6,EtnaRCSC
2020-05-27 21:27:35,1.7,37.756,14.756,9.6,EtnaRCSC
2020-05-27 21:28:00,1.7,37.75,14.751,14.4,EtnaRCSC
2020-05-27 21:31:41,1.8,37.751,14.731,9.8,EtnaRCSC
2020-05-27 21:55:49,1.9,37.744,14.737,15.1,EtnaRCSC
2020-05-27 22:12:26,1.9,37.733,14.734,14.5,EtnaRCSC
2020-05-27 22:32:43,1.5,37.739,14.752,11.9,EtnaRCSC
2020-05-27 23:45:57,1.1,37.751,14.996,-0.4,EtnaRCSC
2020-05-28 03:22:22,1.4,37.747,15.095,6.5,EtnaRCSC
2020-05-28 05:56:51,2.7,37.722,14.736,17.9,EtnaRCSC
2020-05-28 06:30:21,1.5,37.733,14.777,9.6,EtnaRCSC
2020-05-28 17:59:54,1.2,37.728,15.107,3.9,EtnaRCSC
2020-05-28 22:18:31,1.0,37.727,15.1,2.1,EtnaRCSC
2020-05-29 03:59:48,1.3,37.731,15.037,3.0,EtnaRCSC
2020-05-29 10:21:49,1.4,37.709,15.152,8.3,EtnaRCSC
2020-05-29 11:34:49,1.3,37.82,14.968,16.9,EtnaRCSC
2020-05-29 13:11:55,1.3,37.752,15.022,3.1,EtnaRCSC
2020-05-29 13:12:34,1.6,37.745,15.029,6.2,EtnaRCSC
2020-05-29 13:13:12,1.5,37.76,15.024,8.6,EtnaRCSC
2020-05-29 13:36:37,2.3,37.749,15.008,16.1,EtnaRCSC
2020-05-29 13:59:08,1.6,37.732,15.041,11.0,EtnaRCSC
2020-05-29 16:30:53,1.7,37.733,15.063,5.2,EtnaRCSC
2020-05-31 21:17:49,1.1,37.747,15.121,6.5,EtnaRCSC
2020-05-31 21:39:35,1.3,37.749,15.052,2.6,EtnaRCSC
2020-06-01 00:52:33,1.0,37.739,14.97,2.1,EtnaRCSC
2020-06-02 02:45:16,1.5,37.717,14.951,9.4,EtnaRCSC
2020-06-02 03:14:20,1.6,37.719,14.957,9.2,EtnaRCSC
2020-06-02 03:18:00,1.6,37.7,14.916,13.6,EtnaRCSC
2020-06-02 14:02:17,1.4,37.748,15.077,7.8,EtnaRCSC
2020-06-02 20:15:20,1.1,37.727,15.15,9.7,EtnaRCSC
2020-06-02 20:48:25,1.3,37.741,15.138,10.5,EtnaRCSC
2020-06-02 21:52:13,1.5,37.631,15.036,11.3,EtnaRCSC
2020-06-03 04:29:55,1.2,37.68,15.004,5.9,EtnaRCSC
2020-06-03 06:48:18,1.5,37.733,15.033,10.5,EtnaRCSC
2020-06-03 13:21:16,1.3,37.719,15.08,4.9,EtnaRCSC
2020-06-03 18:14:05,1.2,37.721,14.939,2.4,EtnaRCSC
2020-06-03 20:54:45,1.6,37.782,15.107,9.0,EtnaRCSC
2020-06-04 09:45:13,1.7,37.744,15.069,14.0,EtnaRCSC
2020-06-04 19:52:34,1.6,37.733,15.07,2.3,EtnaRCSC
2020-06-04 19:56:17,1.1,37.733,15.068,3.1,EtnaRCSC
2020-06-05 01:22:19,0.9,37.645,14.97,-1.6,EtnaRCSC
2020-06-06 15:14:22,1.2,37.705,15.13,8.6,EtnaRCSC
2020-06-06 23:59:43,1.0,37.736,15.05,2.3,EtnaRCSC
2020-06-07 00:01:13,1.7,37.738,15.039,4.3,EtnaRCSC
2020-06-07 02:18:41,1.1,37.553,14.92,0.5,EtnaRCSC
2020-06-07 04:25:18,1.1,37.641,14.928,4.2,EtnaRCSC
2020-06-07 08:25:40,1.5,37.709,15.024,5.5,EtnaRCSC
2020-06-07 08:57:28,1.6,37.752,15.056,4.0,EtnaRCSC
2020-06-07 14:27:08,1.5,37.597,14.886,4.7,EtnaRCSC
2020-06-08 04:01:31,1.4,37.695,14.995,5.2,EtnaRCSC
2020-06-08 10:29:24,1.5,37.756,15.03,6.4,EtnaRCSC
2020-06-09 20:43:53,1.9,37.643,14.964,4.5,EtnaRCSC
2020-06-10 00:13:31,2.3,37.733,14.718,15.6,EtnaRCSC
2020-06-10 03:59:32,1.2,37.752,15.08,4.3,EtnaRCSC
2020-06-10 16:37:41,1.1,37.752,14.997,0.4,EtnaRCSC
2020-06-10 22:33:58,1.6,37.725,14.867,7.1,EtnaRCSC
2020-06-11 01:03:29,1.3,37.724,14.871,-1.6,EtnaRCSC
2020-06-11 11:24:18,1.5,37.809,15.182,8.7,EtnaRCSC
2020-06-11 18:46:20,1.9,37.634,14.947,7.8,EtnaRCSC
2020-06-13 10:36:00,1.4,37.743,15.036,5.6,EtnaRCSC
2020-06-13 13:38:48,0.9,37.762,15.045,1.3,EtnaRCSC
2020-06-14 04:10:40,1.6,37.729,15.037,8.9,EtnaRCSC
2020-06-15 12:36:50,1.4,37.746,15.07,4.9,EtnaRCSC
2020-06-16 00:44:00,1.6,37.839,14.818,11.4,EtnaRCSC
2020-06-16 16:37:47,1.7,37.697,15.095,10.1,EtnaRCSC
2020-06-16 18:16:53,1.6,37.697,15.166,13.9,EtnaRCSC
2020-06-16 18:19:17,1.8,37.755,15.132,7.2,EtnaRCSC
2020-06-16 20:35:03,1.7,37.735,14.968,5.4,EtnaRCSC
2020-06-18 08:56:07,1.3,37.748,14.996,0.5,EtnaRCSC
2020-06-18 13:54:20,1.3,37.751,15.101,4.1,EtnaRCSC
2020-06-18 15:00:02,1.2,37.72,14.834,2.6,EtnaRCSC
2020-06-18 15:03:57,1.8,37.715,14.824,2.0,EtnaRCSC
2020-06-18 19:25:09,1.0,37.694,15.097,3.3,EtnaRCSC
2020-06-19 05:01:57,1.4,37.745,15.055,3.6,EtnaRCSC
2020-06-19 11:11:22,2.2,37.801,14.931,29.8,EtnaRCSC
2020-06-19 11:45:13,1.6,37.763,15.121,7.8,EtnaRCSC
2020-06-19 14:48:09,1.8,37.897,15.024,13.4,EtnaRCSC
2020-06-19 16:20:13,1.8,37.868,15.027,10.4,EtnaRCSC
2020-06-19 20:25:03,1.1,37.744,15.095,3.8,EtnaRCSC
2020-06-20 00:29:03,0.9,37.872,15.028,11.5,EtnaRCSC
2020-06-20 11:24:06,1.5,37.732,15.04,5.7,EtnaRCSC
2020-06-20 17:06:08,1.2,37.724,15.105,4.0,EtnaRCSC
2020-06-21 14:06:36,1.3,37.746,15.042,4.1,EtnaRCSC
2020-06-21 18:07:15,2.8,37.747,14.799,22.3,EtnaRCSC
2020-06-21 18:50:32,1.8,37.77,14.805,16.3,EtnaRCSC
2020-06-21 20:09:47,1.5,37.766,14.826,24.7,EtnaRCSC
2020-06-21 20:17:04,2.5,37.741,14.807,21.1,EtnaRCSC
2020-06-21 20:23:55,2.4,37.77,14.779,19.7,EtnaRCSC
2020-06-21 20:27:12,1.5,37.772,14.809,24.4,EtnaRCSC
2020-06-21 21:25:23,2.9,37.752,14.811,22.9,EtnaRCSC
2020-06-21 21:28:39,1.6,37.764,14.78,20.6,EtnaRCSC
2020-06-21 22:51:09,2.0,37.764,14.811,19.4,EtnaRCSC
2020-06-21 23:29:28,1.5,37.755,14.818,24.1,EtnaRCSC
2020-06-21 23:54:16,1.5,37.742,14.822,27.0,EtnaRCSC
2020-06-22 00:36:16,2.1,37.756,14.779,24.0,EtnaRCSC
2020-06-23 13:07:05,0.8,37.696,14.972,-0.3,EtnaRCSC
2020-06-24 00:08:05,1.1,37.844,15.17,18.4,EtnaRCSC
2020-06-24 03:27:57,1.1,37.843,15.154,17.8,EtnaRCSC
2020-06-24 03:35:22,1.0,37.841,15.14,17.8,EtnaRCSC
2020-06-24 05:28:19,1.2,37.842,15.183,19.3,EtnaRCSC
2020-06-24 12:47:52,1.8,37.743,15.037,6.3,EtnaRCSC
2020-06-24 12:48:38,2.0,37.738,15.032,7.5,EtnaRCSC
2020-06-24 12:50:20,1.5,37.742,15.029,5.5,EtnaRCSC
2020-06-24 12:50:28,1.6,37.737,15.02,6.4,EtnaRCSC
2020-06-24 12:50:59,1.7,37.738,15.033,6.8,EtnaRCSC
2020-06-25 13:49:22,1.3,37.689,14.953,4.1,EtnaRCSC
2020-06-25 15:28:29,1.8,37.833,15.001,11.3,EtnaRCSC
2020-06-25 17:06:42,1.7,37.83,14.998,12.8,EtnaRCSC
2020-06-25 17:13:45,1.1,37.834,15.007,6.9,EtnaRCSC
2020-06-26 10:37:47,1.4,37.745,15.002,2.0,EtnaRCSC
2020-06-26 23:07:09,1.0,37.754,15.092,2.8,EtnaRCSC
2020-06-27 13:08:30,1.3,37.749,15.031,4.8,EtnaRCSC
2020-06-27 16:02:04,2.1,37.687,14.871,21.2,EtnaRCSC
2020-06-27 16:35:18,2.7,37.742,14.786,11.4,EtnaRCSC
2020-06-27 18:23:03,1.3,37.669,14.955,5.0,EtnaRCSC
2020-06-28 09:48:19,1.4,37.717,14.943,5.9,EtnaRCSC
2020-06-28 12:48:36,1.4,37.735,15.039,5.3,EtnaRCSC
2020-06-28 12:49:30,1.4,37.741,15.036,3.6,EtnaRCSC
2020-06-28 15:05:03,1.4,37.749,15.129,7.0,EtnaRCSC
2020-06-28 18:23:11,1.5,37.854,15.034,11.9,EtnaRCSC
2020-06-28 20:40:54,1.3,37.846,15.04,13.1,EtnaRCSC
2020-06-28 21:22:08,1.1,37.848,15.036,10.8,EtnaRCSC
2020-06-28 22:14:20,0.9,37.848,15.034,10.8,EtnaRCSC
2020-06-28 22:21:18,1.3,37.847,15.034,10.6,EtnaRCSC
2020-06-28 22:26:16,1.1,37.86,15.028,10.0,EtnaRCSC
2020-06-29 07:48:56,1.5,37.745,15.033,5.0,EtnaRCSC
2020-06-29 08:05:38,1.4,37.717,15.139,4.0,EtnaRCSC
2020-06-29 18:08:05,1.3,37.737,15.117,5.1,EtnaRCSC
2020-06-29 18:44:10,1.7,37.738,15.112,5.5,EtnaRCSC
2020-06-30 07:55:32,2.0,37.69,15.063,4.7,EtnaRCSC
2020-07-02 13:44:26,1.4,37.738,15.061,3.5,EtnaRCSC
2020-07-02 18:15:05,1.5,37.743,15.026,4.1,EtnaRCSC
2020-07-02 18:16:46,1.3,37.74,15.033,3.1,EtnaRCSC
2020-07-03 00:01:26,1.2,37.749,15.003,1.0,EtnaRCSC
2020-07-03 04:02:30,1.1,37.745,15.144,6.2,EtnaRCSC
2020-07-03 12:03:08,1.3,37.739,15.018,6.4,EtnaRCSC
2020-07-03 14:29:24,1.3,37.742,15.028,5.1,EtnaRCSC
2020-07-03 21:04:42,1.2,37.741,15.118,6.9,EtnaRCSC
2020-07-03 23:48:11,2.0,37.73,14.73,19.7,EtnaRCSC
2020-07-04 00:31:19,1.7,37.683,14.741,17.4,EtnaRCSC
2020-07-04 00:32:57,1.8,37.748,14.709,8.6,EtnaRCSC
2020-07-04 09:21:00,1.6,37.703,15.016,11.7,EtnaRCSC
2020-07-04 09:23:03,1.6,37.711,15.015,10.9,EtnaRCSC
2020-07-04 09:24:11,1.6,37.725,15.034,9.8,EtnaRCSC
2020-07-04 09:25:49,1.5,37.708,15.025,10.3,EtnaRCSC
2020-07-04 20:36:19,1.6,37.755,15.01,-0.5,EtnaRCSC
2020-07-04 20:45:58,1.5,37.753,15.006,0.8,EtnaRCSC
2020-07-04 20:55:55,1.2,37.753,15.01,1.8,EtnaRCSC
2020-07-05 02:52:18,1.3,37.749,15.019,3.6,EtnaRCSC
2020-07-05 06:54:09,1.4,37.743,15.02,6.4,EtnaRCSC
2020-07-05 11:58:17,2.2,37.85,14.836,28.3,EtnaRCSC
2020-07-05 15:29:46,2.1,37.831,14.869,26.1,EtnaRCSC
2020-07-05 15:54:01,2.0,37.804,14.877,21.9,EtnaRCSC
2020-07-05 17:33:16,1.2,37.75,15.004,0.9,EtnaRCSC
2020-07-06 04:55:22,1.3,37.73,15.072,4.2,EtnaRCSC
2020-07-06 06:18:42,1.1,37.741,15.055,2.2,EtnaRCSC
2020-07-06 08:29:38,1.3,37.738,15.089,6.0,EtnaRCSC
2020-07-06 09:18:35,1.1,37.733,15.06,2.0,EtnaRCSC
2020-07-06 11:26:03,1.6,37.74,15.064,4.6,EtnaRCSC
2020-07-06 11:28:06,1.2,37.735,15.064,3.8,EtnaRCSC
2020-07-06 16:04:15,1.8,37.737,15.061,3.7,EtnaRCSC
2020-07-06 16:04:42,1.2,37.741,15.073,2.4,EtnaRCSC
2020-07-06 19:58:06,1.3,37.738,15.059,3.5,EtnaRCSC
2020-07-06 23:19:28,1.0,37.742,15.064,2.3,EtnaRCSC
2020-07-07 01:43:14,1.3,37.643,14.909,11.1,EtnaRCSC
2020-07-07 01:55:34,1.4,37.648,14.92,9.5,EtnaRCSC
2020-07-07 17:51:28,1.4,37.743,15.027,1.8,EtnaRCSC
2020-07-07 17:51:37,1.4,37.725,15.054,5.8,EtnaRCSC
2020-07-08 13:18:15,1.4,37.751,15.038,6.5,EtnaRCSC
2020-07-08 16:24:34,1.1,37.754,15.128,4.1,EtnaRCSC
2020-07-09 02:57:39,1.0,37.739,15.093,3.9,EtnaRCSC
2020-07-09 05:40:51,1.8,37.748,15.029,5.2,EtnaRCSC
2020-07-09 05:41:33,1.3,37.746,15.031,7.3,EtnaRCSC
2020-07-09 05:41:44,1.3,37.744,15.025,6.0,EtnaRCSC
2020-07-09 05:42:31,1.2,37.744,15.017,5.0,EtnaRCSC
2020-07-09 05:44:16,1.3,37.743,15.026,7.3,EtnaRCSC
2020-07-09 07:32:18,1.1,37.657,14.957,4.3,EtnaRCSC
2020-07-09 09:11:35,1.2,37.738,15.03,3.0,EtnaRCSC
2020-07-10 04:28:59,1.5,37.73,14.966,10.0,EtnaRCSC
2020-07-10 13:19:46,1.4,37.741,15.054,8.7,EtnaRCSC
2020-07-11 16:15:44,2.0,37.787,14.944,26.6,EtnaRCSC
2020-07-12 09:27:49,1.4,37.729,15.062,10.1,EtnaRCSC
2020-07-12 09:29:08,1.4,37.745,15.037,9.4,EtnaRCSC
2020-07-12 19:24:16,1.2,37.653,15.099,0.9,EtnaRCSC
2020-07-12 19:54:27,0.9,37.655,15.093,1.9,EtnaRCSC
2020-07-12 22:16:52,1.1,37.661,15.095,1.7,EtnaRCSC
2020-07-13 10:20:13,1.3,37.719,15.008,4.9,EtnaRCSC
2020-07-13 12:35:38,1.7,37.736,14.873,4.5,EtnaRCSC
2020-07-13 21:49:50,1.0,37.756,15.012,0.8,EtnaRCSC
2020-07-14 18:53:08,1.2,37.765,15.111,5.9,EtnaRCSC
2020-07-15 05:40:09,3.1,37.624,14.947,-1.5,EtnaRCSC
2020-07-15 06:13:41,2.2,37.534,14.975,7.2,EtnaRCSC
2020-07-16 04:01:08,1.2,37.711,15.006,2.4,EtnaRCSC
2020-07-16 06:28:20,2.5,37.881,14.863,28.3,EtnaRCSC
2020-07-16 14:01:15,1.1,37.753,15.005,0.7,EtnaRCSC
2020-07-16 14:32:01,1.7,37.804,14.879,27.4,EtnaRCSC
2020-07-16 21:34:07,1.3,37.74,15.002,1.4,EtnaRCSC
2020-07-17 19:33:46,2.6,37.763,15.044,5.2,EtnaRCSC
2020-07-17 19:47:56,1.5,37.747,15.049,6.3,EtnaRCSC
2020-07-17 23:59:35,1.7,37.847,14.876,20.3,EtnaRCSC
2020-07-18 03:45:26,1.4,37.736,14.995,8.9,EtnaRCSC
2020-07-18 04:26:18,1.4,37.733,14.965,5.4,EtnaRCSC
2020-07-18 07:14:46,1.5,37.772,15.101,14.6,EtnaRCSC
2020-07-18 07:36:09,1.4,37.745,15.028,5.2,EtnaRCSC
2020-07-18 08:45:16,1.2,37.744,15.031,3.8,EtnaRCSC
2020-07-18 19:04:06,1.2,37.732,15.042,5.0,EtnaRCSC
2020-07-18 20:53:43,1.3,37.743,15.012,4.9,EtnaRCSC
2020-07-19 00:14:31,1.1,37.737,15.058,1.9,EtnaRCSC
2020-07-19 01:42:02,1.1,37.664,14.952,3.6,EtnaRCSC
2020-07-19 02:36:45,1.5,37.817,15.061,-0.8,EtnaRCSC
2020-07-19 02:46:53,1.7,37.817,15.06,-0.7,EtnaRCSC
2020-07-19 11:59:46,1.4,37.733,15.035,5.9,EtnaRCSC
2020-07-19 23:51:41,2.0,37.74,15.04,5.4,EtnaRCSC
2020-07-20 00:04:29,1.2,37.733,15.068,7.2,EtnaRCSC
2020-07-20 05:02:43,1.3,37.742,15.035,3.2,EtnaRCSC
2020-07-20 07:36:13,1.4,37.747,15.033,5.0,EtnaRCSC
2020-07-20 09:54:54,1.1,37.754,15.016,-0.1,EtnaRCSC
2020-07-20 11:56:06,1.6,37.745,15.042,6.8,EtnaRCSC
2020-07-20 14:52:59,1.5,37.722,14.961,8.8,EtnaRCSC
2020-07-20 14:53:15,1.6,37.713,14.959,8.8,EtnaRCSC
2020-07-20 14:55:10,1.5,37.712,14.957,8.4,EtnaRCSC
2020-07-20 14:55:17,1.7,37.705,14.96,10.0,EtnaRCSC
2020-07-20 15:01:21,1.7,37.716,14.964,8.8,EtnaRCSC
2020-07-20 22:38:00,1.1,37.724,15.045,5.7,EtnaRCSC
2020-07-20 23:25:36,1.4,37.682,15.03,6.1,EtnaRCSC
2020-07-21 00:15:08,1.0,37.752,15.026,3.4,EtnaRCSC
2020-07-21 00:25:07,2.0,37.59,14.975,-0.7,EtnaRCSC
2020-07-21 00:45:22,1.9,37.595,14.963,0.8,EtnaRCSC
2020-07-21 01:24:07,1.7,37.62,14.955,-0.2,EtnaRCSC
2020-07-21 02:21:25,1.1,37.763,15.004,1.5,EtnaRCSC
2020-07-21 08:33:49,1.6,37.74,15.065,5.9,EtnaRCSC
2020-07-21 08:36:05,1.3,37.726,15.067,9.8,EtnaRCSC
2020-07-21 08:50:10,1.0,37.75,15.003,2.9,EtnaRCSC
2020-07-21 09:10:37,1.2,37.729,15.019,6.9,EtnaRCSC
2020-07-21 09:40:31,1.6,37.583,14.971,-1.1,EtnaRCSC
2020-07-21 10:01:00,1.6,37.674,15.129,8.9,EtnaRCSC
2020-07-21 10:04:09,1.1,37.719,15.075,6.4,EtnaRCSC
2020-07-21 10:05:24,1.1,37.737,15.063,4.1,EtnaRCSC
2020-07-21 10:52:52,1.4,37.749,15.049,8.9,EtnaRCSC
2020-07-21 18:58:59,1.3,37.722,15.011,7.0,EtnaRCSC
2020-07-22 06:21:23,1.3,37.705,14.861,7.2,EtnaRCSC
2020-07-22 10:46:36,1.4,37.666,15.092,7.3,EtnaRCSC
2020-07-22 13:16:16,1.3,37.74,15.088,6.2,EtnaRCSC
2020-07-22 13:16:21,1.5,37.717,15.107,6.7,EtnaRCSC
2020-07-22 13:35:08,1.1,37.744,15.02,4.4,EtnaRCSC
2020-07-22 13:35:51,2.1,37.75,15.027,5.4,EtnaRCSC
2020-07-22 13:36:38,1.4,37.744,15.033,5.0,EtnaRCSC
2020-07-22 13:49:45,1.2,37.747,15.035,6.3,EtnaRCSC
2020-07-22 14:24:02,1.1,37.746,15.034,5.1,EtnaRCSC
2020-07-22 14:24:40,1.2,37.747,15.022,5.2,EtnaRCSC
2020-07-22 14:26:05,1.3,37.745,15.027,5.3,EtnaRCSC
2020-07-22 16:52:26,1.3,37.748,15.037,7.4,EtnaRCSC
2020-07-22 16:52:30,1.5,37.748,15.04,8.9,EtnaRCSC
2020-07-22 16:52:45,1.3,37.747,15.035,7.7,EtnaRCSC
2020-07-22 16:56:08,1.3,37.724,15.037,9.9,EtnaRCSC
2020-07-22 19:44:19,1.4,37.717,14.981,7.6,EtnaRCSC
2020-07-22 21:50:32,1.4,37.747,15.026,5.0,EtnaRCSC
2020-07-22 21:54:04,1.2,37.745,15.039,5.3,EtnaRCSC
2020-07-22 21:59:00,1.2,37.745,15.031,6.5,EtnaRCSC
2020-07-22 22:09:30,1.2,37.74,15.041,7.0,EtnaRCSC
2020-07-23 00:10:02,1.0,37.744,15.035,5.8,EtnaRCSC
2020-07-23 00:47:17,1.2,37.747,15.169,10.4,EtnaRCSC
2020-07-23 00:55:07,1.0,37.744,15.037,4.1,EtnaRCSC
2020-07-23 00:55:36,1.1,37.75,15.034,6.6,EtnaRCSC
2020-07-23 01:13:27,0.9,37.75,15.028,4.0,EtnaRCSC
2020-07-23 01:13:41,1.0,37.747,15.03,6.0,EtnaRCSC
2020-07-23 01:14:26,1.0,37.747,15.033,4.9,EtnaRCSC
2020-07-23 01:18:15,1.1,37.746,15.033,6.5,EtnaRCSC
2020-07-23 01:57:58,1.2,37.732,14.974,5.0,EtnaRCSC
2020-07-23 16:04:14,1.3,37.741,15.138,13.5,EtnaRCSC
2020-07-24 09:04:22,2.5,37.667,14.773,13.2,EtnaRCSC
2020-07-24 11:59:16,1.4,37.753,15.002,0.4,EtnaRCSC
2020-07-24 12:42:18,1.5,37.75,15.008,0.9,EtnaRCSC
2020-07-24 12:46:30,1.4,37.744,15.011,0.7,EtnaRCSC
2020-07-24 14:44:36,1.1,37.76,15.015,3.1,EtnaRCSC
2020-07-24 23:15:36,1.9,37.736,14.799,5.9,EtnaRCSC
2020-07-24 23:54:32,1.6,37.739,14.808,5.1,EtnaRCSC
2020-07-25 05:49:57,1.0,37.752,15.001,0.4,EtnaRCSC
2020-07-25 13:51:31,1.0,37.756,14.984,1.1,EtnaRCSC
2020-07-25 16:58:07,1.1,37.757,15.009,0.7,EtnaRCSC
2020-07-25 17:41:16,1.2,37.733,14.959,6.7,EtnaRCSC
2020-07-25 17:55:20,1.0,37.756,15.006,0.3,EtnaRCSC
2020-07-25 19:03:55,1.2,37.731,14.954,4.1,EtnaRCSC
2020-07-25 23:07:28,0.8,37.689,14.944,1.4,EtnaRCSC
2020-07-26 08:22:47,2.9,37.752,15.031,4.2,EtnaRCSC
2020-07-26 08:24:32,1.5,37.757,15.028,6.7,EtnaRCSC
2020-07-26 08:25:00,1.1,37.754,15.031,5.3,EtnaRCSC
2020-07-26 08:26:45,1.4,37.748,15.025,5.3,EtnaRCSC
2020-07-26 08:27:36,2.2,37.753,15.033,5.2,EtnaRCSC
2020-07-26 08:28:47,2.2,37.755,15.028,5.0,EtnaRCSC
2020-07-26 08:37:28,1.3,37.746,15.032,5.7,EtnaRCSC
2020-07-26 08:49:54,2.1,37.748,15.02,6.4,EtnaRCSC
2020-07-26 08:52:27,1.1,37.746,15.026,5.4,EtnaRCSC
2020-07-26 22:03:57,1.2,37.756,14.941,5.9,EtnaRCSC
2020-07-27 09:51:50,1.0,37.746,15.027,0.9,EtnaRCSC
2020-07-27 20:45:41,1.4,37.741,15.035,6.7,EtnaRCSC
2020-07-27 22:00:58,1.4,37.737,15.038,6.9,EtnaRCSC
2020-07-27 22:43:31,1.2,37.741,15.03,6.3,EtnaRCSC
2020-07-28 02:59:25,1.1,37.755,14.981,4.1,EtnaRCSC
2020-07-28 03:32:32,1.2,37.776,15.088,8.1,EtnaRCSC
2020-07-28 16:41:01,1.1,37.749,15.054,5.0,EtnaRCSC
2020-07-28 17:49:06,1.4,37.74,14.751,5.8,EtnaRCSC
2020-07-29 09:24:33,1.8,37.545,14.966,4.6,EtnaRCSC
2020-07-29 22:26:19,1.1,37.748,15.025,4.0,EtnaRCSC
2020-07-30 02:05:12,1.6,37.732,15.073,4.6,EtnaRCSC
2020-07-30 02:06:36,0.9,37.734,15.06,1.9,EtnaRCSC
2020-07-30 02:07:14,1.1,37.728,15.072,5.4,EtnaRCSC
2020-07-30 17:42:21,1.1,37.757,15.022,4.9,EtnaRCSC
2020-07-31 00:24:59,1.2,37.78,15.063,9.6,EtnaRCSC
2020-07-31 05:45:09,1.2,37.748,15.034,4.8,EtnaRCSC
2020-07-31 05:49:15,1.3,37.748,15.029,5.7,EtnaRCSC
2020-07-31 06:24:10,1.2,37.746,15.029,5.0,EtnaRCSC
2020-07-31 13:27:46,1.0,37.747,15.001,2.3,EtnaRCSC
2020-07-31 19:40:04,1.3,37.717,14.939,10.1,EtnaRCSC
2020-08-01 04:32:35,1.5,37.727,14.988,5.5,EtnaRCSC
2020-08-01 11:24:30,1.3,37.741,15.014,4.4,EtnaRCSC
2020-08-01 17:09:54,1.2,37.753,15.079,4.6,EtnaRCSC
2020-08-01 17:22:24,1.3,37.738,15.034,3.1,EtnaRCSC
2020-08-02 03:00:07,1.5,37.746,14.985,7.8,EtnaRCSC
2020-08-02 05:27:39,1.2,37.752,14.999,0.1,EtnaRCSC
2020-08-02 08:50:39,1.1,37.739,15.036,3.3,EtnaRCSC
2020-08-02 18:45:36,1.8,37.746,15.037,3.0,EtnaRCSC
2020-08-02 20:00:59,1.5,37.759,15.088,8.7,EtnaRCSC
2020-08-04 03:42:40,1.0,37.758,15.003,-1.6,EtnaRCSC
2020-08-05 08:18:33,1.5,37.763,15.105,6.5,EtnaRCSC
2020-08-05 15:35:13,1.3,37.718,15.01,5.5,EtnaRCSC
2020-08-06 11:18:49,1.6,37.734,14.993,10.7,EtnaRCSC
2020-08-07 10:46:12,1.2,37.749,15.006,1.4,EtnaRCSC
2020-08-07 10:46:31,1.8,37.753,15.008,0.0,EtnaRCSC
2020-08-07 11:03:09,1.1,37.752,15.035,3.7,EtnaRCSC
2020-08-07 15:21:42,1.1,37.744,15.005,1.3,EtnaRCSC
2020-08-07 15:40:07,1.0,37.754,15.012,1.4,EtnaRCSC
2020-08-07 18:43:12,0.9,37.703,15.017,0.5,EtnaRCSC
2020-08-08 10:05:25,1.4,37.752,15.005,-0.7,EtnaRCSC
2020-08-08 14:37:08,1.2,37.751,14.999,0.7,EtnaRCSC
2020-08-08 15:41:10,1.4,37.724,15.105,5.4,EtnaRCSC
2020-08-08 21:04:50,1.7,37.726,15.025,13.5,EtnaRCSC
2020-08-08 22:55:15,1.3,37.777,14.931,8.5,EtnaRCSC
2020-08-08 23:48:42,1.6,37.788,14.929,8.6,EtnaRCSC
2020-08-09 14:10:10,0.9,37.608,14.97,-1.3,EtnaRCSC
2020-08-10 00:22:41,1.1,37.746,14.991,1.1,EtnaRCSC
2020-08-10 15:43:13,1.3,37.688,14.985,4.5,EtnaRCSC
2020-08-10 15:49:55,1.0,37.683,14.98,2.5,EtnaRCSC
2020-08-10 20:57:53,1.1,37.745,15.047,0.4,EtnaRCSC
2020-08-10 22:16:33,1.2,37.755,15.13,5.1,EtnaRCSC
2020-08-11 05:57:17,1.4,37.736,15.038,3.5,EtnaRCSC
2020-08-11 14:57:34,1.2,37.748,15.012,0.1,EtnaRCSC
2020-08-11 16:24:09,1.1,37.872,15.028,8.3,EtnaRCSC
2020-08-11 16:36:31,1.5,37.836,15.034,14.1,EtnaRCSC
2020-08-11 17:57:28,0.8,37.767,15.104,2.4,EtnaRCSC
2020-08-11 19:18:29,0.9,37.777,15.108,2.9,EtnaRCSC
2020-08-12 23:15:02,1.1,37.69,14.94,1.9,EtnaRCSC
2020-08-13 07:14:38,1.2,37.723,15.014,0.8,EtnaRCSC
2020-08-13 14:40:42,1.3,37.748,15.004,0.4,EtnaRCSC
2020-08-13 17:14:07,1.1,37.75,15.011,-0.2,EtnaRCSC
2020-08-13 18:01:55,1.4,37.743,15.023,2.3,EtnaRCSC
2020-08-14 02:00:14,1.6,37.755,14.998,-0.2,EtnaRCSC
2020-08-14 05:24:28,1.1,37.75,15.003,0.2,EtnaRCSC
2020-08-14 05:32:50,1.2,37.755,15.002,1.2,EtnaRCSC
2020-08-14 06:57:32,1.3,37.747,15.001,1.0,EtnaRCSC
2020-08-14 07:34:19,2.1,37.755,14.94,25.2,EtnaRCSC
2020-08-14 15:37:23,1.4,37.709,14.942,6.2,EtnaRCSC
2020-08-14 19:09:12,1.0,37.775,15.113,1.5,EtnaRCSC
2020-08-14 19:29:03,1.2,37.765,14.993,1.0,EtnaRCSC
2020-08-14 23:58:58,1.6,37.756,15.044,4.0,EtnaRCSC
2020-08-14 23:59:20,1.3,37.758,15.037,2.0,EtnaRCSC
2020-08-15 03:09:15,1.4,37.738,15.138,9.0,EtnaRCSC
2020-08-15 19:14:22,1.5,37.668,14.957,7.1,EtnaRCSC
2020-08-16 00:44:19,1.7,37.731,14.992,6.8,EtnaRCSC
2020-08-16 02:22:34,1.2,37.754,15.067,4.2,EtnaRCSC
2020-08-16 09:44:45,0.7,37.668,15.104,-0.2,EtnaRCSC
2020-08-16 19:18:56,1.1,37.737,15.007,-0.2,EtnaRCSC
2020-08-16 22:33:43,1.3,37.746,14.994,1.7,EtnaRCSC
2020-08-16 22:33:57,1.2,37.749,15.006,0.3,EtnaRCSC
2020-08-17 01:01:10,1.0,37.763,15.004,0.5,EtnaRCSC
2020-08-17 09:30:52,1.3,37.699,15.012,4.7,EtnaRCSC
2020-08-17 11:58:50,1.3,37.752,15.037,4.9,EtnaRCSC
2020-08-17 11:59:06,1.1,37.756,15.017,4.2,EtnaRCSC
2020-08-17 12:06:18,1.0,37.745,15.012,-1.2,EtnaRCSC
2020-08-17 13:08:34,2.0,37.757,15.007,0.7,EtnaRCSC
2020-08-17 13:10:31,1.0,37.746,15.012,-1.6,EtnaRCSC
2020-08-17 13:13:12,1.1,37.762,15.011,0.1,EtnaRCSC
2020-08-17 13:59:26,1.2,37.698,15.028,3.9,EtnaRCSC
2020-08-17 14:10:47,1.3,37.686,15.0,2.8,EtnaRCSC
2020-08-17 15:06:50,1.3,37.716,15.009,4.5,EtnaRCSC
2020-08-17 17:56:14,1.4,37.697,15.021,4.3,EtnaRCSC
2020-08-17 21:24:09,1.1,37.701,15.007,3.6,EtnaRCSC
2020-08-18 02:29:47,0.9,37.762,15.124,3.5,EtnaRCSC
2020-08-18 05:13:36,1.1,37.754,15.004,0.5,EtnaRCSC
2020-08-18 13:05:58,1.7,37.718,15.013,2.7,EtnaRCSC
2020-08-18 16:27:41,1.3,37.749,14.999,0.7,EtnaRCSC
2020-08-18 21:10:01,2.7,37.745,14.97,4.1,EtnaRCSC
2020-08-18 21:11:35,1.4,37.728,14.969,8.5,EtnaRCSC
2020-08-18 21:23:01,1.5,37.724,14.961,7.9,EtnaRCSC
2020-08-18 21:39:30,1.6,37.739,14.957,8.3,EtnaRCSC
2020-08-18 23:02:30,2.0,37.74,14.971,6.2,EtnaRCSC
2020-08-19 00:34:24,1.3,37.617,14.937,9.4,EtnaRCSC
2020-08-19 01:27:46,1.1,37.545,14.939,7.3,EtnaRCSC
2020-08-19 01:41:19,1.6,37.619,14.945,9.1,EtnaRCSC
2020-08-19 01:53:52,1.3,37.634,14.931,5.4,EtnaRCSC
2020-08-19 03:39:45,1.6,37.623,14.941,9.5,EtnaRCSC
2020-08-19 03:57:48,1.5,37.605,14.915,10.4,EtnaRCSC
2020-08-19 04:15:06,1.5,37.619,14.946,9.2,EtnaRCSC
2020-08-19 04:25:40,1.3,37.633,14.943,1.8,EtnaRCSC
2020-08-19 05:27:19,1.6,37.603,14.944,10.4,EtnaRCSC
2020-08-19 05:36:16,1.5,37.621,14.939,9.3,EtnaRCSC
2020-08-19 06:05:55,1.5,37.603,14.952,10.0,EtnaRCSC
2020-08-19 07:49:29,1.7,37.622,14.952,9.9,EtnaRCSC
2020-08-19 10:22:04,1.5,37.624,14.93,10.2,EtnaRCSC
2020-08-20 08:57:29,1.6,37.728,15.035,5.4,EtnaRCSC
2020-08-20 17:50:24,1.1,37.736,15.07,2.7,EtnaRCSC
2020-08-20 22:39:34,1.2,37.74,15.036,2.2,EtnaRCSC
2020-08-20 22:41:08,1.1,37.754,14.994,1.5,EtnaRCSC
2020-08-20 22:48:34,1.2,37.729,15.051,4.4,EtnaRCSC
2020-08-21 06:27:41,1.2,37.74,15.029,4.5,EtnaRCSC
2020-08-21 07:04:38,1.5,37.704,15.012,8.5,EtnaRCSC
2020-08-21 07:24:46,1.3,37.744,15.033,5.3,EtnaRCSC
2020-08-21 07:25:36,1.3,37.712,15.028,7.0,EtnaRCSC
2020-08-21 07:26:30,1.0,37.731,15.056,0.1,EtnaRCSC
2020-08-21 09:07:28,1.4,37.729,15.005,11.5,EtnaRCSC
2020-08-21 10:05:46,1.1,37.741,15.031,2.9,EtnaRCSC
2020-08-21 10:06:40,1.4,37.716,15.001,6.6,EtnaRCSC
2020-08-21 10:11:47,1.6,37.712,14.999,7.8,EtnaRCSC
2020-08-21 11:45:32,1.2,37.75,14.998,2.5,EtnaRCSC
2020-08-21 20:27:29,1.6,37.744,15.034,8.4,EtnaRCSC
2020-08-22 07:35:55,1.3,37.751,15.007,0.9,EtnaRCSC
2020-08-22 11:30:13,1.4,37.741,15.038,2.7,EtnaRCSC
2020-08-22 11:54:50,1.3,37.74,15.057,6.3,EtnaRCSC
2020-08-22 20:40:08,1.4,37.734,15.004,3.4,EtnaRCSC
2020-08-23 11:10:13,1.9,37.749,15.043,2.9,EtnaRCSC
2020-08-23 11:29:56,1.1,37.746,15.037,3.0,EtnaRCSC
2020-08-23 11:31:02,1.1,37.749,15.053,4.7,EtnaRCSC
2020-08-24 03:22:10,1.9,37.756,15.006,0.9,EtnaRCSC
2020-08-24 03:34:41,1.0,37.755,15.006,0.2,EtnaRCSC
2020-08-24 03:39:47,1.0,37.758,15.002,0.6,EtnaRCSC
2020-08-24 04:27:45,0.9,37.752,15.01,0.1,EtnaRCSC
2020-08-24 05:02:32,1.1,37.752,15.006,1.3,EtnaRCSC
2020-08-24 05:22:18,0.9,37.755,15.006,-1.6,EtnaRCSC
2020-08-24 05:48:24,1.1,37.743,15.005,1.7,EtnaRCSC
2020-08-24 06:00:35,1.0,37.75,15.006,-1.1,EtnaRCSC
2020-08-24 07:19:21,1.2,37.736,15.008,1.8,EtnaRCSC
2020-08-24 11:12:00,1.4,37.748,15.014,4.1,EtnaRCSC
2020-08-24 12:10:19,1.3,37.743,15.04,3.3,EtnaRCSC
2020-08-24 12:10:52,1.3,37.743,15.041,3.7,EtnaRCSC
2020-08-24 12:11:28,1.4,37.742,15.028,4.1,EtnaRCSC
2020-08-24 12:51:38,1.7,37.749,15.03,5.0,EtnaRCSC
2020-08-24 12:53:25,1.4,37.758,15.001,-1.2,EtnaRCSC
2020-08-25 05:29:56,1.1,37.746,15.006,0.7,EtnaRCSC
2020-08-25 19:26:53,1.4,37.757,15.002,-0.1,EtnaRCSC
2020-08-25 21:57:33,1.2,37.746,15.0,2.9,EtnaRCSC
2020-08-25 23:35:06,1.0,37.742,15.062,5.0,EtnaRCSC
2020-08-26 00:19:33,0.9,37.763,14.996,0.8,EtnaRCSC
2020-08-26 01:32:07,1.2,37.578,14.943,-1.6,EtnaRCSC
2020-08-26 14:43:30,1.0,37.757,15.001,-1.2,EtnaRCSC
2020-08-26 18:05:57,2.1,37.771,15.08,8.0,EtnaRCSC
2020-08-26 18:07:42,1.2,37.759,15.084,8.8,EtnaRCSC
2020-08-26 18:32:43,1.3,37.725,15.049,2.7,EtnaRCSC
2020-08-26 21:51:30,1.3,37.755,14.963,7.9,EtnaRCSC
2020-08-27 02:51:42,0.9,37.743,15.055,2.9,EtnaRCSC
2020-08-27 03:47:22,1.9,37.745,14.951,9.5,EtnaRCSC
2020-08-27 12:25:30,1.3,37.742,14.966,7.4,EtnaRCSC
2020-08-27 12:29:53,1.3,37.743,14.949,8.7,EtnaRCSC
2020-08-27 12:55:59,1.3,37.752,14.97,7.2,EtnaRCSC
2020-08-27 13:39:49,1.1,37.743,15.042,3.5,EtnaRCSC
2020-08-27 14:51:35,1.3,37.74,15.034,2.0,EtnaRCSC
2020-08-27 15:58:29,1.1,37.756,15.01,2.0,EtnaRCSC
2020-08-27 15:58:38,0.8,37.767,15.012,-1.3,EtnaRCSC
2020-08-27 16:45:47,1.6,37.75,14.998,1.1,EtnaRCSC
2020-08-27 17:13:33,1.2,37.759,15.031,4.1,EtnaRCSC
2020-08-27 18:30:05,1.7,37.755,15.003,-1.3,EtnaRCSC
2020-08-27 19:38:09,0.9,37.765,15.002,-1.6,EtnaRCSC
2020-08-28 00:55:34,1.2,37.685,15.175,2.4,EtnaRCSC
2020-08-28 01:40:21,1.2,37.751,14.994,1.6,EtnaRCSC
2020-08-28 02:35:21,1.1,37.749,15.004,1.5,EtnaRCSC
2020-08-28 08:31:44,1.0,37.765,15.012,-0.1,EtnaRCSC
2020-08-28 18:40:23,1.3,37.738,15.035,3.6,EtnaRCSC
2020-08-28 18:42:58,1.0,37.739,15.031,3.0,EtnaRCSC
2020-08-28 20:44:00,1.1,37.757,15.024,6.2,EtnaRCSC
2020-08-28 21:23:59,1.4,37.755,15.001,0.9,EtnaRCSC
2020-08-28 22:53:45,1.1,37.741,14.956,2.9,EtnaRCSC
2020-08-29 07:48:33,1.2,37.738,15.033,6.4,EtnaRCSC
2020-08-29 09:58:00,1.7,37.755,15.044,6.8,EtnaRCSC
2020-08-29 12:48:30,1.4,37.754,14.785,9.1,EtnaRCSC
2020-08-29 14:17:44,1.2,37.754,15.012,1.4,EtnaRCSC
2020-08-29 15:57:29,1.4,37.748,15.036,7.2,EtnaRCSC
2020-08-29 16:10:20,1.6,37.757,15.025,4.1,EtnaRCSC
2020-08-29 17:24:00,1.5,37.756,15.025,3.8,EtnaRCSC
2020-08-29 17:28:03,1.0,37.78,15.031,4.0,EtnaRCSC
2020-08-29 18:51:57,1.4,37.757,15.022,3.7,EtnaRCSC
2020-08-29 18:53:08,1.2,37.752,15.032,5.5,EtnaRCSC
2020-08-29 18:57:54,1.5,37.755,15.029,4.8,EtnaRCSC
2020-08-29 19:33:19,1.1,37.764,15.097,8.4,EtnaRCSC
2020-08-29 19:44:51,1.1,37.75,15.021,5.4,EtnaRCSC
2020-08-29 19:48:11,1.2,37.752,15.099,8.3,EtnaRCSC
2020-08-29 20:18:52,1.3,37.726,15.13,10.1,EtnaRCSC
2020-08-30 01:08:47,1.2,37.752,15.008,1.6,EtnaRCSC
2020-08-30 02:06:00,1.1,37.758,15.001,0.7,EtnaRCSC
2020-08-30 04:15:15,1.2,37.776,15.013,3.0,EtnaRCSC
2020-08-30 11:03:53,1.6,37.74,14.965,8.0,EtnaRCSC
2020-08-30 11:30:12,1.2,37.738,15.047,2.4,EtnaRCSC
2020-08-30 11:30:28,1.2,37.738,15.054,2.4,EtnaRCSC
2020-08-30 21:41:14,1.7,37.745,15.033,4.9,EtnaRCSC
2020-08-31 01:36:59,1.5,37.727,14.992,4.1,EtnaRCSC
2020-08-31 01:53:47,1.3,37.746,14.999,-0.3,EtnaRCSC
2020-08-31 10:32:03,1.6,37.754,14.998,0.8,EtnaRCSC
2020-08-31 10:33:36,1.2,37.755,14.999,0.9,EtnaRCSC
2020-08-31 17:59:30,1.5,37.718,14.888,7.2,EtnaRCSC
2020-09-01 00:38:52,1.4,37.742,15.039,2.5,EtnaRCSC
2020-09-01 01:06:13,1.6,37.818,15.128,11.1,EtnaRCSC
2020-09-01 02:49:20,1.6,37.721,15.069,8.5,EtnaRCSC
2020-09-01 05:41:33,1.4,37.655,14.998,5.6,EtnaRCSC
2020-09-01 17:52:57,1.6,37.753,15.053,5.0,EtnaRCSC
2020-09-01 18:23:22,1.2,37.746,15.067,8.4,EtnaRCSC
2020-09-01 22:49:30,0.7,37.67,14.935,1.9,EtnaRCSC
2020-09-01 23:21:50,1.1,37.754,15.007,1.6,EtnaRCSC
2020-09-02 03:06:03,0.8,37.751,15.024,3.2,EtnaRCSC
2020-09-02 13:12:09,1.1,37.782,15.101,8.5,EtnaRCSC
2020-09-02 21:12:13,1.3,37.746,15.01,4.5,EtnaRCSC
2020-09-02 23:12:05,1.1,37.753,15.013,2.5,EtnaRCSC
2020-09-03 00:01:01,1.1,37.751,15.018,2.0,EtnaRCSC
2020-09-03 00:17:26,0.9,37.753,15.019,0.6,EtnaRCSC
2020-09-03 00:39:07,1.2,37.75,15.012,1.4,EtnaRCSC
2020-09-03 01:35:52,1.1,37.752,14.981,0.9,EtnaRCSC
2020-09-03 01:51:51,1.0,37.741,15.013,-0.1,EtnaRCSC
2020-09-03 02:39:22,1.1,37.736,14.994,-0.1,EtnaRCSC
2020-09-03 02:47:02,1.1,37.753,15.013,1.8,EtnaRCSC
2020-09-03 03:20:28,1.1,37.752,15.014,2.7,EtnaRCSC
2020-09-03 05:44:24,1.2,37.697,14.969,2.1,EtnaRCSC
2020-09-03 06:09:23,0.9,37.692,14.959,1.2,EtnaRCSC
2020-09-03 09:43:02,1.0,37.732,14.991,2.2,EtnaRCSC
2020-09-03 10:53:16,1.2,37.761,15.024,3.6,EtnaRCSC
2020-09-03 16:51:48,1.6,37.57,14.879,1.9,EtnaRCSC
2020-09-03 19:31:23,0.8,37.777,15.104,2.4,EtnaRCSC
2020-09-03 19:53:49,1.1,37.711,14.849,3.6,EtnaRCSC
2020-09-04 15:44:08,1.5,37.751,14.998,0.9,EtnaRCSC
2020-09-05 02:21:22,0.6,37.796,15.032,0.8,EtnaRCSC
2020-09-05 05:38:04,0.9,37.784,14.988,2.7,EtnaRCSC
2020-09-05 22:54:34,1.1,37.734,15.097,6.0,EtnaRCSC
2020-09-06 07:46:14,0.8,37.775,15.103,1.3,EtnaRCSC
2020-09-06 13:35:11,1.2,37.741,15.024,5.1,EtnaRCSC
2020-09-06 14:38:11,1.4,37.742,15.037,9.0,EtnaRCSC
2020-09-06 17:40:36,1.7,37.728,15.127,6.2,EtnaRCSC
2020-09-06 19:28:54,1.3,37.749,15.165,9.4,EtnaRCSC
2020-09-06 22:31:18,1.2,37.729,15.13,7.0,EtnaRCSC
2020-09-06 22:59:39,1.5,37.707,14.99,7.0,EtnaRCSC
2020-09-07 00:08:27,1.1,37.715,15.013,3.8,EtnaRCSC
2020-09-07 00:40:48,0.8,37.726,15.12,9.4,EtnaRCSC
2020-09-07 03:44:37,1.8,37.721,15.085,5.5,EtnaRCSC
2020-09-07 05:02:34,1.4,37.72,15.084,3.9,EtnaRCSC
2020-09-07 08:51:31,1.9,37.717,14.724,1.8,EtnaRCSC
2020-09-07 14:52:41,1.0,37.738,15.041,-0.7,EtnaRCSC
2020-09-07 15:49:49,1.3,37.604,14.939,9.9,EtnaRCSC
2020-09-07 18:36:34,1.3,37.742,15.019,4.2,EtnaRCSC
2020-09-07 22:15:39,1.4,37.729,14.979,6.1,EtnaRCSC
2020-09-08 12:16:12,1.3,37.742,15.03,3.6,EtnaRCSC
2020-09-08 19:24:34,0.9,37.722,14.954,-0.4,EtnaRCSC
2020-09-09 12:11:36,1.1,37.747,15.018,4.1,EtnaRCSC
2020-09-09 15:38:47,1.1,37.736,15.047,3.7,EtnaRCSC
2020-09-09 22:37:18,1.4,37.752,15.036,3.7,EtnaRCSC
2020-09-09 22:37:51,1.0,37.748,15.046,3.3,EtnaRCSC
2020-09-09 22:51:03,1.5,37.748,15.038,4.0,EtnaRCSC
2020-09-09 22:51:21,1.2,37.743,15.037,3.9,EtnaRCSC
2020-09-10 12:33:28,1.1,37.683,14.927,-1.6,EtnaRCSC
2020-09-10 15:38:51,2.3,37.743,15.082,5.1,EtnaRCSC
2020-09-10 15:40:48,1.2,37.739,15.071,3.8,EtnaRCSC
2020-09-10 15:43:27,1.3,37.74,15.074,3.8,EtnaRCSC
2020-09-10 15:52:00,1.2,37.742,15.069,4.3,EtnaRCSC
2020-09-10 16:14:23,1.3,37.698,15.118,6.8,EtnaRCSC
2020-09-10 18:52:12,1.5,37.687,14.929,-1.6,EtnaRCSC
2020-09-10 18:57:20,1.1,37.734,14.93,5.3,EtnaRCSC
2020-09-10 20:16:06,1.2,37.742,15.029,4.7,EtnaRCSC
2020-09-10 20:24:11,1.9,37.787,14.889,24.7,EtnaRCSC
2020-09-10 23:28:20,1.4,37.72,15.04,8.7,EtnaRCSC
2020-09-10 23:52:42,1.1,37.754,15.007,1.6,EtnaRCSC
2020-09-11 02:03:36,1.3,37.743,14.972,5.7,EtnaRCSC
2020-09-11 08:05:44,1.3,37.75,15.079,6.5,EtnaRCSC
2020-09-11 15:28:11,1.3,37.742,15.038,3.3,EtnaRCSC
2020-09-11 18:17:23,1.1,37.759,15.041,4.2,EtnaRCSC
2020-09-12 09:29:26,1.3,37.742,15.145,7.1,EtnaRCSC
2020-09-13 14:36:52,0.9,37.753,15.007,0.6,EtnaRCSC
2020-09-13 20:25:52,1.0,37.745,15.002,2.1,EtnaRCSC
2020-09-13 20:37:23,1.1,37.75,14.995,0.3,EtnaRCSC
2020-09-14 07:39:48,1.0,37.754,15.028,2.0,EtnaRCSC
2020-09-14 13:41:47,1.5,37.758,15.101,8.7,EtnaRCSC
2020-09-14 20:49:43,1.3,37.693,15.095,2.3,EtnaRCSC
2020-09-15 00:22:20,1.3,37.771,15.183,9.3,EtnaRCSC
2020-09-15 06:54:36,1.0,37.736,15.045,3.4,EtnaRCSC
2020-09-15 07:01:21,1.3,37.702,15.008,5.6,EtnaRCSC
2020-09-15 13:37:23,1.4,37.74,15.039,3.3,EtnaRCSC
2020-09-15 22:34:37,1.4,37.741,15.037,4.1,EtnaRCSC
2020-09-16 04:15:07,1.2,37.763,15.003,0.7,EtnaRCSC
2020-09-16 04:42:21,1.3,37.746,15.12,8.1,EtnaRCSC
2020-09-16 12:23:31,1.1,37.745,15.006,0.7,EtnaRCSC
2020-09-16 15:53:52,1.0,37.76,15.026,1.6,EtnaRCSC
2020-09-16 23:59:30,2.2,37.586,14.971,9.2,EtnaRCSC
2020-09-17 00:07:28,1.2,37.738,15.014,-0.5,EtnaRCSC
2020-09-17 01:39:17,1.2,37.749,14.994,1.7,EtnaRCSC
2020-09-17 04:45:40,2.3,37.752,15.123,7.1,EtnaRCSC
2020-09-17 04:46:01,1.9,37.75,15.122,8.0,EtnaRCSC
2020-09-17 04:47:27,1.5,37.753,15.106,6.5,EtnaRCSC
2020-09-17 04:51:31,1.5,37.737,15.13,8.2,EtnaRCSC
2020-09-17 04:53:06,1.4,37.737,15.142,7.1,EtnaRCSC
2020-09-17 04:55:20,1.7,37.753,15.12,4.8,EtnaRCSC
2020-09-17 04:59:33,1.3,37.739,15.134,6.9,EtnaRCSC
2020-09-17 05:00:43,1.6,37.749,15.123,7.1,EtnaRCSC
2020-09-17 05:25:35,1.7,37.753,15.122,4.7,EtnaRCSC
2020-09-17 05:55:04,1.3,37.737,15.126,5.7,EtnaRCSC
2020-09-17 07:51:46,1.3,37.74,15.051,5.4,EtnaRCSC
2020-09-17 08:00:27,1.3,37.733,15.13,7.7,EtnaRCSC
2020-09-17 10:00:06,1.6,37.745,15.128,4.5,EtnaRCSC
2020-09-17 10:00:45,1.8,37.747,15.122,4.7,EtnaRCSC
2020-09-17 10:05:03,1.3,37.738,15.128,7.6,EtnaRCSC
2020-09-17 10:07:40,1.4,37.737,14.924,10.5,EtnaRCSC
2020-09-17 10:27:56,1.3,37.725,15.149,7.4,EtnaRCSC
2020-09-17 17:05:24,1.2,37.751,15.005,3.0,EtnaRCSC
2020-09-17 17:37:56,1.6,37.689,15.094,2.6,EtnaRCSC
2020-09-17 19:48:14,1.4,37.688,15.088,7.5,EtnaRCSC
2020-09-18 08:31:12,1.4,37.686,15.083,5.5,EtnaRCSC
2020-09-18 09:47:46,1.2,37.693,15.097,4.7,EtnaRCSC
2020-09-18 20:56:43,1.2,37.755,15.011,-1.6,EtnaRCSC
2020-09-19 01:54:12,1.7,37.727,14.939,4.6,EtnaRCSC
2020-09-19 02:19:19,1.4,37.721,14.939,7.2,EtnaRCSC
2020-09-19 14:50:42,1.1,37.743,15.024,1.4,EtnaRCSC
2020-09-19 18:27:26,1.1,37.742,15.034,4.8,EtnaRCSC
2020-09-19 19:42:53,1.1,37.728,15.132,9.7,EtnaRCSC
2020-09-19 22:17:00,1.5,37.75,15.006,-1.6,EtnaRCSC
2020-09-20 02:29:07,0.9,37.702,14.946,0.9,EtnaRCSC
2020-09-20 06:25:15,1.3,37.768,15.039,4.7,EtnaRCSC
2020-09-20 06:41:56,2.3,37.681,14.906,22.3,EtnaRCSC
2020-09-20 07:54:50,1.4,37.755,15.045,4.6,EtnaRCSC
2020-09-20 08:18:52,1.5,37.735,15.084,4.2,EtnaRCSC
2020-09-21 01:05:59,1.3,37.757,15.084,3.2,EtnaRCSC
2020-09-21 05:16:44,2.0,37.735,15.09,4.2,EtnaRCSC
2020-09-21 06:36:14,1.2,37.751,15.008,1.4,EtnaRCSC
2020-09-21 15:17:19,2.3,37.752,15.005,0.4,EtnaRCSC
2020-09-21 16:28:45,1.4,37.667,15.104,2.1,EtnaRCSC
2020-09-21 23:53:08,0.5,37.761,15.048,-1.2,EtnaRCSC
2020-09-22 01:51:33,0.7,37.736,14.997,2.5,EtnaRCSC
2020-09-22 13:14:07,1.0,37.675,15.01,3.2,EtnaRCSC
2020-09-23 09:19:33,1.6,37.75,15.009,0.5,EtnaRCSC
2020-09-23 10:36:58,1.3,37.76,15.002,1.0,EtnaRCSC
2020-09-23 13:35:54,1.9,37.713,14.889,4.1,EtnaRCSC
2020-09-23 14:09:45,1.7,37.715,14.889,2.5,EtnaRCSC
2020-09-23 15:38:55,0.9,37.715,14.887,4.1,EtnaRCSC
2020-09-23 18:34:02,1.8,37.75,14.997,0.5,EtnaRCSC
2020-09-23 22:20:31,1.3,37.75,15.003,0.6,EtnaRCSC
2020-09-23 22:21:49,1.3,37.753,15.004,0.4,EtnaRCSC
2020-09-23 22:24:20,2.9,37.755,15.007,0.0,EtnaRCSC
2020-09-23 22:26:48,1.5,37.755,14.999,0.9,EtnaRCSC
2020-09-23 22:31:21,1.0,37.761,14.996,0.1,EtnaRCSC
2020-09-23 23:17:02,1.4,37.758,15.002,0.7,EtnaRCSC
2020-09-24 01:29:19,1.3,37.73,15.01,1.8,EtnaRCSC
2020-09-24 05:13:55,1.5,37.755,15.002,1.3,EtnaRCSC
2020-09-24 08:51:24,0.8,37.758,14.996,1.3,EtnaRCSC
2020-09-24 11:12:04,1.2,37.715,15.012,3.2,EtnaRCSC
2020-09-24 11:58:13,1.4,37.729,15.072,5.5,EtnaRCSC
2020-09-24 17:05:18,1.2,37.73,15.039,3.7,EtnaRCSC
2020-09-25 00:50:31,1.0,37.794,15.091,9.0,EtnaRCSC
2020-09-25 06:44:55,1.5,37.738,15.042,0.6,EtnaRCSC
2020-09-25 10:06:42,0.8,37.748,14.997,1.2,EtnaRCSC
2020-09-25 11:05:10,1.5,37.585,15.004,9.3,EtnaRCSC
2020-09-25 11:25:00,1.6,37.584,15.021,10.3,EtnaRCSC
2020-09-25 16:44:00,2.1,37.588,15.019,11.8,EtnaRCSC
2020-09-25 17:47:05,1.7,37.575,15.027,10.0,EtnaRCSC
2020-09-25 17:59:19,1.6,37.537,15.006,10.6,EtnaRCSC
2020-09-26 00:35:15,1.3,37.624,14.936,10.6,EtnaRCSC
2020-09-26 16:49:59,0.7,37.808,15.065,0.4,EtnaRCSC
2020-09-26 18:28:24,1.3,37.728,15.143,6.5,EtnaRCSC
2020-09-26 18:29:42,1.0,37.73,15.137,6.5,EtnaRCSC
2020-09-27 01:06:46,1.2,37.722,14.997,5.4,EtnaRCSC
2020-09-27 01:38:45,1.1,37.732,14.993,3.3,EtnaRCSC
2020-09-27 02:20:36,1.3,37.717,14.995,8.4,EtnaRCSC
2020-09-27 05:12:20,1.4,37.695,15.023,9.6,EtnaRCSC
2020-09-27 08:01:24,1.7,37.896,14.943,29.8,EtnaRCSC
2020-09-27 08:01:56,1.7,37.896,14.931,30.9,EtnaRCSC
2020-09-27 08:02:33,1.8,37.894,14.904,33.2,EtnaRCSC
2020-09-27 11:45:38,1.2,37.767,15.021,3.9,EtnaRCSC
2020-09-27 12:50:41,1.8,37.752,15.009,1.1,EtnaRCSC
2020-09-27 12:51:14,1.1,37.756,15.01,0.6,EtnaRCSC
2020-09-27 12:51:29,1.2,37.763,15.0,2.3,EtnaRCSC
2020-09-27 13:41:30,1.3,37.741,15.125,6.6,EtnaRCSC
2020-09-27 15:25:18,1.7,37.815,15.104,8.2,EtnaRCSC
2020-09-27 16:22:13,2.7,37.816,15.12,-1.4,EtnaRCSC
2020-09-27 18:10:38,3.2,37.814,15.111,-1.0,EtnaRCSC
2020-09-27 18:20:28,2.4,37.793,15.121,-1.6,EtnaRCSC
2020-09-27 18:25:44,2.5,37.814,15.102,-1.2,EtnaRCSC
2020-09-27 18:32:24,1.2,37.749,15.039,8.3,EtnaRCSC
2020-09-27 18:37:48,2.0,37.817,15.133,-1.6,EtnaRCSC
2020-09-27 18:39:58,1.9,37.818,15.128,-0.9,EtnaRCSC
2020-09-27 18:51:59,2.7,37.819,15.097,-1.6,EtnaRCSC
2020-09-27 18:57:19,1.5,37.818,15.147,7.6,EtnaRCSC
2020-09-27 18:58:08,1.5,37.817,15.136,0.1,EtnaRCSC
2020-09-27 19:15:44,3.2,37.819,15.093,-1.0,EtnaRCSC
2020-09-27 20:08:16,1.3,37.81,15.1,1.5,EtnaRCSC
2020-09-27 20:46:26,1.5,37.809,15.126,0.7,EtnaRCSC
2020-09-27 22:06:31,1.0,37.811,15.076,-1.6,EtnaRCSC
2020-09-27 22:25:50,1.1,37.744,15.034,4.9,EtnaRCSC
2020-09-27 23:53:36,1.1,37.74,15.045,2.2,EtnaRCSC
2020-09-27 23:58:21,1.4,37.735,15.047,3.0,EtnaRCSC
2020-09-28 03:36:54,0.9,37.751,15.054,1.8,EtnaRCSC
2020-09-28 03:39:13,1.0,37.744,15.057,2.5,EtnaRCSC
2020-09-28 08:31:39,1.5,37.733,15.135,7.3,EtnaRCSC
2020-09-28 09:10:07,2.1,37.815,15.085,-1.0,EtnaRCSC
2020-09-28 11:18:12,1.2,37.75,15.025,4.9,EtnaRCSC
2020-09-28 13:06:56,1.1,37.741,15.094,4.2,EtnaRCSC
2020-09-28 13:59:40,1.4,37.73,15.049,4.8,EtnaRCSC
2020-09-28 15:34:06,1.1,37.753,15.046,1.8,EtnaRCSC
2020-09-28 19:18:33,1.2,37.74,15.023,5.1,EtnaRCSC
2020-09-29 04:57:08,1.3,37.723,14.989,6.3,EtnaRCSC
2020-09-29 05:30:38,3.2,37.786,14.805,26.5,EtnaRCSC
2020-09-29 05:36:00,1.7,37.803,14.809,27.4,EtnaRCSC
2020-09-29 05:41:10,1.5,37.801,14.821,27.5,EtnaRCSC
2020-09-29 08:38:14,1.3,37.697,15.034,6.0,EtnaRCSC
2020-09-29 18:42:09,1.4,37.75,15.051,4.5,EtnaRCSC
2020-09-29 18:55:59,1.0,37.755,15.021,5.4,EtnaRCSC
2020-09-29 21:26:39,1.5,37.756,15.009,1.4,EtnaRCSC
2020-09-29 23:59:22,1.9,37.737,14.999,3.7,EtnaRCSC
2020-09-30 00:00:40,1.3,37.74,15.006,3.9,EtnaRCSC
2020-09-30 00:52:53,1.3,37.737,15.011,4.3,EtnaRCSC
2020-09-30 10:56:32,1.3,37.739,15.034,6.3,EtnaRCSC
2020-09-30 11:39:45,1.2,37.726,14.968,5.0,EtnaRCSC
2020-09-30 15:45:19,0.4,37.806,15.078,-1.6,EtnaRCSC
2020-09-30 16:47:39,0.9,37.752,15.007,1.3,EtnaRCSC
2020-09-30 17:05:38,1.3,37.753,15.011,1.0,EtnaRCSC
2020-09-30 18:29:13,1.3,37.777,15.055,4.4,EtnaRCSC
2020-09-30 19:51:29,0.9,37.775,15.049,4.1,EtnaRCSC
2020-09-30 20:45:13,0.6,37.772,15.039,4.3,EtnaRCSC
2020-09-30 21:01:41,0.8,37.736,15.046,3.8,EtnaRCSC
2020-09-30 21:03:14,1.0,37.722,15.065,6.5,EtnaRCSC
2020-09-30 21:41:18,1.3,37.741,14.929,10.7,EtnaRCSC
2020-09-30 21:42:44,0.9,37.743,15.075,4.7,EtnaRCSC
2020-10-01 07:54:18,0.9,37.677,15.102,2.1,EtnaRCSC
2020-10-01 12:04:49,1.5,37.744,15.022,5.1,EtnaRCSC
2020-10-01 13:36:27,1.2,37.74,15.029,4.0,EtnaRCSC
2020-10-01 17:17:22,1.3,37.755,15.019,6.9,EtnaRCSC
2020-10-01 19:41:09,2.1,37.819,15.067,-1.0,EtnaRCSC
2020-10-01 20:55:01,1.1,37.731,15.132,8.6,EtnaRCSC
2020-10-01 23:42:14,1.4,37.775,14.912,21.6,EtnaRCSC
2020-10-02 02:07:17,1.2,37.711,15.085,3.9,EtnaRCSC
2020-10-02 02:36:34,1.1,37.814,15.066,-0.4,EtnaRCSC
2020-10-02 05:20:53,1.3,37.75,15.007,1.6,EtnaRCSC
2020-10-03 04:29:58,1.9,37.717,14.872,22.5,EtnaRCSC
2020-10-03 21:23:31,1.1,37.741,15.031,4.5,EtnaRCSC
2020-10-04 03:42:46,1.2,37.758,15.049,5.2,EtnaRCSC
2020-10-04 03:59:51,1.1,37.736,15.034,4.0,EtnaRCSC
2020-10-04 05:45:26,1.3,37.76,14.994,1.1,EtnaRCSC
2020-10-04 08:37:43,1.1,37.743,14.943,1.7,EtnaRCSC
2020-10-04 11:35:54,1.8,37.727,14.947,7.4,EtnaRCSC
2020-10-04 11:42:40,1.6,37.724,14.947,8.3,EtnaRCSC
2020-10-04 18:13:58,1.5,37.724,14.975,4.0,EtnaRCSC
2020-10-04 18:25:01,1.3,37.725,14.985,4.0,EtnaRCSC
2020-10-05 02:55:07,1.4,37.769,15.157,10.3,EtnaRCSC
2020-10-05 03:56:30,1.1,37.78,15.148,9.6,EtnaRCSC
2020-10-05 03:57:08,1.4,37.759,15.176,10.3,EtnaRCSC
2020-10-05 04:01:20,1.2,37.749,15.078,6.4,EtnaRCSC
2020-10-05 12:00:48,1.2,37.752,14.926,8.7,EtnaRCSC
2020-10-05 14:57:18,1.4,37.75,14.999,1.2,EtnaRCSC
2020-10-06 04:02:02,1.2,37.737,15.025,3.7,EtnaRCSC
2020-10-06 15:18:43,2.3,37.756,15.007,1.3,EtnaRCSC
2020-10-06 15:22:49,1.5,37.754,15.011,1.3,EtnaRCSC
2020-10-06 15:26:42,1.4,37.754,15.011,1.8,EtnaRCSC
2020-10-06 15:45:27,1.4,37.758,15.017,1.5,EtnaRCSC
2020-10-06 15:46:34,1.3,37.758,15.01,2.3,EtnaRCSC
2020-10-06 15:47:07,1.4,37.76,15.015,1.8,EtnaRCSC
2020-10-06 20:01:36,1.2,37.752,15.009,1.8,EtnaRCSC
2020-10-06 20:22:11,1.2,37.747,15.026,5.1,EtnaRCSC
2020-10-07 01:11:17,1.2,37.744,15.025,4.1,EtnaRCSC
2020-10-07 06:27:31,1.5,37.74,15.029,6.4,EtnaRCSC
2020-10-07 07:01:33,2.9,37.757,15.007,0.7,EtnaRCSC
2020-10-07 16:01:32,1.2,37.754,15.006,1.5,EtnaRCSC
2020-10-07 18:32:23,1.7,37.777,14.852,24.4,EtnaRCSC
2020-10-07 19:09:33,2.5,37.809,15.06,-0.4,EtnaRCSC
2020-10-07 19:19:59,0.9,37.815,15.057,-0.5,EtnaRCSC
2020-10-07 19:42:23,1.2,37.75,14.997,1.1,EtnaRCSC
2020-10-07 19:46:01,0.6,37.814,15.067,-1.6,EtnaRCSC
2020-10-07 20:30:20,1.3,37.742,15.012,1.8,EtnaRCSC
2020-10-08 06:13:01,1.6,37.745,15.024,3.6,EtnaRCSC
2020-10-08 08:24:48,1.1,37.76,15.058,-1.1,EtnaRCSC
2020-10-08 09:41:04,1.5,37.748,15.01,13.5,EtnaRCSC
2020-10-08 18:26:10,1.3,37.736,15.04,5.8,EtnaRCSC
2020-10-08 22:01:57,1.3,37.81,15.062,-0.5,EtnaRCSC
2020-10-09 03:46:03,1.2,37.74,15.04,2.2,EtnaRCSC
2020-10-09 14:39:33,1.3,37.741,15.028,4.1,EtnaRCSC
2020-10-09 19:01:57,1.9,37.817,14.993,20.9,EtnaRCSC
2020-10-09 20:50:18,1.4,37.747,15.036,8.2,EtnaRCSC
2020-10-09 22:16:11,1.0,37.744,15.058,3.6,EtnaRCSC
2020-10-09 23:51:30,1.2,37.753,14.999,1.4,EtnaRCSC
2020-10-10 04:02:42,1.6,37.759,15.031,6.4,EtnaRCSC
2020-10-10 13:26:01,1.1,37.737,15.036,3.2,EtnaRCSC
2020-10-10 15:07:43,1.6,37.721,15.089,9.5,EtnaRCSC
2020-10-10 18:49:44,1.1,37.759,15.022,2.3,EtnaRCSC
2020-10-11 11:29:49,1.2,37.741,15.052,5.1,EtnaRCSC
2020-10-11 19:44:10,0.9,37.762,15.027,1.9,EtnaRCSC
2020-10-11 20:23:15,1.1,37.75,15.028,2.2,EtnaRCSC
2020-10-12 00:25:09,1.1,37.747,15.023,1.1,EtnaRCSC
2020-10-12 01:49:58,1.2,37.719,15.018,2.9,EtnaRCSC
2020-10-12 04:15:07,1.4,37.746,15.016,3.4,EtnaRCSC
2020-10-12 12:07:02,1.1,37.736,15.035,1.5,EtnaRCSC
2020-10-12 17:42:51,1.2,37.73,15.042,2.5,EtnaRCSC
2020-10-12 20:46:39,1.0,37.745,15.101,1.9,EtnaRCSC
2020-10-12 21:08:56,1.4,37.843,15.021,6.8,EtnaRCSC
2020-10-12 22:35:51,1.2,37.744,15.034,3.9,EtnaRCSC
2020-10-12 23:24:54,1.1,37.734,15.007,4.0,EtnaRCSC
2020-10-12 23:54:47,1.3,37.737,15.008,3.1,EtnaRCSC
2020-10-13 19:57:21,1.1,37.682,15.047,6.8,EtnaRCSC
2020-10-13 23:27:35,1.5,37.656,15.194,9.5,EtnaRCSC
2020-10-14 02:14:26,1.0,37.738,15.043,1.9,EtnaRCSC
2020-10-14 05:47:52,0.9,37.74,15.05,1.8,EtnaRCSC
2020-10-14 11:17:42,0.9,37.742,15.024,0.1,EtnaRCSC
2020-10-14 15:37:35,1.3,37.75,14.996,1.6,EtnaRCSC
2020-10-14 20:44:53,1.1,37.735,15.033,3.0,EtnaRCSC
2020-10-15 00:54:39,1.0,37.746,14.987,-0.6,EtnaRCSC
2020-10-15 06:49:44,1.2,37.717,14.973,4.4,EtnaRCSC
2020-10-15 06:50:37,1.3,37.735,14.994,3.9,EtnaRCSC
2020-10-15 06:58:01,1.3,37.768,14.994,5.9,EtnaRCSC
2020-10-15 10:46:47,1.0,37.753,15.005,1.9,EtnaRCSC
2020-10-15 12:40:24,1.1,37.747,15.0,1.1,EtnaRCSC
2020-10-15 14:44:48,1.2,37.676,15.091,7.4,EtnaRCSC
2020-10-15 18:16:21,1.1,37.711,15.024,4.6,EtnaRCSC
2020-10-15 22:15:47,1.1,37.735,15.05,4.3,EtnaRCSC
2020-10-15 23:22:33,1.1,37.749,14.992,1.1,EtnaRCSC
2020-10-16 05:57:08,1.2,37.75,14.991,1.4,EtnaRCSC
2020-10-16 17:29:00,1.0,37.77,15.097,7.4,EtnaRCSC
2020-10-16 18:34:31,1.7,37.747,15.003,0.7,EtnaRCSC
2020-10-16 19:10:57,1.0,37.751,15.001,0.8,EtnaRCSC
2020-10-16 22:31:39,1.1,37.717,14.99,3.2,EtnaRCSC
2020-10-16 23:08:37,1.3,37.762,15.059,4.9,EtnaRCSC
2020-10-17 05:13:50,1.7,37.752,15.002,0.7,EtnaRCSC
2020-10-17 21:33:58,0.9,37.737,15.096,3.7,EtnaRCSC
2020-10-17 22:09:58,1.4,37.749,14.996,1.1,EtnaRCSC
2020-10-17 22:23:16,1.4,37.707,15.014,5.6,EtnaRCSC
2020-10-17 23:22:56,1.3,37.729,15.007,4.0,EtnaRCSC
2020-10-18 00:32:24,1.4,37.718,14.995,7.1,EtnaRCSC
2020-10-18 02:01:39,1.3,37.717,14.992,7.3,EtnaRCSC
2020-10-18 02:02:35,1.4,37.707,15.0,7.6,EtnaRCSC
2020-10-18 05:20:10,1.7,37.755,15.009,1.4,EtnaRCSC
2020-10-18 05:31:28,1.3,37.755,15.005,2.1,EtnaRCSC
2020-10-18 06:42:33,1.7,37.73,15.033,7.7,EtnaRCSC
2020-10-18 17:01:18,1.3,37.747,15.042,5.6,EtnaRCSC
2020-10-18 17:40:50,1.1,37.735,15.0,3.7,EtnaRCSC
2020-10-18 18:23:25,1.0,37.743,15.039,3.2,EtnaRCSC
2020-10-18 23:10:34,1.2,37.745,14.996,3.4,EtnaRCSC
2020-10-18 23:51:13,1.3,37.736,15.051,7.1,EtnaRCSC
2020-10-19 00:35:46,1.3,37.734,15.081,6.6,EtnaRCSC
2020-10-19 02:17:29,0.7,37.682,15.088,0.2,EtnaRCSC
2020-10-19 03:51:57,1.0,37.75,15.023,0.2,EtnaRCSC
2020-10-19 06:37:28,1.3,37.735,15.029,7.1,EtnaRCSC
2020-10-19 08:06:09,1.1,37.736,15.038,3.6,EtnaRCSC
2020-10-19 09:33:41,1.6,37.778,14.722,22.3,EtnaRCSC
2020-10-19 13:37:44,2.2,37.882,14.748,13.6,EtnaRCSC
2020-10-19 13:52:25,1.1,37.754,14.998,-0.1,EtnaRCSC
2020-10-19 16:54:18,1.9,37.736,14.961,8.3,EtnaRCSC
2020-10-19 17:02:26,1.2,37.733,14.966,5.4,EtnaRCSC
2020-10-19 17:53:57,2.0,37.742,14.967,6.8,EtnaRCSC
2020-10-19 17:54:29,1.7,37.738,14.968,7.1,EtnaRCSC
2020-10-19 18:54:44,1.2,37.734,14.981,8.4,EtnaRCSC
2020-10-19 21:52:44,1.5,37.748,15.048,5.1,EtnaRCSC
2020-10-19 22:43:32,1.0,37.744,15.034,5.0,EtnaRCSC
2020-10-20 01:57:30,1.2,37.736,15.041,4.5,EtnaRCSC
2020-10-20 10:20:53,1.6,37.683,14.883,-1.6,EtnaRCSC
2020-10-20 13:42:10,1.1,37.747,15.086,4.2,EtnaRCSC
2020-10-20 18:51:43,1.3,37.731,15.065,6.3,EtnaRCSC
2020-10-20 18:55:48,1.1,37.747,15.069,4.8,EtnaRCSC
2020-10-20 18:56:30,0.8,37.762,15.075,4.5,EtnaRCSC
2020-10-20 19:23:24,1.0,37.739,15.049,3.9,EtnaRCSC
2020-10-20 23:31:41,1.5,37.737,15.003,3.5,EtnaRCSC
2020-10-21 01:25:54,1.3,37.738,15.048,8.6,EtnaRCSC
2020-10-21 06:27:11,1.0,37.75,14.997,0.6,EtnaRCSC
2020-10-21 09:14:31,1.2,37.761,15.011,7.2,EtnaRCSC
2020-10-21 09:21:15,1.1,37.733,15.044,8.4,EtnaRCSC
2020-10-21 17:55:05,1.3,37.743,15.152,8.2,EtnaRCSC
2020-10-21 18:11:31,1.1,37.752,15.124,14.0,EtnaRCSC
2020-10-21 18:20:37,1.0,37.725,15.158,9.4,EtnaRCSC
2020-10-22 03:51:12,1.0,37.756,15.124,5.4,EtnaRCSC
2020-10-22 10:44:13,1.9,37.7,14.88,21.8,EtnaRCSC
2020-10-22 11:54:49,1.8,37.688,14.877,21.6,EtnaRCSC
2020-10-22 12:14:02,2.2,37.71,14.884,21.7,EtnaRCSC
2020-10-22 12:24:40,2.2,37.719,14.878,22.1,EtnaRCSC
2020-10-22 12:39:16,1.7,37.721,14.864,20.7,EtnaRCSC
2020-10-22 13:13:46,2.0,37.714,14.879,20.9,EtnaRCSC
2020-10-22 14:05:18,1.9,37.714,14.881,20.5,EtnaRCSC
2020-10-22 14:56:38,1.7,37.705,14.895,17.9,EtnaRCSC
2020-10-22 16:15:55,1.0,37.753,15.006,-1.6,EtnaRCSC
2020-10-22 16:40:06,1.8,37.715,14.882,21.3,EtnaRCSC
2020-10-22 17:08:10,1.9,37.646,14.917,23.4,EtnaRCSC
2020-10-22 17:35:49,2.1,37.706,14.902,19.6,EtnaRCSC
2020-10-22 17:39:50,2.0,37.704,14.907,19.5,EtnaRCSC
2020-10-22 17:42:35,1.8,37.718,14.887,21.1,EtnaRCSC
2020-10-22 18:06:57,1.7,37.73,14.873,19.2,EtnaRCSC
2020-10-22 22:51:46,1.1,37.754,15.11,6.7,EtnaRCSC
2020-10-23 00:04:59,1.2,37.751,14.996,1.4,EtnaRCSC
2020-10-23 03:23:29,1.1,37.728,14.985,4.9,EtnaRCSC
2020-10-23 03:37:27,0.9,37.755,15.116,4.8,EtnaRCSC
2020-10-23 05:09:58,1.2,37.747,15.031,3.8,EtnaRCSC
2020-10-23 12:08:42,1.2,37.749,14.995,1.3,EtnaRCSC
2020-10-23 13:48:37,2.0,37.752,14.999,1.5,EtnaRCSC
2020-10-23 13:54:36,2.1,37.752,14.998,1.3,EtnaRCSC
2020-10-23 14:46:04,1.1,37.742,15.014,3.8,EtnaRCSC
2020-10-23 21:10:44,0.9,37.756,15.039,4.8,EtnaRCSC
2020-10-23 21:11:17,1.1,37.755,15.039,0.4,EtnaRCSC
2020-10-23 21:16:28,0.9,37.757,15.047,4.4,EtnaRCSC
2020-10-23 21:31:54,1.0,37.757,15.049,4.8,EtnaRCSC
2020-10-23 21:37:03,1.2,37.755,15.051,8.8,EtnaRCSC
2020-10-23 22:14:19,0.8,37.757,15.042,4.0,EtnaRCSC
2020-10-23 22:20:59,1.2,37.766,15.044,7.7,EtnaRCSC
2020-10-23 22:52:49,1.1,37.751,15.0,0.8,EtnaRCSC
2020-10-24 01:03:50,0.9,37.777,15.05,3.3,EtnaRCSC
2020-10-24 01:04:42,1.3,37.753,15.03,4.6,EtnaRCSC
2020-10-24 07:22:38,1.0,37.742,15.007,1.2,EtnaRCSC
2020-10-24 08:22:49,1.2,37.752,15.002,1.2,EtnaRCSC
2020-10-24 22:44:44,1.1,37.759,14.997,1.2,EtnaRCSC
2020-10-25 00:18:24,1.2,37.754,15.001,2.0,EtnaRCSC
2020-10-25 07:33:10,1.0,37.661,14.985,0.2,EtnaRCSC
2020-10-25 10:08:46,0.8,37.804,15.05,-1.6,EtnaRCSC
2020-10-25 20:24:38,1.8,37.738,15.029,5.7,EtnaRCSC
2020-10-26 00:57:12,2.4,37.747,15.039,4.8,EtnaRCSC
2020-10-26 07:36:42,1.5,37.73,14.909,12.3,EtnaRCSC
2020-10-26 08:03:05,1.1,37.746,15.03,4.8,EtnaRCSC
2020-10-26 11:44:20,1.1,37.743,15.03,3.5,EtnaRCSC
2020-10-26 15:12:19,1.3,37.753,15.031,5.3,EtnaRCSC
2020-10-26 15:48:43,1.3,37.751,15.033,5.9,EtnaRCSC
2020-10-26 16:24:20,1.6,37.695,15.107,13.8,EtnaRCSC
2020-10-26 16:25:05,1.6,37.713,15.103,17.3,EtnaRCSC
2020-10-26 17:01:42,1.4,37.741,15.122,7.5,EtnaRCSC
2020-10-26 23:42:19,0.9,37.751,15.026,1.7,EtnaRCSC
2020-10-27 10:04:07,1.1,37.749,15.004,0.9,EtnaRCSC
2020-10-27 10:07:16,1.5,37.752,15.06,3.9,EtnaRCSC
2020-10-27 10:07:55,1.0,37.779,15.075,4.2,EtnaRCSC
2020-10-27 10:09:18,1.4,37.749,14.998,0.9,EtnaRCSC
2020-10-27 10:13:15,1.3,37.749,14.996,1.0,EtnaRCSC
2020-10-27 11:05:18,1.3,37.75,15.0,1.1,EtnaRCSC
2020-10-27 13:34:04,1.1,37.733,14.928,4.8,EtnaRCSC
2020-10-27 15:17:46,1.3,37.746,15.035,5.2,EtnaRCSC
2020-10-27 15:22:49,1.4,37.745,15.033,6.0,EtnaRCSC
2020-10-27 21:05:44,1.4,37.751,15.013,1.4,EtnaRCSC
2020-10-28 01:17:45,1.5,37.748,15.029,5.6,EtnaRCSC
2020-10-28 02:50:14,1.0,37.729,15.029,0.7,EtnaRCSC
2020-10-28 03:06:21,1.1,37.751,15.007,1.5,EtnaRCSC
2020-10-28 03:53:16,3.0,37.747,15.054,5.1,EtnaRCSC
2020-10-28 04:32:56,1.4,37.748,15.037,5.1,EtnaRCSC
2020-10-28 04:58:25,2.1,37.729,15.109,5.6,EtnaRCSC
2020-10-28 08:46:59,1.2,37.751,15.079,6.0,EtnaRCSC
2020-10-28 11:05:23,1.6,37.76,14.826,14.1,EtnaRCSC
2020-10-28 17:28:49,1.1,37.751,15.0,0.0,EtnaRCSC
2020-10-28 18:39:49,0.9,37.751,15.011,0.0,EtnaRCSC
2020-10-29 02:56:36,1.0,37.707,14.998,4.6,EtnaRCSC
2020-10-29 22:31:21,1.4,37.737,15.042,6.8,EtnaRCSC
2020-10-29 23:28:21,0.9,37.752,15.074,5.2,EtnaRCSC
2020-10-30 01:59:10,0.9,37.681,14.987,2.6,EtnaRCSC
2020-10-30 02:08:55,0.7,37.683,14.953,0.9,EtnaRCSC
2020-10-30 14:34:08,1.4,37.745,15.003,1.1,EtnaRCSC
2020-10-30 17:47:11,1.4,37.752,15.002,1.9,EtnaRCSC
2020-10-30 21:18:56,1.9,37.856,14.909,26.5,EtnaRCSC
2020-10-31 01:03:02,1.6,37.743,15.005,0.5,EtnaRCSC
2020-10-31 08:19:46,1.7,37.713,14.966,8.7,EtnaRCSC
2020-10-31 10:08:20,1.2,37.747,15.027,4.1,EtnaRCSC
2020-10-31 12:22:19,1.3,37.751,15.017,3.1,EtnaRCSC
2020-10-31 12:56:38,1.2,37.744,15.041,3.9,EtnaRCSC
2020-10-31 16:14:09,1.3,37.735,15.016,-1.5,EtnaRCSC
2020-10-31 18:06:00,1.4,37.769,14.965,14.3,EtnaRCSC
2020-10-31 18:59:29,1.3,37.739,15.032,4.8,EtnaRCSC
2020-10-31 19:20:09,1.4,37.747,15.035,7.5,EtnaRCSC
2020-10-31 19:20:53,1.2,37.741,15.022,3.0,EtnaRCSC
2020-10-31 20:19:10,2.5,37.751,15.034,6.5,EtnaRCSC
2020-10-31 22:18:56,0.7,37.766,15.003,-0.2,EtnaRCSC
2020-11-01 02:51:56,1.1,37.731,15.006,2.7,EtnaRCSC
2020-11-01 11:16:55,1.2,37.753,15.0,1.5,EtnaRCSC
2020-11-01 14:46:16,0.9,37.75,15.029,3.2,EtnaRCSC
2020-11-01 18:04:50,1.3,37.721,15.01,3.2,EtnaRCSC
2020-11-01 18:05:50,1.4,37.727,14.98,8.2,EtnaRCSC
2020-11-01 18:10:02,1.1,37.699,15.034,4.2,EtnaRCSC
2020-11-01 18:15:19,0.9,37.702,15.021,0.8,EtnaRCSC
2020-11-01 20:29:21,1.1,37.74,15.002,1.8,EtnaRCSC
2020-11-01 21:44:14,1.3,37.75,14.995,1.2,EtnaRCSC
2020-11-01 21:57:29,1.3,37.757,15.005,1.4,EtnaRCSC
2020-11-01 22:07:52,1.2,37.76,15.002,1.7,EtnaRCSC
2020-11-01 22:12:02,1.0,37.727,15.006,3.1,EtnaRCSC
2020-11-01 23:11:23,1.3,37.749,15.018,5.1,EtnaRCSC
2020-11-02 01:12:00,1.1,37.797,15.097,5.5,EtnaRCSC
2020-11-02 06:56:56,1.3,37.712,15.021,4.8,EtnaRCSC
2020-11-02 15:21:46,1.2,37.749,14.993,3.1,EtnaRCSC
2020-11-02 19:57:01,1.1,37.746,15.022,4.2,EtnaRCSC
2020-11-02 21:00:57,1.3,37.746,15.128,5.4,EtnaRCSC
2020-11-02 22:32:32,1.1,37.747,15.036,4.7,EtnaRCSC
2020-11-03 01:44:37,1.3,37.716,15.013,4.4,EtnaRCSC
2020-11-03 02:31:21,1.6,37.668,15.042,7.5,EtnaRCSC
2020-11-03 02:52:24,1.3,37.653,15.138,10.4,EtnaRCSC
2020-11-03 03:59:50,1.1,37.861,15.003,8.0,EtnaRCSC
2020-11-03 05:49:00,1.5,37.827,15.0,11.0,EtnaRCSC
2020-11-03 06:15:07,1.5,37.824,15.001,10.2,EtnaRCSC
2020-11-03 08:23:57,2.2,37.838,14.999,10.7,EtnaRCSC
2020-11-03 09:38:39,1.3,37.767,14.98,10.5,EtnaRCSC
2020-11-03 09:49:30,1.5,37.828,15.0,12.2,EtnaRCSC
2020-11-03 15:22:19,1.2,37.735,14.993,6.1,EtnaRCSC
2020-11-03 15:31:44,1.3,37.742,15.013,5.9,EtnaRCSC
2020-11-03 15:59:53,1.3,37.758,15.006,2.8,EtnaRCSC
2020-11-03 16:04:40,1.1,37.755,15.007,0.9,EtnaRCSC
2020-11-03 16:07:29,1.1,37.748,15.006,1.1,EtnaRCSC
2020-11-03 16:44:12,1.2,37.799,14.998,12.7,EtnaRCSC
2020-11-03 17:04:41,1.2,37.732,15.009,3.5,EtnaRCSC
2020-11-03 17:19:37,1.7,37.833,15.001,10.8,EtnaRCSC
2020-11-03 17:33:45,1.6,37.745,15.028,4.1,EtnaRCSC
2020-11-03 22:28:18,1.5,37.771,14.98,9.8,EtnaRCSC
2020-11-04 00:31:08,1.2,37.746,15.054,5.5,EtnaRCSC
2020-11-04 09:27:56,1.1,37.725,15.071,2.4,EtnaRCSC
2020-11-04 13:24:17,1.3,37.74,15.034,3.6,EtnaRCSC
2020-11-04 13:28:45,1.1,37.743,15.024,5.1,EtnaRCSC
2020-11-04 14:02:11,1.3,37.739,15.027,3.8,EtnaRCSC
2020-11-04 17:09:45,1.2,37.745,15.001,0.5,EtnaRCSC
2020-11-04 17:19:50,2.1,37.731,14.933,9.1,EtnaRCSC
2020-11-04 17:33:18,1.2,37.755,14.971,6.5,EtnaRCSC
2020-11-04 17:45:04,1.6,37.731,15.059,9.9,EtnaRCSC
2020-11-04 17:48:10,1.3,37.74,15.036,7.1,EtnaRCSC
2020-11-04 18:22:58,1.0,37.787,15.003,1.3,EtnaRCSC
2020-11-04 20:02:10,1.3,37.747,15.038,3.0,EtnaRCSC
2020-11-04 20:02:40,1.8,37.743,15.037,3.7,EtnaRCSC
2020-11-05 03:28:54,1.5,37.704,15.026,9.6,EtnaRCSC
2020-11-05 08:36:49,1.3,37.744,15.038,6.5,EtnaRCSC
2020-11-05 09:55:14,1.3,37.76,14.994,0.1,EtnaRCSC
2020-11-05 09:57:25,1.2,37.749,14.994,1.6,EtnaRCSC
2020-11-05 11:14:40,1.2,37.751,14.999,0.7,EtnaRCSC
2020-11-05 12:57:17,1.3,37.731,15.089,4.9,EtnaRCSC
2020-11-05 14:32:20,1.2,37.752,14.994,1.5,EtnaRCSC
2020-11-05 17:00:12,1.3,37.741,14.921,5.6,EtnaRCSC
2020-11-05 17:31:07,1.2,37.735,15.051,4.8,EtnaRCSC
2020-11-05 17:32:35,1.6,37.742,15.048,2.9,EtnaRCSC
2020-11-05 17:53:20,1.3,37.731,15.053,7.1,EtnaRCSC
2020-11-05 17:56:42,0.8,37.776,15.063,3.9,EtnaRCSC
2020-11-05 18:46:16,1.3,37.744,15.054,6.8,EtnaRCSC
2020-11-05 18:49:03,1.4,37.726,14.972,6.5,EtnaRCSC
2020-11-05 18:49:14,1.6,37.726,14.979,7.7,EtnaRCSC
2020-11-05 18:53:41,1.2,37.726,14.974,4.2,EtnaRCSC
2020-11-05 18:57:45,1.5,37.705,14.967,8.6,EtnaRCSC
2020-11-05 19:21:56,1.4,37.706,14.98,10.3,EtnaRCSC
2020-11-05 20:00:04,1.1,37.754,15.026,7.3,EtnaRCSC
2020-11-05 20:08:10,3.2,37.752,15.026,5.1,EtnaRCSC
2020-11-05 20:08:31,2.9,37.74,15.043,9.3,EtnaRCSC
2020-11-05 20:09:01,1.8,37.755,15.026,3.9,EtnaRCSC
2020-11-05 20:11:14,1.1,37.742,15.012,4.8,EtnaRCSC
2020-11-05 20:16:41,1.3,37.751,15.017,6.8,EtnaRCSC
2020-11-05 20:52:11,1.3,37.757,15.033,3.8,EtnaRCSC
2020-11-05 20:52:47,1.4,37.753,15.019,4.1,EtnaRCSC
2020-11-05 21:03:34,1.8,37.753,15.027,5.4,EtnaRCSC
2020-11-05 21:04:00,2.2,37.76,15.031,5.0,EtnaRCSC
2020-11-05 21:04:30,1.5,37.75,15.025,4.9,EtnaRCSC
2020-11-05 21:04:57,2.2,37.751,15.022,5.4,EtnaRCSC
2020-11-05 21:09:10,1.3,37.745,15.033,8.7,EtnaRCSC
2020-11-05 21:18:07,1.2,37.749,15.018,4.1,EtnaRCSC
2020-11-05 21:22:00,1.3,37.751,15.025,4.8,EtnaRCSC
2020-11-05 21:22:13,2.1,37.597,14.87,11.9,EtnaRCSC
2020-11-05 21:36:14,0.8,37.686,15.089,2.7,EtnaRCSC
2020-11-05 21:50:22,1.3,37.756,15.027,8.3,EtnaRCSC
2020-11-05 21:51:16,1.1,37.692,15.03,0.9,EtnaRCSC
2020-11-05 21:51:54,1.2,37.686,15.033,0.7,EtnaRCSC
2020-11-05 21:52:47,1.1,37.75,15.031,4.3,EtnaRCSC
2020-11-05 21:54:30,1.2,37.75,15.029,6.2,EtnaRCSC
2020-11-05 21:54:57,1.3,37.745,15.013,4.2,EtnaRCSC
2020-11-05 22:05:33,1.2,37.75,15.029,5.2,EtnaRCSC
2020-11-05 22:12:38,1.2,37.755,15.03,7.9,EtnaRCSC
2020-11-05 22:21:38,1.5,37.753,15.031,4.1,EtnaRCSC
2020-11-05 22:45:38,1.1,37.768,15.018,5.1,EtnaRCSC
2020-11-05 22:50:03,1.2,37.762,15.035,6.2,EtnaRCSC
2020-11-05 22:50:34,1.4,37.764,15.033,6.6,EtnaRCSC
2020-11-05 22:50:53,1.1,37.77,15.042,7.5,EtnaRCSC
2020-11-05 22:52:00,1.4,37.751,15.034,6.3,EtnaRCSC
2020-11-05 23:10:57,1.4,37.759,15.033,6.7,EtnaRCSC
2020-11-05 23:51:37,1.2,37.677,15.012,6.2,EtnaRCSC
2020-11-05 23:53:24,1.3,37.695,15.02,11.1,EtnaRCSC
2020-11-06 00:37:47,1.3,37.718,14.981,8.4,EtnaRCSC
2020-11-06 00:39:09,1.3,37.726,14.97,7.1,EtnaRCSC
2020-11-06 01:38:41,2.1,37.725,14.96,6.1,EtnaRCSC
2020-11-06 01:47:04,1.2,37.731,14.921,5.4,EtnaRCSC
2020-11-06 01:49:47,1.2,37.724,14.965,4.7,EtnaRCSC
2020-11-06 01:50:27,1.7,37.728,14.973,5.7,EtnaRCSC
2020-11-06 01:52:17,1.2,37.747,15.024,5.3,EtnaRCSC
2020-11-06 01:55:19,1.2,37.724,14.966,6.2,EtnaRCSC
2020-11-06 02:12:41,1.2,37.736,14.96,4.2,EtnaRCSC
2020-11-06 02:17:02,1.1,37.713,14.957,5.0,EtnaRCSC
2020-11-06 02:37:43,1.1,37.726,14.953,4.9,EtnaRCSC
2020-11-06 02:38:24,1.1,37.731,14.955,4.1,EtnaRCSC
2020-11-06 03:06:13,1.3,37.764,15.024,8.8,EtnaRCSC
2020-11-06 05:38:52,2.4,37.729,14.962,6.1,EtnaRCSC
2020-11-06 05:41:28,1.5,37.726,14.956,5.5,EtnaRCSC
2020-11-06 05:42:57,1.2,37.724,14.956,4.8,EtnaRCSC
2020-11-06 05:44:06,1.4,37.718,14.962,7.3,EtnaRCSC
2020-11-06 05:45:45,1.0,37.73,14.963,4.4,EtnaRCSC
2020-11-06 05:48:32,1.3,37.719,14.96,7.4,EtnaRCSC
2020-11-06 05:58:10,1.1,37.727,14.961,4.6,EtnaRCSC
2020-11-06 06:07:58,1.5,37.724,14.961,4.4,EtnaRCSC
2020-11-06 06:08:23,1.4,37.709,14.957,6.8,EtnaRCSC
2020-11-06 06:10:19,1.5,37.721,14.965,5.7,EtnaRCSC
2020-11-06 06:12:05,1.8,37.721,14.965,6.3,EtnaRCSC
2020-11-06 06:13:12,1.2,37.705,14.946,6.3,EtnaRCSC
2020-11-06 06:13:34,2.0,37.72,14.965,6.8,EtnaRCSC
2020-11-06 06:18:33,1.4,37.726,14.959,6.2,EtnaRCSC
2020-11-06 06:22:59,1.9,37.725,14.968,5.3,EtnaRCSC
2020-11-06 06:28:55,1.3,37.717,14.965,5.8,EtnaRCSC
2020-11-06 06:29:16,1.2,37.72,14.957,4.9,EtnaRCSC
2020-11-06 06:38:35,1.8,37.718,14.965,4.8,EtnaRCSC
2020-11-06 06:55:45,1.5,37.718,14.974,8.8,EtnaRCSC
2020-11-06 07:02:03,1.6,37.721,14.971,6.3,EtnaRCSC
2020-11-06 10:42:29,1.3,37.731,15.059,6.6,EtnaRCSC
2020-11-06 16:47:17,1.4,37.749,14.999,0.4,EtnaRCSC
2020-11-06 17:48:15,1.2,37.692,15.097,3.6,EtnaRCSC
2020-11-06 19:43:04,1.0,37.753,14.999,-0.5,EtnaRCSC
2020-11-06 20:49:50,1.4,37.737,15.046,4.0,EtnaRCSC
2020-11-06 21:17:18,2.0,37.755,15.033,6.0,EtnaRCSC
2020-11-06 21:21:45,1.3,37.759,15.029,5.9,EtnaRCSC
2020-11-06 21:58:12,1.3,37.752,15.009,0.4,EtnaRCSC
2020-11-07 01:44:50,1.5,37.849,14.994,22.8,EtnaRCSC
2020-11-07 02:02:57,1.1,37.758,14.998,1.5,EtnaRCSC
2020-11-07 03:07:39,1.9,37.752,15.013,0.6,EtnaRCSC
2020-11-07 10:36:25,0.5,37.786,15.053,-1.3,EtnaRCSC
2020-11-07 11:07:47,1.1,37.743,15.044,1.1,EtnaRCSC
2020-11-07 17:20:38,1.2,37.756,14.996,0.9,EtnaRCSC
2020-11-07 18:38:54,1.3,37.663,15.118,1.6,EtnaRCSC
2020-11-07 20:41:27,1.1,37.747,15.006,-1.0,EtnaRCSC
2020-11-08 05:23:48,1.3,37.713,15.085,6.8,EtnaRCSC
2020-11-08 05:32:01,2.5,37.717,15.075,3.5,EtnaRCSC
2020-11-08 05:44:28,0.9,37.718,15.084,2.0,EtnaRCSC
2020-11-08 06:06:35,1.1,37.723,15.08,4.9,EtnaRCSC
2020-11-08 07:12:51,1.2,37.752,15.011,0.7,EtnaRCSC
2020-11-08 12:26:11,1.3,37.741,15.003,1.9,EtnaRCSC
2020-11-08 12:29:02,1.2,37.757,15.005,0.6,EtnaRCSC
2020-11-09 00:16:05,1.1,37.752,15.008,1.4,EtnaRCSC
2020-11-09 03:06:33,1.1,37.748,14.999,1.6,EtnaRCSC
2020-11-09 03:57:18,1.2,37.726,15.013,0.7,EtnaRCSC
2020-11-09 10:25:44,2.0,37.723,15.053,16.1,EtnaRCSC
2020-11-09 16:03:56,1.1,37.756,15.028,4.2,EtnaRCSC
2020-11-09 16:22:12,1.2,37.751,15.036,6.8,EtnaRCSC
2020-11-09 20:24:24,1.4,37.667,15.092,10.3,EtnaRCSC
2020-11-10 03:15:24,1.2,37.733,14.986,3.8,EtnaRCSC
2020-11-10 06:00:14,1.2,37.736,15.037,5.3,EtnaRCSC
2020-11-10 10:21:34,1.6,37.723,15.158,7.5,EtnaRCSC
2020-11-10 12:59:46,1.2,37.733,15.039,4.7,EtnaRCSC
2020-11-10 18:02:28,0.8,37.749,15.072,1.2,EtnaRCSC
2020-11-10 23:03:31,1.4,37.74,15.018,6.2,EtnaRCSC
2020-11-11 01:04:25,1.2,37.75,15.037,3.8,EtnaRCSC
2020-11-11 10:42:26,1.3,37.745,15.036,3.4,EtnaRCSC
2020-11-11 14:14:24,1.6,37.727,14.934,12.9,EtnaRCSC
2020-11-11 17:25:32,1.9,37.715,14.965,23.7,EtnaRCSC
2020-11-12 00:18:54,1.1,37.741,15.035,3.4,EtnaRCSC
2020-11-12 07:19:56,1.4,37.733,15.027,9.1,EtnaRCSC
2020-11-12 10:12:18,1.4,37.74,15.035,3.6,EtnaRCSC
2020-11-12 13:56:55,1.9,37.748,14.994,0.8,EtnaRCSC
2020-11-12 19:46:30,1.1,37.739,15.032,2.6,EtnaRCSC
2020-11-12 20:37:48,1.5,37.725,14.958,8.4,EtnaRCSC
2020-11-13 08:32:05,1.8,37.716,14.985,7.5,EtnaRCSC
2020-11-13 14:24:54,1.3,37.749,15.001,1.4,EtnaRCSC
2020-11-13 18:08:22,1.3,37.745,15.061,5.0,EtnaRCSC
2020-11-13 19:59:37,1.3,37.742,15.039,3.0,EtnaRCSC
2020-11-13 20:19:07,1.3,37.74,15.004,5.1,EtnaRCSC
2020-11-13 20:42:50,1.1,37.753,15.006,0.9,EtnaRCSC
2020-11-14 00:49:50,1.3,37.751,14.995,0.4,EtnaRCSC
2020-11-14 02:33:56,1.6,37.752,14.997,1.2,EtnaRCSC
2020-11-14 03:14:33,1.2,37.71,15.08,3.5,EtnaRCSC
2020-11-14 05:26:18,1.5,37.749,15.035,7.4,EtnaRCSC
2020-11-14 07:43:24,1.4,37.644,14.893,10.6,EtnaRCSC
2020-11-15 09:10:22,1.6,37.744,15.055,3.0,EtnaRCSC
2020-11-15 09:27:09,1.8,37.741,15.055,3.8,EtnaRCSC
2020-11-16 00:25:42,1.3,37.746,15.023,3.7,EtnaRCSC
2020-11-16 00:58:23,1.4,37.753,14.997,1.4,EtnaRCSC
2020-11-16 09:30:57,1.4,37.759,14.996,1.1,EtnaRCSC
2020-11-16 13:27:03,1.7,37.753,15.007,2.0,EtnaRCSC
2020-11-16 13:39:30,1.4,37.758,15.079,5.3,EtnaRCSC
2020-11-16 13:40:15,1.4,37.734,15.048,4.3,EtnaRCSC
2020-11-16 13:41:51,1.3,37.751,15.065,4.5,EtnaRCSC
2020-11-16 13:42:09,1.6,37.739,15.053,4.2,EtnaRCSC
2020-11-16 13:44:26,1.8,37.74,15.052,5.4,EtnaRCSC
2020-11-16 16:02:59,1.4,37.752,15.113,8.9,EtnaRCSC
2020-11-16 17:07:05,1.1,37.751,15.007,1.2,EtnaRCSC
2020-11-16 18:15:35,1.4,37.719,15.018,5.4,EtnaRCSC
2020-11-16 23:57:31,1.2,37.673,15.092,3.4,EtnaRCSC
2020-11-17 06:04:46,2.1,37.752,14.998,1.1,EtnaRCSC
2020-11-17 08:25:17,1.3,37.738,15.069,4.4,EtnaRCSC
2020-11-17 14:05:57,1.2,37.754,15.031,1.9,EtnaRCSC
2020-11-17 21:06:03,1.4,37.737,15.002,3.3,EtnaRCSC
2020-11-17 21:49:05,1.9,37.752,14.97,21.5,EtnaRCSC
2020-11-18 10:09:33,1.3,37.778,15.076,6.7,EtnaRCSC
2020-11-18 15:25:33,1.2,37.75,15.004,1.0,EtnaRCSC
2020-11-18 15:34:47,1.9,37.819,15.245,3.4,EtnaRCSC
2020-11-18 16:46:15,1.5,37.848,15.055,10.0,EtnaRCSC
2020-11-18 17:49:00,1.3,37.759,15.002,1.8,EtnaRCSC
2020-11-18 18:00:35,2.0,37.756,15.002,1.5,EtnaRCSC
2020-11-18 18:16:56,1.4,37.754,15.003,1.8,EtnaRCSC
2020-11-18 18:27:10,1.2,37.743,15.064,4.3,EtnaRCSC
2020-11-19 01:13:16,1.2,37.802,15.097,7.2,EtnaRCSC
2020-11-19 01:21:14,1.3,37.797,15.071,10.0,EtnaRCSC
2020-11-19 06:50:19,1.3,37.73,14.913,4.9,EtnaRCSC
2020-11-19 07:26:50,1.3,37.756,14.996,1.2,EtnaRCSC
2020-11-19 11:42:39,1.3,37.727,14.885,5.7,EtnaRCSC
2020-11-19 12:15:54,1.7,37.747,15.024,2.2,EtnaRCSC
2020-11-19 14:49:02,1.2,37.727,14.914,4.9,EtnaRCSC
2020-11-19 15:34:45,1.9,37.699,14.746,19.0,EtnaRCSC
2020-11-19 15:40:11,1.3,37.739,14.915,4.4,EtnaRCSC
2020-11-19 16:26:55,1.2,37.736,14.902,4.6,EtnaRCSC
2020-11-19 23:01:20,0.9,37.655,15.1,1.6,EtnaRCSC
2020-11-19 23:24:05,1.7,37.698,14.703,18.0,EtnaRCSC
2020-11-20 03:21:41,1.9,37.885,14.907,20.3,EtnaRCSC
2020-11-20 04:22:49,1.2,37.734,15.037,4.2,EtnaRCSC
2020-11-20 10:30:17,1.5,37.74,15.002,3.6,EtnaRCSC
2020-11-20 15:52:58,1.6,37.736,15.008,4.2,EtnaRCSC
2020-11-20 17:38:05,1.1,37.759,15.007,2.1,EtnaRCSC
2020-11-20 21:32:48,1.2,37.756,14.989,1.8,EtnaRCSC
2020-11-20 22:02:24,1.8,37.751,15.03,4.1,EtnaRCSC
2020-11-21 00:59:25,1.4,37.724,14.969,8.7,EtnaRCSC
2020-11-21 02:03:36,1.2,37.751,14.999,1.3,EtnaRCSC
2020-11-21 04:23:27,1.2,37.714,15.051,2.7,EtnaRCSC
2020-11-21 08:38:38,1.6,37.698,15.109,4.6,EtnaRCSC
2020-11-21 08:40:08,1.5,37.695,15.094,6.1,EtnaRCSC
2020-11-21 08:58:25,1.2,37.703,15.109,4.9,EtnaRCSC
2020-11-21 12:50:48,1.1,37.701,15.095,6.1,EtnaRCSC
2020-11-21 13:10:20,1.4,37.761,15.022,5.2,EtnaRCSC
2020-11-21 13:12:24,1.3,37.763,15.022,3.4,EtnaRCSC
2020-11-21 13:55:25,2.5,37.706,15.112,5.8,EtnaRCSC
2020-11-21 14:30:57,1.3,37.685,15.112,5.8,EtnaRCSC
2020-11-21 16:38:37,1.1,37.716,15.104,5.5,EtnaRCSC
2020-11-21 22:02:43,1.2,37.753,15.034,2.7,EtnaRCSC
2020-11-22 01:07:10,1.6,37.743,15.088,15.3,EtnaRCSC
2020-11-22 01:28:04,1.7,37.748,15.131,10.3,EtnaRCSC
2020-11-22 02:35:48,1.8,37.754,15.142,15.2,EtnaRCSC
2020-11-22 06:34:59,1.4,37.754,15.005,0.6,EtnaRCSC
2020-11-22 07:02:12,1.4,37.735,15.032,5.6,EtnaRCSC
2020-11-22 07:25:53,1.7,37.74,15.03,7.0,EtnaRCSC
2020-11-22 09:16:39,1.4,37.74,15.002,4.1,EtnaRCSC
2020-11-22 10:03:20,1.3,37.752,14.993,1.2,EtnaRCSC
2020-11-22 15:33:20,1.4,37.729,15.035,5.8,EtnaRCSC
2020-11-22 15:42:46,1.3,37.752,15.004,1.9,EtnaRCSC
2020-11-22 16:47:49,1.4,37.741,15.011,1.9,EtnaRCSC
2020-11-22 21:27:33,1.2,37.756,15.022,5.0,EtnaRCSC
2020-11-22 21:56:26,1.1,37.748,15.013,0.3,EtnaRCSC
2020-11-23 01:26:51,1.3,37.751,15.053,3.9,EtnaRCSC
2020-11-23 03:11:26,1.3,37.753,14.995,1.2,EtnaRCSC
2020-11-23 04:32:59,1.4,37.753,15.038,7.9,EtnaRCSC
2020-11-23 09:42:18,1.0,37.743,15.074,3.2,EtnaRCSC
2020-11-23 12:34:02,1.6,37.749,15.042,5.4,EtnaRCSC
2020-11-23 16:20:25,0.9,37.763,15.041,2.0,EtnaRCSC
2020-11-24 00:06:20,1.2,37.727,15.012,4.8,EtnaRCSC
2020-11-24 05:51:41,1.5,37.697,15.027,7.9,EtnaRCSC
2020-11-24 10:55:26,1.2,37.732,15.05,5.2,EtnaRCSC
2020-11-24 19:46:28,2.5,37.752,15.062,4.7,EtnaRCSC
2020-11-24 20:12:47,1.3,37.737,15.03,6.2,EtnaRCSC
2020-11-24 20:19:29,1.0,37.737,15.072,4.9,EtnaRCSC
2020-11-24 21:54:27,1.2,37.775,15.097,10.4,EtnaRCSC
2020-11-24 22:48:04,1.3,37.75,15.029,4.1,EtnaRCSC
2020-11-25 00:33:42,1.4,37.745,14.99,3.6,EtnaRCSC
2020-11-25 12:49:54,1.4,37.731,14.996,6.5,EtnaRCSC
2020-11-25 20:08:15,1.2,37.746,14.991,0.6,EtnaRCSC
2020-11-25 22:14:05,1.6,37.675,15.033,2.3,EtnaRCSC
2020-11-25 22:24:26,1.2,37.757,14.985,1.8,EtnaRCSC
2020-11-26 02:24:11,1.3,37.761,15.057,10.3,EtnaRCSC
2020-11-26 02:40:12,1.3,37.729,14.978,7.1,EtnaRCSC
2020-11-26 12:07:53,1.2,37.754,15.009,1.6,EtnaRCSC
2020-11-26 12:50:02,1.1,37.747,15.006,-1.3,EtnaRCSC
2020-11-26 21:44:22,1.1,37.701,14.937,5.1,EtnaRCSC
2020-11-26 22:12:22,1.1,37.757,15.059,4.4,EtnaRCSC
2020-11-27 03:13:14,1.0,37.748,15.066,1.8,EtnaRCSC
2020-11-27 04:06:02,1.2,37.749,15.03,3.5,EtnaRCSC
2020-11-27 04:11:11,1.6,37.74,14.977,10.1,EtnaRCSC
2020-11-27 04:15:13,1.1,37.753,15.056,3.0,EtnaRCSC
2020-11-27 04:15:44,1.5,37.723,14.994,11.9,EtnaRCSC
2020-11-27 05:36:18,1.1,37.74,15.063,4.4,EtnaRCSC
2020-11-27 10:14:12,1.3,37.735,15.06,5.1,EtnaRCSC
2020-11-27 10:35:55,1.5,37.738,14.956,8.7,EtnaRCSC
2020-11-27 14:22:34,1.3,37.749,14.995,0.6,EtnaRCSC
2020-11-27 16:25:27,1.3,37.76,15.024,6.2,EtnaRCSC
2020-11-28 03:20:11,1.2,37.751,15.045,3.8,EtnaRCSC
2020-11-28 05:46:13,1.6,37.744,15.033,8.3,EtnaRCSC
2020-11-28 13:30:18,1.2,37.808,15.006,4.0,EtnaRCSC
2020-11-29 15:00:29,1.6,37.733,14.937,6.8,EtnaRCSC
2020-11-29 16:20:13,1.2,37.752,15.052,4.1,EtnaRCSC
2020-11-29 16:20:31,1.7,37.744,15.051,5.1,EtnaRCSC
2020-11-29 19:50:09,0.7,37.798,15.057,-1.6,EtnaRCSC
2020-11-29 20:04:27,1.6,37.75,15.055,3.0,EtnaRCSC
2020-11-29 22:33:28,1.4,37.74,15.047,3.6,EtnaRCSC
2020-11-30 09:19:02,1.3,37.732,14.993,2.3,EtnaRCSC
2020-11-30 14:39:26,1.3,37.725,15.017,4.4,EtnaRCSC
2020-11-30 21:49:39,1.4,37.663,14.862,6.5,EtnaRCSC
2020-11-30 22:02:11,1.7,37.645,14.902,3.3,EtnaRCSC
2020-11-30 22:09:51,1.6,37.642,14.922,3.0,EtnaRCSC
2020-11-30 22:21:54,1.1,37.646,14.909,2.0,EtnaRCSC
2020-11-30 22:45:14,1.1,37.648,14.904,1.5,EtnaRCSC
2020-11-30 23:04:41,1.7,37.638,14.92,3.2,EtnaRCSC
2020-11-30 23:06:57,2.3,37.64,14.931,2.6,EtnaRCSC
2020-11-30 23:07:58,1.0,37.647,14.903,2.0,EtnaRCSC
2020-11-30 23:08:31,1.0,37.654,14.895,0.8,EtnaRCSC
2020-11-30 23:25:15,1.2,37.657,14.915,3.5,EtnaRCSC
2020-11-30 23:33:24,0.8,37.659,14.915,1.2,EtnaRCSC
2020-12-01 00:14:14,1.2,37.648,14.907,1.6,EtnaRCSC
2020-12-01 01:09:38,1.4,37.644,14.906,2.6,EtnaRCSC
2020-12-01 06:14:44,1.2,37.664,14.917,6.7,EtnaRCSC
2020-12-01 10:41:42,1.2,37.733,15.063,3.4,EtnaRCSC
2020-12-01 11:23:14,1.6,37.768,14.894,10.0,EtnaRCSC
2020-12-01 13:05:27,0.8,37.759,15.084,1.8,EtnaRCSC
2020-12-01 13:34:48,1.3,37.753,15.003,0.7,EtnaRCSC
2020-12-01 16:57:59,1.3,37.735,14.982,3.7,EtnaRCSC
2020-12-02 02:46:56,1.2,37.737,15.055,2.8,EtnaRCSC
2020-12-02 02:52:49,1.2,37.735,15.047,3.1,EtnaRCSC
2020-12-02 03:23:38,1.2,37.739,15.038,3.1,EtnaRCSC
2020-12-02 03:48:37,1.2,37.732,15.048,4.0,EtnaRCSC
2020-12-02 05:55:13,1.4,37.745,15.034,5.2,EtnaRCSC
2020-12-02 23:56:45,1.4,37.725,14.989,3.9,EtnaRCSC
2020-12-03 00:55:36,1.3,37.755,15.007,1.3,EtnaRCSC
2020-12-03 03:10:39,1.7,37.742,15.0,1.6,EtnaRCSC
2020-12-03 08:47:11,1.2,37.751,14.99,0.7,EtnaRCSC
2020-12-03 16:03:29,1.5,37.759,14.966,5.7,EtnaRCSC
2020-12-03 16:14:02,1.9,37.754,14.972,7.5,EtnaRCSC
2020-12-03 16:15:55,1.6,37.759,14.932,11.2,EtnaRCSC
2020-12-03 16:17:59,1.6,37.759,14.958,9.5,EtnaRCSC
2020-12-04 03:56:59,1.3,37.74,14.995,1.9,EtnaRCSC
2020-12-05 07:33:49,1.5,37.755,15.036,7.1,EtnaRCSC
2020-12-05 19:29:41,1.3,37.741,15.046,3.3,EtnaRCSC
2020-12-06 11:49:57,2.4,37.796,14.972,23.8,EtnaRCSC
2020-12-06 20:47:45,1.3,37.723,14.959,9.1,EtnaRCSC
2020-12-06 22:37:28,2.1,37.771,14.883,24.3,EtnaRCSC
2020-12-06 22:38:25,2.4,37.767,14.884,22.0,EtnaRCSC
2020-12-06 22:40:27,2.6,37.783,14.885,20.7,EtnaRCSC
2020-12-06 22:40:40,2.7,37.823,14.886,21.5,EtnaRCSC
2020-12-06 22:42:43,1.9,37.766,14.891,22.4,EtnaRCSC
2020-12-06 22:43:21,1.8,37.737,14.884,27.8,EtnaRCSC
2020-12-06 22:43:32,1.8,37.749,14.84,24.6,EtnaRCSC
2020-12-06 22:44:42,1.6,37.783,14.901,16.5,EtnaRCSC
2020-12-06 22:45:57,1.8,37.766,14.905,20.2,EtnaRCSC
2020-12-06 22:51:21,2.0,37.761,14.896,23.5,EtnaRCSC
2020-12-06 22:55:40,2.0,37.757,14.891,23.1,EtnaRCSC
2020-12-06 22:58:58,1.6,37.752,14.897,24.3,EtnaRCSC
2020-12-06 22:59:20,2.3,37.769,14.91,20.2,EtnaRCSC
2020-12-06 23:25:19,1.8,37.755,14.904,23.4,EtnaRCSC
2020-12-07 04:23:07,1.0,37.746,15.037,4.0,EtnaRCSC
2020-12-07 08:23:41,1.4,37.746,15.112,7.8,EtnaRCSC
2020-12-07 08:34:27,1.1,37.744,15.101,7.3,EtnaRCSC
2020-12-07 09:29:13,1.5,37.723,14.987,7.2,EtnaRCSC
2020-12-07 09:44:25,1.2,37.715,14.984,7.8,EtnaRCSC
2020-12-07 10:33:21,1.2,37.739,15.11,9.0,EtnaRCSC
2020-12-07 13:59:42,1.9,37.756,14.888,22.1,EtnaRCSC
2020-12-07 14:00:06,2.6,37.752,14.881,22.3,EtnaRCSC
2020-12-07 14:01:00,2.9,37.759,14.878,23.3,EtnaRCSC
2020-12-07 21:06:37,1.2,37.729,15.041,7.6,EtnaRCSC
2020-12-08 00:37:00,1.1,37.726,14.999,6.6,EtnaRCSC
2020-12-08 02:36:33,1.0,37.736,15.023,5.5,EtnaRCSC
2020-12-08 05:58:46,1.1,37.794,14.928,4.0,EtnaRCSC
2020-12-09 10:54:15,1.0,37.743,15.06,3.9,EtnaRCSC
2020-12-09 16:07:18,1.2,37.727,15.021,5.8,EtnaRCSC
2020-12-09 17:26:55,1.4,37.725,14.974,8.5,EtnaRCSC
2020-12-09 17:28:48,1.2,37.726,14.972,5.6,EtnaRCSC
2020-12-09 17:33:06,1.5,37.733,14.968,6.5,EtnaRCSC
2020-12-09 17:33:57,2.4,37.732,14.971,5.8,EtnaRCSC
2020-12-09 17:35:01,1.3,37.724,14.976,7.8,EtnaRCSC
2020-12-09 17:36:45,1.2,37.726,14.964,7.0,EtnaRCSC
2020-12-09 17:37:01,1.2,37.728,14.978,7.1,EtnaRCSC
2020-12-09 17:37:19,2.2,37.705,14.98,10.6,EtnaRCSC
2020-12-09 17:37:34,2.1,37.735,14.972,6.5,EtnaRCSC
2020-12-09 17:37:47,2.1,37.716,14.948,6.2,EtnaRCSC
2020-12-09 17:41:25,1.6,37.725,14.975,7.8,EtnaRCSC
2020-12-09 17:56:52,1.7,37.696,14.986,12.2,EtnaRCSC
2020-12-09 17:57:08,1.7,37.716,14.978,8.8,EtnaRCSC
2020-12-09 18:09:33,1.3,37.729,14.985,6.7,EtnaRCSC
2020-12-09 20:34:54,1.2,37.729,14.982,6.1,EtnaRCSC
2020-12-09 23:19:03,1.2,37.692,14.95,7.3,EtnaRCSC
2020-12-09 23:27:42,1.3,37.744,14.946,7.7,EtnaRCSC
2020-12-09 23:35:02,1.1,37.746,15.032,5.5,EtnaRCSC
2020-12-10 04:57:58,1.5,37.733,14.956,7.2,EtnaRCSC
2020-12-10 05:24:43,2.2,37.73,14.971,8.6,EtnaRCSC
2020-12-10 05:25:13,1.6,37.733,14.961,5.1,EtnaRCSC
2020-12-10 10:09:45,1.3,37.691,15.112,4.7,EtnaRCSC
2020-12-10 11:52:43,1.0,37.802,15.056,-0.6,EtnaRCSC
2020-12-10 11:52:57,1.2,37.809,15.06,-0.1,EtnaRCSC
2020-12-10 21:55:26,1.5,37.736,14.991,4.1,EtnaRCSC
2020-12-11 05:11:20,1.1,37.731,15.054,4.3,EtnaRCSC
2020-12-11 05:13:16,1.3,37.729,15.007,4.6,EtnaRCSC
2020-12-11 10:43:13,1.1,37.739,15.062,4.4,EtnaRCSC
2020-12-11 11:32:51,1.5,37.742,15.03,2.8,EtnaRCSC
2020-12-11 11:33:07,1.3,37.739,15.035,3.6,EtnaRCSC
2020-12-11 12:41:11,1.7,37.738,14.988,2.6,EtnaRCSC
2020-12-11 21:04:07,1.0,37.723,14.946,1.8,EtnaRCSC
2020-12-11 21:14:38,1.0,37.735,15.004,1.7,EtnaRCSC
2020-12-12 05:13:16,1.4,37.787,15.197,7.4,EtnaRCSC
2020-12-12 05:23:17,1.0,37.787,15.194,5.9,EtnaRCSC
2020-12-12 06:39:41,1.2,37.735,15.036,5.2,EtnaRCSC
2020-12-12 12:58:39,1.4,37.719,14.938,6.8,EtnaRCSC
2020-12-12 12:59:52,1.3,37.725,14.937,8.6,EtnaRCSC
2020-12-12 15:09:35,1.2,37.717,14.938,3.7,EtnaRCSC
2020-12-12 16:22:24,2.6,37.726,14.95,7.1,EtnaRCSC
2020-12-12 16:24:33,1.3,37.727,14.948,6.2,EtnaRCSC
2020-12-12 16:27:59,1.3,37.725,14.936,5.4,EtnaRCSC
2020-12-12 16:40:05,1.4,37.721,14.956,8.1,EtnaRCSC
2020-12-12 16:40:38,1.4,37.726,14.947,7.8,EtnaRCSC
2020-12-12 16:41:49,1.4,37.722,14.942,9.1,EtnaRCSC
2020-12-12 16:55:51,1.9,37.726,14.948,6.1,EtnaRCSC
2020-12-12 17:01:31,1.3,37.727,14.94,7.6,EtnaRCSC
2020-12-12 18:30:11,1.3,37.728,14.941,7.9,EtnaRCSC
2020-12-12 21:39:45,1.5,37.727,14.948,6.5,EtnaRCSC
2020-12-12 21:40:29,1.6,37.726,14.949,6.5,EtnaRCSC
2020-12-12 22:43:14,1.0,37.672,14.96,4.4,EtnaRCSC
2020-12-12 22:55:55,1.6,37.731,14.953,6.7,EtnaRCSC
2020-12-12 22:56:55,2.1,37.718,14.953,8.9,EtnaRCSC
2020-12-12 23:41:29,1.6,37.725,14.955,7.6,EtnaRCSC
2020-12-13 01:17:54,0.8,37.741,15.04,-1.6,EtnaRCSC
2020-12-13 03:15:49,1.2,37.725,14.958,6.5,EtnaRCSC
2020-12-13 04:42:09,1.3,37.736,15.04,6.9,EtnaRCSC
2020-12-13 10:10:07,1.1,37.74,15.036,5.3,EtnaRCSC
2020-12-13 11:28:45,1.3,37.729,14.968,9.0,EtnaRCSC
2020-12-13 11:31:33,1.4,37.724,14.961,7.8,EtnaRCSC
2020-12-13 11:55:17,1.1,37.71,14.926,5.7,EtnaRCSC
2020-12-13 11:57:07,1.1,37.714,15.017,5.2,EtnaRCSC
2020-12-13 12:37:39,1.2,37.726,15.053,4.6,EtnaRCSC
2020-12-13 14:13:52,1.3,37.742,15.043,5.9,EtnaRCSC
2020-12-13 15:22:00,1.6,37.727,14.96,8.2,EtnaRCSC
2020-12-13 15:34:50,1.0,37.742,14.95,6.1,EtnaRCSC
2020-12-13 18:06:30,2.6,37.642,14.912,6.1,EtnaRCSC
2020-12-13 18:22:42,1.8,37.622,14.907,11.9,EtnaRCSC
2020-12-14 05:21:13,1.5,37.74,15.046,6.4,EtnaRCSC
2020-12-14 20:19:21,1.4,37.745,15.058,5.9,EtnaRCSC
2020-12-16 01:25:24,0.6,37.751,15.114,3.1,EtnaRCSC
2020-12-16 19:49:14,0.9,37.673,14.945,3.0,EtnaRCSC
2020-12-16 22:01:23,1.6,37.722,14.929,10.2,EtnaRCSC
2020-12-16 23:50:47,1.4,37.555,14.86,12.4,EtnaRCSC
2020-12-17 03:28:22,0.7,37.761,15.04,3.8,EtnaRCSC
2020-12-17 04:21:04,1.2,37.722,15.03,8.5,EtnaRCSC
2020-12-17 07:58:56,1.6,37.632,14.972,3.7,EtnaRCSC
2020-12-17 08:56:13,0.9,37.707,14.971,-1.6,EtnaRCSC
2020-12-17 12:02:55,1.2,37.723,15.106,8.6,EtnaRCSC
2020-12-18 11:07:54,1.3,37.73,15.008,7.5,EtnaRCSC
2020-12-18 19:02:55,1.7,37.73,14.908,5.5,EtnaRCSC
2020-12-18 19:07:55,1.2,37.737,14.908,6.4,EtnaRCSC
2020-12-18 22:48:32,1.1,37.744,15.012,5.9,EtnaRCSC
2020-12-19 09:01:56,1.1,37.741,15.012,1.4,EtnaRCSC
2020-12-19 09:10:22,1.0,37.71,15.035,0.3,EtnaRCSC
2020-12-19 09:14:33,1.0,37.743,15.009,1.8,EtnaRCSC
2020-12-19 09:19:10,1.0,37.742,15.026,0.1,EtnaRCSC
2020-12-19 09:19:48,1.0,37.741,15.011,1.8,EtnaRCSC
2020-12-19 09:20:18,1.0,37.737,15.019,1.7,EtnaRCSC
2020-12-19 09:21:27,1.0,37.743,15.012,1.1,EtnaRCSC
2020-12-19 09:22:47,1.0,37.749,15.021,-1.2,EtnaRCSC
2020-12-19 09:24:13,1.1,37.742,15.007,2.3,EtnaRCSC
2020-12-19 09:30:30,2.3,37.717,14.988,24.8,EtnaRCSC
2020-12-19 09:39:27,1.1,37.746,15.003,2.1,EtnaRCSC
2020-12-19 09:57:53,1.0,37.73,15.012,3.7,EtnaRCSC
2020-12-19 10:05:35,0.9,37.742,15.014,-1.0,EtnaRCSC
2020-12-19 10:06:04,1.3,37.735,15.013,2.5,EtnaRCSC
2020-12-19 10:06:47,1.2,37.741,15.009,1.8,EtnaRCSC
2020-12-19 10:14:23,1.0,37.729,15.021,1.7,EtnaRCSC
2020-12-19 10:17:38,0.9,37.733,15.012,2.7,EtnaRCSC
2020-12-19 10:22:12,1.0,37.738,15.009,2.3,EtnaRCSC
2020-12-19 10:22:56,1.4,37.721,15.042,8.5,EtnaRCSC
2020-12-19 10:30:05,0.9,37.723,15.032,0.4,EtnaRCSC
2020-12-19 10:32:14,1.0,37.732,15.009,3.0,EtnaRCSC
2020-12-19 10:33:40,1.1,37.743,15.004,2.1,EtnaRCSC
2020-12-19 10:36:52,0.9,37.741,15.009,2.0,EtnaRCSC
2020-12-19 10:40:38,1.1,37.739,15.006,1.5,EtnaRCSC
2020-12-19 10:44:54,1.5,37.734,15.006,3.1,EtnaRCSC
2020-12-19 10:48:31,1.0,37.744,15.008,1.3,EtnaRCSC
2020-12-19 10:53:12,1.1,37.737,15.002,2.3,EtnaRCSC
2020-12-19 10:55:58,1.1,37.741,15.009,0.4,EtnaRCSC
2020-12-19 11:07:21,0.8,37.743,15.015,1.2,EtnaRCSC
2020-12-19 11:09:28,1.2,37.742,15.007,1.3,EtnaRCSC
2020-12-19 11:14:23,1.0,37.737,15.014,1.5,EtnaRCSC
2020-12-19 11:16:09,1.1,37.739,15.008,1.6,EtnaRCSC
2020-12-19 11:22:03,1.1,37.74,15.011,1.8,EtnaRCSC
2020-12-19 11:23:24,1.1,37.744,15.014,1.9,EtnaRCSC
2020-12-19 11:27:00,1.1,37.747,15.008,1.8,EtnaRCSC
2020-12-19 11:31:25,1.0,37.742,15.001,1.2,EtnaRCSC
2020-12-19 11:32:14,1.1,37.733,15.016,3.3,EtnaRCSC
2020-12-19 11:35:42,0.9,37.738,15.011,1.8,EtnaRCSC
2020-12-19 11:38:33,0.9,37.742,15.021,0.5,EtnaRCSC
2020-12-19 11:40:24,1.2,37.741,15.005,2.0,EtnaRCSC
2020-12-19 11:45:52,1.3,37.742,15.003,1.5,EtnaRCSC
2020-12-19 11:49:39,1.1,37.744,14.999,3.1,EtnaRCSC
2020-12-19 11:49:59,1.1,37.741,15.009,2.0,EtnaRCSC
2020-12-19 11:59:48,0.9,37.728,15.012,2.3,EtnaRCSC
2020-12-19 12:09:52,1.0,37.742,15.01,1.1,EtnaRCSC
2020-12-19 12:14:10,1.1,37.742,15.012,1.4,EtnaRCSC
2020-12-19 12:26:52,1.2,37.74,15.003,2.1,EtnaRCSC
2020-12-19 12:30:51,1.7,37.683,14.931,-1.3,EtnaRCSC
2020-12-19 12:45:52,1.0,37.739,15.012,2.8,EtnaRCSC
2020-12-19 12:53:01,1.0,37.741,15.005,1.3,EtnaRCSC
2020-12-19 12:58:09,1.2,37.734,15.004,5.4,EtnaRCSC
2020-12-19 13:08:33,1.1,37.737,15.01,3.2,EtnaRCSC
2020-12-19 13:19:22,0.7,37.732,15.014,-1.6,EtnaRCSC
2020-12-19 13:23:35,0.9,37.745,15.017,2.2,EtnaRCSC
2020-12-19 13:43:16,0.8,37.754,15.004,0.6,EtnaRCSC
2020-12-19 13:58:59,0.9,37.743,15.008,2.3,EtnaRCSC
2020-12-19 14:10:49,1.1,37.743,14.999,1.3,EtnaRCSC
2020-12-19 14:41:03,1.1,37.734,14.983,3.2,EtnaRCSC
2020-12-19 15:24:14,1.4,37.751,15.026,5.8,EtnaRCSC
2020-12-19 15:25:47,1.1,37.733,15.024,4.7,EtnaRCSC
2020-12-19 15:48:10,1.1,37.731,15.014,2.7,EtnaRCSC
2020-12-19 16:44:07,1.2,37.784,15.035,7.5,EtnaRCSC
2020-12-19 16:44:32,1.0,37.752,15.007,4.9,EtnaRCSC
2020-12-19 16:52:14,0.7,37.739,15.032,1.4,EtnaRCSC
2020-12-19 20:51:01,1.3,37.718,14.945,9.6,EtnaRCSC
2020-12-19 20:53:27,1.3,37.717,14.956,8.1,EtnaRCSC
2020-12-20 01:23:21,1.0,37.753,15.053,5.0,EtnaRCSC
2020-12-20 14:17:01,1.9,37.72,14.966,6.6,EtnaRCSC
2020-12-21 01:37:02,1.3,37.745,15.008,1.9,EtnaRCSC
2020-12-21 03:04:38,1.2,37.734,14.993,2.1,EtnaRCSC
2020-12-21 04:27:35,1.8,37.606,15.005,16.5,EtnaRCSC
2020-12-21 04:27:49,1.8,37.677,14.909,11.0,EtnaRCSC
2020-12-21 04:32:20,1.5,37.641,14.979,8.4,EtnaRCSC
2020-12-21 04:39:31,1.7,37.58,14.923,13.7,EtnaRCSC
2020-12-21 04:43:59,1.9,37.65,14.931,17.6,EtnaRCSC
2020-12-21 04:59:01,1.9,37.573,14.916,15.4,EtnaRCSC
2020-12-21 06:28:51,1.2,37.758,15.015,-1.4,EtnaRCSC
2020-12-21 17:54:09,1.3,37.741,15.048,4.1,EtnaRCSC
2020-12-21 19:41:41,1.1,37.783,15.063,9.2,EtnaRCSC
2020-12-21 22:22:57,0.7,37.748,15.116,2.9,EtnaRCSC
2020-12-22 07:23:52,1.7,37.694,14.992,13.1,EtnaRCSC
2020-12-22 07:34:00,1.8,37.709,14.986,9.4,EtnaRCSC
2020-12-22 10:05:46,1.7,37.731,15.063,9.6,EtnaRCSC
2020-12-22 10:06:14,1.2,37.735,15.037,0.2,EtnaRCSC
2020-12-22 11:58:01,0.6,37.677,14.969,2.7,EtnaRCSC
2020-12-22 22:19:09,1.3,37.733,14.964,4.1,EtnaRCSC
2020-12-23 15:08:12,1.2,37.722,14.958,4.1,EtnaRCSC
2020-12-24 06:43:53,1.3,37.74,15.055,2.4,EtnaRCSC
2020-12-24 14:11:04,1.3,37.768,14.968,7.8,EtnaRCSC
2020-12-25 01:20:15,1.0,37.738,15.029,3.9,EtnaRCSC
2020-12-25 02:28:29,0.9,37.746,15.06,3.4,EtnaRCSC
2020-12-25 13:26:58,1.8,37.747,14.913,24.8,EtnaRCSC
2020-12-25 20:55:56,1.1,37.729,15.12,7.7,EtnaRCSC
2020-12-26 01:00:41,2.5,37.639,14.952,1.4,EtnaRCSC
2020-12-26 05:04:14,0.9,37.755,15.081,4.2,EtnaRCSC
2020-12-26 05:43:49,1.1,37.636,14.949,8.0,EtnaRCSC
2020-12-26 05:43:57,1.0,37.658,14.94,2.1,EtnaRCSC
2020-12-26 07:05:42,2.0,37.784,14.908,20.6,EtnaRCSC
2020-12-26 07:44:52,1.6,37.797,14.9,20.7,EtnaRCSC
2020-12-26 08:18:36,1.4,37.778,14.937,13.4,EtnaRCSC
2020-12-26 08:59:38,2.2,37.763,14.92,21.5,EtnaRCSC
2020-12-26 12:07:21,1.1,37.725,15.099,5.0,EtnaRCSC
2020-12-26 12:23:28,1.0,37.751,15.097,6.9,EtnaRCSC
2020-12-26 12:51:53,0.8,37.628,14.963,4.0,EtnaRCSC
2020-12-26 16:32:08,1.1,37.702,14.935,1.1,EtnaRCSC
2020-12-26 17:44:41,0.8,37.782,15.047,0.9,EtnaRCSC
2020-12-26 19:00:57,1.1,37.745,15.075,6.4,EtnaRCSC
2020-12-26 19:31:09,1.1,37.738,15.053,6.3,EtnaRCSC
2020-12-26 23:51:57,1.1,37.622,14.967,5.8,EtnaRCSC
2020-12-27 02:36:10,1.0,37.763,15.075,3.1,EtnaRCSC
2020-12-27 02:40:12,0.9,37.748,15.058,1.4,EtnaRCSC
2020-12-27 03:19:56,1.3,37.72,14.983,5.5,EtnaRCSC
2020-12-27 04:31:03,0.8,37.69,15.102,-1.6,EtnaRCSC
2020-12-27 08:17:29,1.2,37.735,15.05,5.7,EtnaRCSC
2020-12-27 15:02:07,1.2,37.747,15.037,4.8,EtnaRCSC
2020-12-27 16:36:11,1.4,37.756,15.032,8.0,EtnaRCSC
2020-12-27 20:12:39,1.2,37.756,15.034,6.1,EtnaRCSC
2020-12-28 02:23:53,0.7,37.684,14.913,-1.4,EtnaRCSC
2020-12-28 04:43:59,1.4,37.74,15.044,6.4,EtnaRCSC
2020-12-28 12:04:14,1.1,37.77,14.873,2.9,EtnaRCSC
2020-12-28 20:24:30,1.0,37.752,15.027,0.4,EtnaRCSC
2020-12-29 16:24:14,1.2,37.73,14.974,5.6,EtnaRCSC
2020-12-29 21:54:38,1.4,37.759,14.947,5.9,EtnaRCSC
2020-12-30 00:44:57,0.6,37.695,14.959,0.0,EtnaRCSC
2020-12-30 10:10:32,1.2,37.67,14.948,4.4,EtnaRCSC
2020-12-30 14:27:09,1.2,37.707,15.1,4.7,EtnaRCSC
2020-12-31 17:31:22,0.8,37.677,14.968,-1.0,EtnaRCSC
2020-12-31 19:59:47,2.7,37.687,14.956,9.6,EtnaRCSC
2020-12-31 20:01:47,1.9,37.669,14.947,14.7,EtnaRCSC
2020-12-31 20:02:08,2.8,37.679,14.949,9.5,EtnaRCSC
2020-12-31 20:05:44,2.8,37.681,14.95,10.8,EtnaRCSC
2020-12-31 20:06:43,2.4,37.674,14.947,12.6,EtnaRCSC
2020-12-31 20:07:23,2.0,37.666,14.935,12.0,EtnaRCSC
2020-12-31 20:18:33,1.7,37.656,14.935,15.7,EtnaRCSC
2020-12-31 20:25:51,3.0,37.682,14.952,10.5,EtnaRCSC
2020-12-31 20:27:11,2.7,37.681,14.951,11.0,EtnaRCSC
2020-12-31 20:28:01,3.2,37.683,14.956,10.8,EtnaRCSC
2020-12-31 20:29:00,2.2,37.684,14.974,11.5,EtnaRCSC
2020-12-31 20:30:52,3.5,37.688,14.958,9.6,EtnaRCSC
2020-12-31 20:32:07,2.2,37.677,14.938,10.0,EtnaRCSC
2020-12-31 20:32:36,2.0,37.66,14.967,14.7,EtnaRCSC
2020-12-31 20:33:00,1.7,37.689,14.956,11.6,EtnaRCSC
2020-12-31 20:33:14,1.8,37.658,14.974,14.1,EtnaRCSC
2020-12-31 20:33:35,1.7,37.67,14.963,11.3,EtnaRCSC
2020-12-31 20:33:47,2.2,37.672,14.939,12.8,EtnaRCSC
2020-12-31 20:39:37,1.9,37.683,14.958,10.6,EtnaRCSC
2020-12-31 20:45:38,2.4,37.684,14.957,9.6,EtnaRCSC
2020-12-31 20:47:39,2.1,37.671,14.974,13.3,EtnaRCSC
2020-12-31 20:51:01,1.8,37.683,14.976,14.3,EtnaRCSC
2020-12-31 20:58:10,3.4,37.687,14.959,9.6,EtnaRCSC
2020-12-31 21:02:27,2.1,37.666,14.961,12.1,EtnaRCSC
2020-12-31 21:18:50,1.8,37.68,14.968,11.9,EtnaRCSC
2020-12-31 21:51:22,3.2,37.689,14.966,9.9,EtnaRCSC
2020-12-31 21:54:39,3.7,37.696,14.964,9.9,EtnaRCSC
2020-12-31 22:09:45,1.9,37.684,14.962,11.7,EtnaRCSC
2020-12-31 22:19:26,1.8,37.688,14.951,10.0,EtnaRCSC
2020-12-31 22:22:36,1.6,37.673,14.924,13.1,EtnaRCSC
2020-12-31 22:36:03,1.5,37.677,14.924,9.9,EtnaRCSC
2020-12-31 23:27:16,2.1,37.686,14.953,10.1,EtnaRCSC
2020-12-31 23:41:18,1.8,37.673,14.954,10.6,EtnaRCSC
2021-01-01 00:12:15,2.9,37.695,14.963,12.2,EtnaRCSC
2021-01-01 00:17:01,1.9,37.671,14.939,14.1,EtnaRCSC
2021-01-01 00:42:46,1.5,37.653,14.951,16.4,EtnaRCSC
2021-01-01 00:44:22,1.4,37.654,14.918,13.0,EtnaRCSC
2021-01-01 00:57:23,1.2,37.672,14.893,7.2,EtnaRCSC
2021-01-01 01:05:22,1.3,37.687,14.921,6.8,EtnaRCSC
2021-01-01 01:20:26,1.2,37.683,14.877,4.3,EtnaRCSC
2021-01-01 01:28:17,1.2,37.745,15.02,5.3,EtnaRCSC
2021-01-01 01:49:57,1.6,37.663,14.922,11.0,EtnaRCSC
2021-01-01 02:15:06,1.5,37.682,14.944,9.0,EtnaRCSC
2021-01-01 02:43:17,1.4,37.685,14.962,12.8,EtnaRCSC
2021-01-01 03:11:03,1.3,37.731,14.963,16.2,EtnaRCSC
2021-01-01 03:12:51,1.6,37.671,15.009,21.4,EtnaRCSC
2021-01-01 03:22:45,1.7,37.619,14.936,18.6,EtnaRCSC
2021-01-01 05:04:10,1.4,37.792,15.015,-1.1,EtnaRCSC
2021-01-01 06:04:42,1.7,37.649,14.92,17.3,EtnaRCSC
2021-01-01 08:43:57,1.7,37.649,14.884,18.8,EtnaRCSC
2021-01-01 09:39:11,1.3,37.752,15.037,5.4,EtnaRCSC
2021-01-01 12:16:24,1.2,37.693,14.937,7.9,EtnaRCSC
2021-01-01 13:05:43,1.0,37.69,14.927,6.6,EtnaRCSC
2021-01-01 13:20:26,1.7,37.671,14.954,14.3,EtnaRCSC
2021-01-01 16:37:02,1.3,37.697,14.95,10.8,EtnaRCSC
2021-01-01 16:51:06,1.4,37.668,14.932,15.8,EtnaRCSC
2021-01-01 17:19:19,0.7,37.662,15.105,2.1,EtnaRCSC
2021-01-01 17:30:57,1.4,37.677,14.951,11.0,EtnaRCSC
2021-01-01 17:43:42,1.3,37.672,14.932,19.5,EtnaRCSC
2021-01-01 18:07:28,1.4,37.661,14.959,12.1,EtnaRCSC
2021-01-01 20:39:44,1.6,37.661,14.798,19.2,EtnaRCSC
2021-01-01 20:41:10,1.6,37.665,14.936,16.4,EtnaRCSC
2021-01-01 20:42:10,1.6,37.643,14.931,17.0,EtnaRCSC
2021-01-01 20:46:08,1.7,37.667,14.978,14.3,EtnaRCSC
2021-01-01 20:48:27,1.4,37.67,14.964,11.5,EtnaRCSC
2021-01-01 21:12:38,1.8,37.679,14.936,11.3,EtnaRCSC
2021-01-01 21:46:13,0.9,37.706,14.923,-1.3,EtnaRCSC
2021-01-02 06:35:00,1.4,37.636,14.943,7.3,EtnaRCSC
2021-01-02 06:43:56,1.5,37.689,14.944,12.3,EtnaRCSC
2021-01-02 06:47:50,1.4,37.663,15.08,3.4,EtnaRCSC
2021-01-02 06:55:25,1.3,37.647,15.068,7.3,EtnaRCSC
2021-01-02 07:00:52,1.5,37.644,14.868,13.2,EtnaRCSC
2021-01-02 07:06:25,1.8,37.67,15.079,2.1,EtnaRCSC
2021-01-02 07:16:57,1.5,37.673,15.077,1.3,EtnaRCSC
2021-01-02 07:19:27,1.5,37.673,15.078,1.0,EtnaRCSC
2021-01-02 07:44:40,2.3,37.677,14.955,11.2,EtnaRCSC
2021-01-02 17:07:58,0.8,37.662,15.101,1.9,EtnaRCSC
2021-01-02 18:13:27,1.2,37.842,15.112,2.3,EtnaRCSC
2021-01-02 18:32:25,1.3,37.67,14.948,11.7,EtnaRCSC
2021-01-02 19:03:03,1.4,37.671,14.919,11.8,EtnaRCSC
2021-01-02 21:07:36,1.4,37.659,14.913,14.4,EtnaRCSC
2021-01-02 21:08:10,1.3,37.632,14.921,13.7,EtnaRCSC
2021-01-02 21:08:26,1.7,37.677,14.988,16.0,EtnaRCSC
2021-01-03 04:13:21,0.8,37.752,15.093,4.2,EtnaRCSC
2021-01-03 07:58:35,2.0,37.69,14.968,10.1,EtnaRCSC
2021-01-03 08:00:47,1.4,37.677,14.995,15.9,EtnaRCSC
2021-01-03 08:25:14,2.6,37.688,14.966,9.8,EtnaRCSC
2021-01-03 09:58:50,1.3,37.688,14.973,11.9,EtnaRCSC
2021-01-03 10:34:39,1.3,37.735,15.054,6.9,EtnaRCSC
2021-01-03 11:10:03,1.4,37.675,14.965,12.5,EtnaRCSC
2021-01-03 11:14:02,1.6,37.673,15.003,15.6,EtnaRCSC
2021-01-03 11:15:05,1.5,37.667,15.004,16.0,EtnaRCSC
2021-01-03 21:11:20,1.1,37.749,14.954,4.1,EtnaRCSC
2021-01-03 23:20:31,2.4,37.72,14.915,18.4,EtnaRCSC
2021-01-04 01:27:47,1.1,37.739,15.036,2.0,EtnaRCSC
2021-01-04 08:24:48,1.8,37.74,14.979,10.2,EtnaRCSC
2021-01-04 08:32:36,1.6,37.735,14.983,10.1,EtnaRCSC
2021-01-04 08:44:13,1.4,37.72,14.985,10.0,EtnaRCSC
2021-01-04 08:57:55,1.1,37.741,15.107,6.4,EtnaRCSC
2021-01-04 12:48:28,1.2,37.706,15.047,3.0,EtnaRCSC
2021-01-04 14:09:57,1.4,37.728,14.915,4.8,EtnaRCSC
2021-01-04 21:34:29,1.0,37.75,15.034,-0.4,EtnaRCSC
2021-01-04 23:30:37,1.4,37.682,14.952,11.1,EtnaRCSC
2021-01-05 06:32:42,1.2,37.686,14.914,-1.5,EtnaRCSC
2021-01-05 14:54:04,1.1,37.7,15.091,1.7,EtnaRCSC
2021-01-05 21:04:49,1.0,37.776,15.114,4.1,EtnaRCSC
2021-01-06 00:41:15,1.1,37.762,15.028,1.8,EtnaRCSC
2021-01-07 08:36:08,1.4,37.759,15.043,9.3,EtnaRCSC
2021-01-07 08:36:46,1.6,37.765,15.03,9.2,EtnaRCSC
2021-01-07 08:37:54,1.4,37.752,15.026,8.3,EtnaRCSC
2021-01-07 13:19:24,1.6,37.751,15.016,9.4,EtnaRCSC
2021-01-07 16:30:40,1.3,37.685,15.073,8.8,EtnaRCSC
2021-01-07 18:43:56,1.4,37.674,14.904,10.3,EtnaRCSC
2021-01-07 19:27:08,1.4,37.674,15.063,9.4,EtnaRCSC
2021-01-07 20:26:01,1.3,37.736,14.942,4.6,EtnaRCSC
2021-01-07 20:26:26,1.0,37.731,14.925,3.8,EtnaRCSC
2021-01-07 20:26:46,1.4,37.736,14.944,5.8,EtnaRCSC
2021-01-08 12:16:33,1.1,37.754,15.021,1.2,EtnaRCSC
2021-01-08 17:54:32,1.9,37.754,15.01,0.8,EtnaRCSC
2021-01-08 18:00:10,1.1,37.753,15.004,1.6,EtnaRCSC
2021-01-08 18:10:48,1.0,37.759,15.005,1.2,EtnaRCSC
2021-01-08 21:19:26,1.2,37.752,15.01,0.5,EtnaRCSC
2021-01-09 03:30:54,1.6,37.825,15.039,21.2,EtnaRCSC
2021-01-10 04:13:36,1.3,37.758,15.129,6.5,EtnaRCSC
2021-01-10 04:13:52,1.4,37.756,15.119,8.6,EtnaRCSC
2021-01-10 06:24:08,1.6,37.754,15.006,1.2,EtnaRCSC
2021-01-10 07:00:52,1.4,37.759,15.128,8.8,EtnaRCSC
2021-01-10 12:14:38,1.2,37.759,15.109,6.5,EtnaRCSC
2021-01-10 16:45:03,1.3,37.78,14.978,1.0,EtnaRCSC
2021-01-10 17:41:21,1.1,37.77,15.12,6.8,EtnaRCSC
2021-01-10 17:52:07,1.3,37.773,15.099,10.8,EtnaRCSC
2021-01-10 21:29:28,1.5,37.75,15.009,0.8,EtnaRCSC
2021-01-11 05:51:19,1.8,37.735,15.033,7.5,EtnaRCSC
2021-01-11 05:51:48,1.5,37.74,15.031,5.1,EtnaRCSC
2021-01-11 05:52:10,1.9,37.747,15.029,5.4,EtnaRCSC
2021-01-11 05:58:56,1.6,37.685,14.919,-1.5,EtnaRCSC
2021-01-11 06:35:32,1.1,37.783,15.007,-0.6,EtnaRCSC
2021-01-11 06:48:23,1.8,37.746,15.049,5.1,EtnaRCSC
2021-01-11 07:12:44,1.8,37.723,15.068,11.9,EtnaRCSC
2021-01-11 07:16:34,1.3,37.738,14.999,1.9,EtnaRCSC
2021-01-11 09:24:41,1.5,37.742,15.14,10.2,EtnaRCSC
2021-01-11 10:41:16,1.4,37.753,15.009,0.8,EtnaRCSC
2021-01-11 13:31:03,1.4,37.744,15.062,3.7,EtnaRCSC
2021-01-11 13:33:14,1.3,37.767,15.007,3.1,EtnaRCSC
2021-01-11 13:33:25,1.3,37.734,15.014,-1.0,EtnaRCSC
2021-01-11 15:18:45,1.0,37.755,15.02,-1.3,EtnaRCSC
2021-01-11 20:01:14,1.2,37.753,14.997,-1.6,EtnaRCSC
2021-01-12 03:31:25,2.3,37.753,15.005,0.2,EtnaRCSC
2021-01-12 03:42:30,1.4,37.751,15.008,1.0,EtnaRCSC
2021-01-12 03:45:14,1.2,37.773,15.005,2.9,EtnaRCSC
2021-01-12 04:15:39,1.2,37.744,15.006,-0.3,EtnaRCSC
2021-01-12 05:20:03,2.0,37.75,15.0,0.2,EtnaRCSC
2021-01-12 05:58:10,1.2,37.755,14.999,0.9,EtnaRCSC
2021-01-12 07:12:33,1.5,37.711,14.992,7.8,EtnaRCSC
2021-01-12 09:52:05,1.4,37.741,15.065,5.3,EtnaRCSC
2021-01-12 12:04:21,1.2,37.757,15.002,1.5,EtnaRCSC
2021-01-12 16:11:30,1.3,37.754,15.004,1.5,EtnaRCSC
2021-01-12 22:14:25,1.4,37.753,15.003,0.2,EtnaRCSC
2021-01-12 22:37:24,1.5,37.748,15.03,6.3,EtnaRCSC
2021-01-13 01:26:25,1.5,37.689,15.173,3.9,EtnaRCSC
2021-01-13 05:08:54,1.8,37.758,15.051,4.0,EtnaRCSC
2021-01-13 05:09:26,1.4,37.761,15.064,4.7,EtnaRCSC
2021-01-13 09:35:31,1.6,37.749,15.014,0.0,EtnaRCSC
2021-01-13 11:38:17,1.3,37.748,14.998,2.0,EtnaRCSC
2021-01-13 14:27:47,2.0,37.756,15.009,0.7,EtnaRCSC
2021-01-13 14:29:21,1.4,37.752,15.009,1.2,EtnaRCSC
2021-01-13 16:05:30,1.2,37.752,15.009,0.4,EtnaRCSC
2021-01-13 16:35:23,1.3,37.75,15.01,1.8,EtnaRCSC
2021-01-13 17:28:15,1.3,37.751,15.006,1.5,EtnaRCSC
2021-01-13 17:56:25,1.7,37.738,15.051,10.2,EtnaRCSC
2021-01-14 04:10:18,1.2,37.684,14.964,3.8,EtnaRCSC
2021-01-14 04:58:57,1.3,37.751,14.925,4.9,EtnaRCSC
2021-01-14 06:40:47,1.6,37.756,15.006,1.2,EtnaRCSC
2021-01-14 06:55:53,1.4,37.752,14.922,5.0,EtnaRCSC
2021-01-14 09:53:23,1.4,37.744,14.994,0.2,EtnaRCSC
2021-01-14 14:59:28,1.7,37.704,14.959,8.1,EtnaRCSC
2021-01-14 15:13:28,1.8,37.718,14.968,9.6,EtnaRCSC
2021-01-14 18:50:43,1.4,37.753,14.993,1.1,EtnaRCSC
2021-01-14 18:53:56,1.4,37.754,14.997,0.9,EtnaRCSC
2021-01-14 21:08:11,1.4,37.751,14.99,0.2,EtnaRCSC
2021-01-14 21:47:10,1.5,37.753,15.001,1.5,EtnaRCSC
2021-01-14 22:04:32,1.2,37.887,15.183,22.5,EtnaRCSC
2021-01-14 22:04:39,1.3,37.892,15.197,22.7,EtnaRCSC
2021-01-14 22:37:38,1.2,37.883,15.177,21.5,EtnaRCSC
2021-01-15 02:06:37,1.5,37.756,15.006,1.8,EtnaRCSC
2021-01-15 02:20:00,1.4,37.786,14.996,1.0,EtnaRCSC
2021-01-15 03:01:51,1.4,37.757,15.004,0.9,EtnaRCSC
2021-01-15 03:17:29,1.4,37.761,15.001,2.2,EtnaRCSC
2021-01-15 03:21:50,1.9,37.767,15.0,3.3,EtnaRCSC
2021-01-15 03:21:56,1.5,37.74,14.998,0.6,EtnaRCSC
2021-01-15 03:22:02,1.5,37.756,15.022,0.6,EtnaRCSC
2021-01-15 03:23:22,1.4,37.767,15.003,1.8,EtnaRCSC
2021-01-15 03:48:56,1.6,37.753,15.009,1.7,EtnaRCSC
2021-01-15 04:32:19,1.4,37.756,15.011,1.8,EtnaRCSC
2021-01-15 05:13:01,1.3,37.754,15.008,1.0,EtnaRCSC
2021-01-15 05:55:46,1.6,37.758,15.01,0.7,EtnaRCSC
2021-01-15 06:39:55,1.5,37.729,14.883,7.2,EtnaRCSC
2021-01-15 07:36:53,1.3,37.755,15.007,0.8,EtnaRCSC
2021-01-15 08:29:30,1.4,37.754,15.002,2.3,EtnaRCSC
2021-01-15 08:30:36,1.2,37.753,15.006,0.5,EtnaRCSC
2021-01-15 09:45:07,1.5,37.743,15.017,3.9,EtnaRCSC
2021-01-15 12:08:45,1.6,37.77,15.162,9.7,EtnaRCSC
2021-01-15 12:55:47,2.1,37.756,15.007,0.8,EtnaRCSC
2021-01-15 13:06:37,1.2,37.758,15.007,0.7,EtnaRCSC
2021-01-15 13:22:42,1.1,37.75,15.007,0.6,EtnaRCSC
2021-01-15 15:33:28,1.3,37.751,14.999,0.6,EtnaRCSC
2021-01-15 17:42:12,1.3,37.751,15.015,5.3,EtnaRCSC
2021-01-15 18:54:07,1.4,37.754,15.005,1.7,EtnaRCSC
2021-01-15 20:59:17,1.5,37.752,15.004,1.2,EtnaRCSC
2021-01-15 21:06:58,1.5,37.746,15.006,0.7,EtnaRCSC
2021-01-15 21:10:14,1.3,37.744,15.001,1.2,EtnaRCSC
2021-01-15 21:17:40,1.3,37.758,15.007,1.1,EtnaRCSC
2021-01-15 23:01:36,1.3,37.758,15.008,0.2,EtnaRCSC
2021-01-16 02:23:35,1.6,37.751,15.001,0.5,EtnaRCSC
2021-01-16 02:38:10,1.9,37.628,15.035,18.3,EtnaRCSC
2021-01-16 04:19:05,1.6,37.735,14.962,7.9,EtnaRCSC
2021-01-16 09:35:35,1.7,37.892,15.204,18.3,EtnaRCSC
2021-01-16 12:37:40,1.6,37.751,14.993,0.9,EtnaRCSC
2021-01-16 15:21:10,3.2,37.835,15.046,19.7,EtnaRCSC
2021-01-16 16:24:32,1.6,37.75,14.998,1.4,EtnaRCSC
2021-01-16 17:47:37,3.4,37.753,14.994,0.5,EtnaRCSC
2021-01-16 17:53:15,1.4,37.76,15.001,2.1,EtnaRCSC
2021-01-16 18:07:33,1.8,37.756,14.999,1.8,EtnaRCSC
2021-01-16 21:08:14,3.3,37.833,15.044,20.4,EtnaRCSC
2021-01-16 21:31:09,1.4,37.759,15.002,1.7,EtnaRCSC
2021-01-16 22:25:39,1.2,37.743,15.044,4.1,EtnaRCSC
2021-01-17 01:13:52,1.3,37.752,14.985,1.0,EtnaRCSC
2021-01-17 03:11:32,1.3,37.77,15.006,2.9,EtnaRCSC
2021-01-17 03:16:56,1.0,37.792,15.026,2.8,EtnaRCSC
2021-01-17 06:30:08,1.4,37.752,14.998,1.5,EtnaRCSC
2021-01-17 07:04:05,2.3,37.716,14.948,1.1,EtnaRCSC
2021-01-17 08:44:28,1.7,37.881,15.059,14.9,EtnaRCSC
2021-01-17 13:45:19,1.4,37.755,15.01,1.3,EtnaRCSC
2021-01-17 16:38:20,2.1,37.84,15.046,18.7,EtnaRCSC
2021-01-17 20:42:19,1.6,37.758,15.027,6.1,EtnaRCSC
2021-01-17 21:23:29,1.6,37.737,15.033,3.5,EtnaRCSC
2021-01-18 08:40:57,1.2,37.726,15.071,3.6,EtnaRCSC
2021-01-18 13:24:16,1.9,37.786,15.043,20.5,EtnaRCSC
2021-01-18 13:58:40,2.5,37.835,15.071,24.6,EtnaRCSC
2021-01-18 15:56:17,1.5,37.74,15.03,4.9,EtnaRCSC
2021-01-18 19:18:46,2.2,37.852,15.049,15.5,EtnaRCSC
2021-01-19 01:55:29,1.1,37.753,14.994,1.9,EtnaRCSC
2021-01-19 02:18:49,1.6,37.857,15.061,20.8,EtnaRCSC
2021-01-19 02:50:44,1.5,37.868,15.057,15.7,EtnaRCSC
2021-01-19 04:54:56,1.5,37.837,15.053,18.9,EtnaRCSC
2021-01-19 07:00:48,1.9,37.864,15.058,22.9,EtnaRCSC
2021-01-19 08:25:14,1.2,37.717,15.104,5.4,EtnaRCSC
2021-01-19 09:04:26,1.6,37.819,15.019,12.4,EtnaRCSC
2021-01-19 09:44:07,1.0,37.742,15.115,5.0,EtnaRCSC
2021-01-19 22:02:59,1.1,37.743,14.872,3.9,EtnaRCSC
2021-01-19 22:08:10,1.0,37.744,14.872,4.2,EtnaRCSC
2021-01-19 22:14:27,1.4,37.743,14.87,4.1,EtnaRCSC
2021-01-19 22:34:42,1.4,37.74,14.873,4.1,EtnaRCSC
2021-01-19 23:00:08,1.5,37.743,14.866,3.5,EtnaRCSC
2021-01-19 23:19:18,2.6,37.782,15.016,20.6,EtnaRCSC
2021-01-19 23:44:25,1.8,37.745,14.87,3.9,EtnaRCSC
2021-01-20 01:14:31,1.3,37.753,14.884,3.7,EtnaRCSC
2021-01-20 01:29:03,1.5,37.744,14.873,6.1,EtnaRCSC
2021-01-20 01:37:04,1.5,37.744,14.867,3.9,EtnaRCSC
2021-01-20 02:08:03,1.4,37.731,14.852,5.7,EtnaRCSC
2021-01-20 02:37:34,1.0,37.763,15.108,4.2,EtnaRCSC
2021-01-20 04:14:47,2.5,37.853,15.04,16.9,EtnaRCSC
2021-01-20 04:48:53,1.3,37.709,14.991,3.7,EtnaRCSC
2021-01-20 16:18:39,1.1,37.897,15.138,17.9,EtnaRCSC
2021-01-20 16:25:21,1.4,37.747,15.056,3.4,EtnaRCSC
2021-01-20 17:56:23,1.3,37.892,15.195,19.5,EtnaRCSC
2021-01-20 20:23:41,1.7,37.828,15.048,20.7,EtnaRCSC
2021-01-20 21:46:33,1.6,37.826,15.053,21.3,EtnaRCSC
2021-01-21 04:12:44,1.2,37.713,14.818,3.6,EtnaRCSC
2021-01-21 19:30:40,1.6,37.731,15.147,18.3,EtnaRCSC
2021-01-22 03:41:54,2.2,37.774,15.009,16.1,EtnaRCSC
2021-01-22 11:58:44,1.2,37.858,15.039,12.5,EtnaRCSC
2021-01-22 11:59:08,1.9,37.838,15.046,21.2,EtnaRCSC
2021-01-22 15:16:57,1.7,37.736,15.001,3.7,EtnaRCSC
2021-01-22 16:40:39,1.2,37.612,14.967,-1.4,EtnaRCSC
2021-01-22 19:16:31,1.4,37.743,14.995,3.5,EtnaRCSC
2021-01-22 19:22:54,1.9,37.839,15.049,22.5,EtnaRCSC
2021-01-22 19:37:15,1.7,37.823,15.059,19.7,EtnaRCSC
2021-01-22 23:02:17,1.4,37.791,15.031,11.7,EtnaRCSC
2021-01-23 02:39:44,1.5,37.735,15.117,18.2,EtnaRCSC
2021-01-23 03:50:00,1.4,37.836,15.024,19.4,EtnaRCSC
2021-01-23 04:10:56,1.4,37.821,15.051,20.8,EtnaRCSC
2021-01-23 05:28:49,1.5,37.83,15.044,19.0,EtnaRCSC
2021-01-23 10:15:10,1.6,37.726,15.113,6.4,EtnaRCSC
2021-01-23 11:25:32,1.6,37.819,15.039,21.0,EtnaRCSC
2021-01-23 11:25:54,1.7,37.825,15.062,21.4,EtnaRCSC
2021-01-23 11:30:27,1.5,37.745,15.147,11.5,EtnaRCSC
2021-01-23 14:44:54,1.7,37.756,15.12,11.7,EtnaRCSC
2021-01-23 19:02:53,1.5,37.74,15.033,3.9,EtnaRCSC
2021-01-24 00:03:28,1.7,37.762,15.097,13.6,EtnaRCSC
2021-01-24 00:05:47,1.6,37.735,15.13,19.3,EtnaRCSC
2021-01-24 00:10:34,1.7,37.753,15.123,10.1,EtnaRCSC
2021-01-24 03:05:02,2.1,37.745,15.131,13.6,EtnaRCSC
2021-01-24 03:16:10,1.2,37.749,15.141,12.7,EtnaRCSC
2021-01-24 03:43:55,1.4,37.751,15.131,11.3,EtnaRCSC
2021-01-24 04:12:34,1.9,37.753,15.117,17.8,EtnaRCSC
2021-01-24 04:17:41,1.9,37.795,15.023,17.7,EtnaRCSC
2021-01-24 04:29:05,1.6,37.76,15.15,14.3,EtnaRCSC
2021-01-24 04:42:47,1.7,37.747,15.123,19.6,EtnaRCSC
2021-01-24 06:14:05,1.7,37.743,15.152,13.7,EtnaRCSC
2021-01-24 07:14:05,1.7,37.765,15.112,17.3,EtnaRCSC
2021-01-24 07:22:14,1.8,37.749,15.174,17.9,EtnaRCSC
2021-01-24 07:38:50,1.8,37.763,15.108,17.0,EtnaRCSC
2021-01-24 07:53:13,1.5,37.751,15.143,13.3,EtnaRCSC
2021-01-24 07:54:37,1.8,37.768,15.134,17.3,EtnaRCSC
2021-01-24 08:02:47,1.7,37.747,15.103,10.2,EtnaRCSC
2021-01-24 08:10:23,2.1,37.759,15.143,18.4,EtnaRCSC
2021-01-24 08:20:07,2.1,37.759,15.158,16.1,EtnaRCSC
2021-01-24 08:20:45,1.7,37.741,15.103,17.0,EtnaRCSC
2021-01-24 08:34:13,1.8,37.749,15.115,14.6,EtnaRCSC
2021-01-24 08:34:58,1.6,37.746,15.112,12.3,EtnaRCSC
2021-01-24 08:45:37,2.3,37.758,15.119,14.4,EtnaRCSC
2021-01-24 08:51:39,1.6,37.761,15.107,12.3,EtnaRCSC
2021-01-24 09:02:31,1.7,37.741,15.118,13.5,EtnaRCSC
2021-01-24 09:05:39,1.5,37.753,15.141,12.0,EtnaRCSC
2021-01-24 09:05:59,1.6,37.749,15.135,11.9,EtnaRCSC
2021-01-24 09:11:49,1.9,37.753,15.093,16.1,EtnaRCSC
2021-01-24 09:16:35,1.5,37.747,15.154,12.1,EtnaRCSC
2021-01-24 09:18:36,2.0,37.767,15.2,20.5,EtnaRCSC
2021-01-24 09:22:17,1.6,37.761,15.092,9.5,EtnaRCSC
2021-01-24 09:23:09,2.1,37.736,15.109,16.0,EtnaRCSC
2021-01-24 09:24:03,1.3,37.741,15.127,13.3,EtnaRCSC
2021-01-24 09:24:49,1.2,37.758,15.168,9.6,EtnaRCSC
2021-01-24 09:25:40,1.4,37.744,15.147,11.7,EtnaRCSC
2021-01-24 09:26:05,2.1,37.749,15.092,17.5,EtnaRCSC
2021-01-24 09:27:41,1.8,37.747,15.114,16.3,EtnaRCSC
2021-01-24 09:35:40,2.3,37.729,15.121,22.3,EtnaRCSC
2021-01-24 09:37:18,1.6,37.735,15.142,11.5,EtnaRCSC
2021-01-24 09:42:43,2.0,37.756,15.069,16.7,EtnaRCSC
2021-01-24 09:44:46,2.2,37.75,15.096,14.8,EtnaRCSC
2021-01-24 09:50:19,2.0,37.716,15.166,20.3,EtnaRCSC
2021-01-24 09:53:33,2.2,37.728,15.126,20.2,EtnaRCSC
2021-01-24 09:58:02,1.5,37.752,15.165,10.7,EtnaRCSC
2021-01-24 10:01:43,2.3,37.73,15.133,21.4,EtnaRCSC
2021-01-24 10:06:06,1.8,37.734,15.129,13.8,EtnaRCSC
2021-01-24 10:07:36,1.6,37.739,15.14,13.3,EtnaRCSC
2021-01-24 10:13:29,2.1,37.741,15.134,16.1,EtnaRCSC
2021-01-24 10:17:26,2.1,37.753,15.089,21.2,EtnaRCSC
2021-01-24 10:18:55,1.5,37.745,15.152,11.7,EtnaRCSC
2021-01-24 10:20:39,2.1,37.735,15.132,20.3,EtnaRCSC
2021-01-24 10:55:42,1.7,37.744,15.088,15.7,EtnaRCSC
2021-01-24 10:56:07,1.9,37.735,15.137,16.7,EtnaRCSC
2021-01-24 10:58:47,1.7,37.738,15.111,14.4,EtnaRCSC
2021-01-24 11:10:42,2.3,37.744,15.13,9.7,EtnaRCSC
2021-01-24 11:11:25,1.9,37.748,15.121,13.7,EtnaRCSC
2021-01-24 11:12:28,2.0,37.772,15.038,18.1,EtnaRCSC
2021-01-24 11:13:46,1.7,37.728,15.125,14.6,EtnaRCSC
2021-01-24 11:18:43,1.7,37.756,15.103,15.0,EtnaRCSC
2021-01-24 11:19:46,2.0,37.723,15.117,19.6,EtnaRCSC
2021-01-24 11:39:09,2.1,37.729,15.092,18.7,EtnaRCSC
2021-01-24 11:46:02,2.3,37.727,15.111,20.3,EtnaRCSC
2021-01-24 12:04:30,2.0,37.738,15.077,18.1,EtnaRCSC
2021-01-24 12:06:18,2.5,37.74,15.103,19.4,EtnaRCSC
2021-01-24 12:06:57,2.1,37.751,15.16,19.1,EtnaRCSC
2021-01-24 12:08:22,1.7,37.74,15.081,15.7,EtnaRCSC
2021-01-24 12:15:09,1.7,37.748,15.131,11.5,EtnaRCSC
2021-01-24 12:18:55,2.2,37.738,15.139,18.8,EtnaRCSC
2021-01-24 12:20:10,2.3,37.74,15.153,20.2,EtnaRCSC
2021-01-24 12:27:24,1.9,37.78,15.022,12.0,EtnaRCSC
2021-01-24 12:27:44,2.0,37.754,15.086,19.4,EtnaRCSC
2021-01-24 12:38:07,1.3,37.748,15.145,10.9,EtnaRCSC
2021-01-24 12:38:47,1.5,37.748,15.15,11.9,EtnaRCSC
2021-01-24 12:56:49,1.7,37.75,15.112,9.4,EtnaRCSC
2021-01-24 12:59:17,1.8,37.749,15.132,9.9,EtnaRCSC
2021-01-24 13:10:30,2.0,37.731,15.085,16.1,EtnaRCSC
2021-01-24 13:14:30,2.0,37.732,15.118,20.4,EtnaRCSC
2021-01-24 13:16:26,1.7,37.76,15.137,11.0,EtnaRCSC
2021-01-24 13:18:41,1.9,37.742,15.104,18.2,EtnaRCSC
2021-01-24 13:26:07,2.4,37.745,15.136,20.4,EtnaRCSC
2021-01-24 13:27:30,2.3,37.734,15.138,20.0,EtnaRCSC
2021-01-24 13:29:57,1.3,37.79,15.139,-0.2,EtnaRCSC
2021-01-24 13:39:46,1.8,37.744,15.077,16.4,EtnaRCSC
2021-01-24 13:45:10,2.2,37.744,15.128,12.7,EtnaRCSC
2021-01-24 13:47:02,2.1,37.753,15.125,18.7,EtnaRCSC
2021-01-24 13:52:08,1.6,37.742,15.126,8.7,EtnaRCSC
2021-01-24 14:05:25,1.7,37.75,15.111,10.9,EtnaRCSC
2021-01-24 14:27:29,1.8,37.751,15.095,13.8,EtnaRCSC
2021-01-24 14:38:20,1.9,37.734,15.096,17.9,EtnaRCSC
2021-01-24 14:49:55,2.1,37.728,15.116,19.5,EtnaRCSC
2021-01-24 15:13:36,2.2,37.751,15.105,20.5,EtnaRCSC
2021-01-24 16:19:56,1.7,37.746,15.11,15.3,EtnaRCSC
2021-01-24 16:32:29,2.0,37.782,15.065,16.2,EtnaRCSC
2021-01-24 18:33:20,2.1,37.747,15.106,12.7,EtnaRCSC
2021-01-24 18:40:04,2.0,37.753,15.1,13.4,EtnaRCSC
2021-01-24 19:45:44,2.1,37.739,15.134,18.4,EtnaRCSC
2021-01-24 22:14:06,1.8,37.743,15.121,9.3,EtnaRCSC
2021-01-25 02:14:35,1.5,37.756,15.161,12.0,EtnaRCSC
2021-01-25 02:20:20,1.8,37.749,15.133,16.0,EtnaRCSC
2021-01-25 02:47:40,1.5,37.749,15.147,11.1,EtnaRCSC
2021-01-25 03:15:13,2.1,37.749,15.145,11.3,EtnaRCSC
2021-01-25 03:16:30,1.4,37.755,15.137,10.4,EtnaRCSC
2021-01-25 03:17:33,1.5,37.719,15.155,1.9,EtnaRCSC
2021-01-25 05:39:08,1.7,37.743,15.133,16.5,EtnaRCSC
2021-01-25 06:07:47,1.7,37.746,15.149,12.3,EtnaRCSC
2021-01-25 06:22:18,1.8,37.836,15.048,18.1,EtnaRCSC
2021-01-25 07:40:20,1.8,37.739,15.127,13.5,EtnaRCSC
2021-01-25 07:56:38,2.2,37.753,15.118,18.3,EtnaRCSC
2021-01-25 08:20:01,1.7,37.735,14.984,4.9,EtnaRCSC
2021-01-25 12:59:14,1.6,37.748,15.117,13.2,EtnaRCSC
2021-01-25 13:02:17,1.8,37.741,15.14,12.4,EtnaRCSC
2021-01-25 13:03:50,1.1,37.759,15.143,-0.3,EtnaRCSC
2021-01-25 18:23:29,2.0,37.851,15.036,16.7,EtnaRCSC
2021-01-25 20:41:43,1.4,37.749,15.151,11.0,EtnaRCSC
2021-01-25 22:43:52,1.5,37.743,15.019,1.9,EtnaRCSC
2021-01-26 00:29:07,2.0,37.753,15.136,17.6,EtnaRCSC
2021-01-26 00:39:22,2.3,37.753,14.736,9.6,EtnaRCSC
2021-01-26 01:20:41,1.4,37.75,15.087,2.9,EtnaRCSC
2021-01-26 01:53:09,1.5,37.745,15.12,13.7,EtnaRCSC
2021-01-26 19:12:13,1.4,37.669,14.951,3.4,EtnaRCSC
2021-01-27 01:08:52,1.8,37.706,14.949,9.1,EtnaRCSC
2021-01-27 01:27:49,1.9,37.741,15.137,13.2,EtnaRCSC
2021-01-27 01:43:58,1.8,37.754,15.128,12.9,EtnaRCSC
2021-01-27 02:12:01,1.8,37.696,14.951,7.0,EtnaRCSC
2021-01-27 15:26:33,1.4,37.759,15.073,2.7,EtnaRCSC
2021-01-27 15:28:48,1.3,37.761,15.074,4.0,EtnaRCSC
2021-01-27 15:32:06,1.8,37.766,15.083,4.0,EtnaRCSC
2021-01-27 15:51:53,1.5,37.763,15.079,4.4,EtnaRCSC
2021-01-27 17:08:45,1.7,37.808,15.071,-1.2,EtnaRCSC
2021-01-27 20:07:52,1.8,37.741,15.043,9.3,EtnaRCSC
2021-01-27 20:27:11,1.9,37.74,15.031,9.0,EtnaRCSC
2021-01-28 05:28:11,3.0,37.817,15.072,-0.7,EtnaRCSC
2021-01-28 05:35:23,0.9,37.808,15.071,-0.4,EtnaRCSC
2021-01-28 05:36:50,1.1,37.809,15.076,-1.5,EtnaRCSC
2021-01-28 12:23:40,1.3,37.839,15.048,21.1,EtnaRCSC
2021-01-28 22:41:07,1.9,37.88,14.919,19.6,EtnaRCSC
2021-01-28 22:58:13,1.1,37.686,14.913,-1.3,EtnaRCSC
2021-01-29 03:15:45,1.2,37.755,15.006,0.9,EtnaRCSC
2021-01-29 03:31:04,1.4,37.75,14.994,1.1,EtnaRCSC
2021-01-29 10:04:43,1.8,37.756,15.003,1.3,EtnaRCSC
2021-01-29 10:25:00,1.5,37.755,15.003,1.1,EtnaRCSC
2021-01-29 10:52:35,1.9,37.739,15.052,9.0,EtnaRCSC
2021-01-29 12:11:10,1.5,37.746,15.009,0.6,EtnaRCSC
2021-01-29 13:25:19,1.0,37.803,15.053,0.6,EtnaRCSC
2021-01-29 15:25:12,1.5,37.698,15.102,7.2,EtnaRCSC
2021-01-29 19:21:07,1.5,37.731,14.937,1.8,EtnaRCSC
2021-01-29 19:23:50,1.7,37.732,14.968,4.1,EtnaRCSC
2021-01-29 19:24:40,1.4,37.733,14.968,-0.6,EtnaRCSC
2021-01-29 19:28:53,1.7,37.724,14.966,7.6,EtnaRCSC
2021-01-29 22:22:34,1.4,37.778,15.06,2.5,EtnaRCSC
2021-01-30 02:16:36,1.9,37.714,15.111,7.9,EtnaRCSC
2021-01-30 04:50:02,1.6,37.781,15.16,9.7,EtnaRCSC
2021-01-30 11:04:59,1.7,37.745,15.031,0.5,EtnaRCSC
2021-01-30 11:38:09,1.5,37.752,15.004,3.8,EtnaRCSC
2021-01-30 12:07:58,1.5,37.728,15.011,4.7,EtnaRCSC
2021-01-30 14:43:28,1.2,37.784,15.007,0.2,EtnaRCSC
2021-01-30 14:47:27,1.7,37.693,15.041,6.4,EtnaRCSC
2021-01-30 16:54:32,1.7,37.71,15.019,5.2,EtnaRCSC
2021-01-30 18:13:03,1.4,37.814,15.038,13.3,EtnaRCSC
2021-01-30 18:20:42,0.9,37.806,15.063,1.2,EtnaRCSC
2021-01-30 22:42:57,1.8,37.714,15.012,6.1,EtnaRCSC
2021-01-31 02:16:11,1.9,37.737,14.994,5.9,EtnaRCSC
2021-01-31 09:16:58,1.4,37.749,14.999,1.0,EtnaRCSC
2021-01-31 10:45:41,0.8,37.809,15.073,0.4,EtnaRCSC
2021-01-31 11:42:31,1.4,37.746,15.008,0.4,EtnaRCSC
2021-01-31 11:50:20,1.3,37.755,15.006,0.9,EtnaRCSC
2021-01-31 13:50:59,1.8,37.69,14.968,12.9,EtnaRCSC
2021-01-31 13:54:23,1.7,37.672,14.901,10.4,EtnaRCSC
2021-01-31 14:11:14,1.3,37.756,15.003,1.1,EtnaRCSC
2021-01-31 14:22:08,1.4,37.729,14.946,4.2,EtnaRCSC
2021-01-31 14:40:37,1.4,37.752,15.001,0.7,EtnaRCSC
2021-01-31 16:29:15,1.5,37.736,14.954,3.9,EtnaRCSC
2021-01-31 16:38:26,1.4,37.732,14.982,3.7,EtnaRCSC
2021-01-31 17:16:50,0.7,37.816,15.081,-1.2,EtnaRCSC
2021-01-31 18:27:14,1.8,37.752,15.005,0.9,EtnaRCSC
2021-01-31 18:29:10,1.4,37.749,15.012,0.4,EtnaRCSC
2021-02-01 00:32:41,1.3,37.754,15.011,1.3,EtnaRCSC
2021-02-01 01:25:22,0.8,37.806,15.046,-0.1,EtnaRCSC
2021-02-01 01:26:04,0.8,37.806,15.045,1.1,EtnaRCSC
2021-02-01 01:27:14,0.7,37.807,15.045,0.2,EtnaRCSC
2021-02-01 01:58:13,1.4,37.75,14.997,1.3,EtnaRCSC
2021-02-01 02:00:55,1.5,37.733,15.009,5.8,EtnaRCSC
2021-02-01 03:05:59,1.5,37.744,15.007,2.2,EtnaRCSC
2021-02-01 05:01:56,1.4,37.742,15.001,3.5,EtnaRCSC
2021-02-01 06:31:15,1.4,37.755,15.006,0.6,EtnaRCSC
2021-02-01 06:35:54,1.5,37.745,15.021,6.6,EtnaRCSC
2021-02-01 07:29:08,1.5,37.818,14.93,11.8,EtnaRCSC
2021-02-01 09:53:21,1.2,37.749,15.167,5.9,EtnaRCSC
2021-02-01 10:11:05,1.1,37.755,15.022,2.3,EtnaRCSC
2021-02-01 14:42:27,1.3,37.742,15.005,0.4,EtnaRCSC
2021-02-01 14:48:53,0.7,37.775,15.052,-1.6,EtnaRCSC
2021-02-01 16:59:02,1.4,37.739,15.029,4.0,EtnaRCSC
2021-02-01 19:16:34,0.9,37.686,14.894,-1.6,EtnaRCSC
2021-02-01 20:21:42,1.3,37.738,15.016,-1.6,EtnaRCSC
2021-02-01 22:32:02,1.3,37.728,14.979,0.0,EtnaRCSC
2021-02-02 01:08:16,1.0,37.762,15.011,0.4,EtnaRCSC
2021-02-02 01:11:58,1.2,37.752,15.0,1.2,EtnaRCSC
2021-02-02 01:57:31,1.3,37.749,15.02,3.9,EtnaRCSC
2021-02-02 02:23:40,0.4,37.799,15.065,-1.6,EtnaRCSC
2021-02-02 02:26:16,0.4,37.803,15.063,-0.5,EtnaRCSC
2021-02-02 03:00:28,1.2,37.857,15.051,15.7,EtnaRCSC
2021-02-02 04:04:51,1.2,37.741,15.036,3.2,EtnaRCSC
2021-02-02 05:28:49,0.9,37.768,15.153,4.1,EtnaRCSC
2021-02-02 05:38:47,1.2,37.751,15.034,0.2,EtnaRCSC
2021-02-02 07:37:18,1.4,37.76,15.036,5.5,EtnaRCSC
2021-02-02 08:46:35,1.5,37.733,14.991,5.2,EtnaRCSC
2021-02-02 10:12:22,1.5,37.761,15.027,4.3,EtnaRCSC
2021-02-02 10:33:46,1.5,37.717,15.025,5.2,EtnaRCSC
2021-02-02 15:42:16,1.2,37.795,15.07,5.2,EtnaRCSC
2021-02-02 17:11:15,1.5,37.74,15.025,3.8,EtnaRCSC
2021-02-02 17:18:15,1.0,37.817,15.009,1.9,EtnaRCSC
2021-02-02 17:46:25,1.5,37.756,15.006,0.6,EtnaRCSC
2021-02-02 19:30:11,1.5,37.753,14.995,1.0,EtnaRCSC
2021-02-02 19:45:51,1.5,37.741,15.048,3.9,EtnaRCSC
2021-02-02 21:56:24,1.4,37.703,15.131,8.2,EtnaRCSC
2021-02-03 00:34:18,1.7,37.752,14.995,1.0,EtnaRCSC
2021-02-03 01:33:03,1.5,37.75,14.999,1.9,EtnaRCSC
2021-02-03 01:38:33,1.6,37.749,14.996,1.7,EtnaRCSC
2021-02-03 01:58:00,1.6,37.749,15.002,1.5,EtnaRCSC
2021-02-03 02:58:41,1.8,37.756,15.009,2.0,EtnaRCSC
2021-02-03 03:04:33,1.5,37.755,15.009,1.4,EtnaRCSC
2021-02-03 03:27:31,1.4,37.756,15.004,1.2,EtnaRCSC
2021-02-03 04:18:57,1.5,37.754,15.005,1.4,EtnaRCSC
2021-02-03 04:27:49,1.5,37.753,15.005,0.9,EtnaRCSC
2021-02-03 04:32:04,1.4,37.771,15.015,2.3,EtnaRCSC
2021-02-03 04:45:30,1.3,37.751,15.005,-0.1,EtnaRCSC
2021-02-03 05:05:10,1.4,37.754,15.006,0.9,EtnaRCSC
2021-02-03 05:05:38,1.6,37.748,15.016,1.3,EtnaRCSC
2021-02-03 05:05:54,1.6,37.804,15.0,4.2,EtnaRCSC
2021-02-03 05:09:41,1.5,37.761,15.006,2.3,EtnaRCSC
2021-02-03 05:14:02,1.4,37.754,15.004,0.8,EtnaRCSC
2021-02-03 05:15:56,1.5,37.756,14.988,3.0,EtnaRCSC
2021-02-03 05:16:13,1.6,37.755,15.007,1.5,EtnaRCSC
2021-02-03 05:23:10,1.6,37.747,15.042,4.4,EtnaRCSC
2021-02-03 05:23:34,2.2,37.752,15.008,1.1,EtnaRCSC
2021-02-03 05:24:17,1.5,37.755,15.007,1.6,EtnaRCSC
2021-02-03 05:24:49,1.9,37.752,15.01,0.9,EtnaRCSC
2021-02-03 05:25:57,1.5,37.755,15.008,0.9,EtnaRCSC
2021-02-03 05:27:42,1.3,37.75,15.01,0.2,EtnaRCSC
2021-02-03 05:29:01,1.3,37.752,15.01,0.0,EtnaRCSC
2021-02-03 05:30:19,1.4,37.751,15.009,1.7,EtnaRCSC
2021-02-03 05:31:42,1.4,37.754,15.008,1.5,EtnaRCSC
2021-02-03 05:44:46,1.4,37.769,14.991,1.4,EtnaRCSC
2021-02-03 06:19:11,1.3,37.756,15.009,0.1,EtnaRCSC
2021-02-03 06:30:44,1.5,37.76,15.012,3.4,EtnaRCSC
2021-02-03 06:42:41,1.4,37.749,15.006,1.7,EtnaRCSC
2021-02-03 06:56:46,1.5,37.749,15.01,0.7,EtnaRCSC
2021-02-03 07:04:59,1.5,37.755,15.001,1.3,EtnaRCSC
2021-02-03 07:29:59,1.5,37.758,15.006,1.2,EtnaRCSC
2021-02-03 07:51:25,1.5,37.751,14.999,1.6,EtnaRCSC
2021-02-03 08:10:57,1.4,37.754,15.011,-1.6,EtnaRCSC
2021-02-03 08:26:28,1.6,37.758,15.01,1.7,EtnaRCSC
2021-02-03 08:35:34,1.4,37.766,15.001,1.0,EtnaRCSC
2021-02-03 09:15:37,1.5,37.744,15.011,-0.3,EtnaRCSC
2021-02-03 09:34:27,1.4,37.748,15.012,0.9,EtnaRCSC
2021-02-03 09:47:30,1.6,37.742,15.012,2.1,EtnaRCSC
2021-02-03 12:31:11,1.5,37.746,15.001,0.8,EtnaRCSC
2021-02-03 12:56:32,1.4,37.76,14.997,1.7,EtnaRCSC
2021-02-03 15:12:07,1.7,37.751,14.999,1.4,EtnaRCSC
2021-02-03 18:46:31,1.3,37.749,15.013,0.8,EtnaRCSC
2021-02-03 22:27:46,1.5,37.712,15.013,6.0,EtnaRCSC
2021-02-03 22:28:45,1.1,37.685,15.018,3.7,EtnaRCSC
2021-02-04 04:16:34,1.1,37.732,15.049,2.2,EtnaRCSC
2021-02-04 05:07:01,1.6,37.735,15.045,2.4,EtnaRCSC
2021-02-04 06:59:11,1.6,37.721,15.008,5.0,EtnaRCSC
2021-02-04 09:43:00,1.4,37.754,15.001,0.9,EtnaRCSC
2021-02-04 10:28:31,2.0,37.672,14.936,10.8,EtnaRCSC
2021-02-04 16:04:33,1.3,37.75,14.997,-0.3,EtnaRCSC
2021-02-04 16:56:36,1.7,37.725,15.061,9.1,EtnaRCSC
2021-02-05 13:44:49,1.5,37.728,14.999,3.1,EtnaRCSC
2021-02-05 14:36:57,1.5,37.753,14.996,1.0,EtnaRCSC
2021-02-05 14:39:10,2.3,37.75,14.998,0.7,EtnaRCSC
2021-02-05 16:25:15,1.5,37.737,15.006,3.5,EtnaRCSC
2021-02-06 03:07:33,2.1,37.666,14.893,1.3,EtnaRCSC
2021-02-06 04:42:28,1.7,37.754,15.006,0.4,EtnaRCSC
2021-02-06 05:29:59,1.5,37.747,14.995,1.7,EtnaRCSC
2021-02-06 05:35:42,1.3,37.753,15.004,1.9,EtnaRCSC
2021-02-06 06:25:03,2.6,37.744,15.036,3.6,EtnaRCSC
2021-02-06 06:26:14,1.5,37.746,15.038,1.7,EtnaRCSC
2021-02-06 06:41:24,2.1,37.75,14.998,0.5,EtnaRCSC
2021-02-06 06:44:40,1.2,37.746,15.028,2.5,EtnaRCSC
2021-02-06 13:20:46,1.3,37.743,14.994,2.1,EtnaRCSC
2021-02-06 21:59:55,0.9,37.821,15.224,4.0,EtnaRCSC
2021-02-07 00:06:37,1.5,37.687,14.912,-1.3,EtnaRCSC
2021-02-07 00:57:05,1.3,37.713,15.028,3.8,EtnaRCSC
2021-02-07 09:03:25,2.2,37.752,14.999,-1.2,EtnaRCSC
2021-02-07 19:40:13,1.4,37.761,15.021,1.6,EtnaRCSC
2021-02-07 19:50:34,1.3,37.764,15.025,0.3,EtnaRCSC
2021-02-08 02:21:40,2.2,37.683,14.919,-1.6,EtnaRCSC
2021-02-08 06:00:43,1.9,37.747,15.126,4.8,EtnaRCSC
2021-02-08 07:33:28,1.7,37.799,15.112,12.6,EtnaRCSC
2021-02-08 11:21:00,1.4,37.742,15.033,4.1,EtnaRCSC
2021-02-08 19:08:13,1.9,37.73,15.119,18.6,EtnaRCSC
2021-02-08 22:47:01,1.4,37.752,15.005,3.2,EtnaRCSC
2021-02-09 02:28:57,1.2,37.801,15.061,0.1,EtnaRCSC
2021-02-09 04:47:06,1.3,37.804,15.066,0.0,EtnaRCSC
2021-02-09 04:47:24,1.4,37.808,15.07,-0.2,EtnaRCSC
2021-02-09 21:55:04,1.2,37.754,15.012,0.4,EtnaRCSC
2021-02-10 04:17:54,1.5,37.736,15.009,2.0,EtnaRCSC
2021-02-10 10:50:09,1.4,37.804,15.073,0.8,EtnaRCSC
2021-02-10 20:03:22,1.3,37.732,14.999,4.2,EtnaRCSC
2021-02-10 20:21:56,1.4,37.756,15.006,1.1,EtnaRCSC
2021-02-10 21:36:46,1.3,37.714,15.052,3.9,EtnaRCSC
2021-02-11 03:14:49,1.5,37.75,14.999,0.5,EtnaRCSC
2021-02-11 08:41:09,1.4,37.753,15.006,1.2,EtnaRCSC
2021-02-11 16:57:13,1.4,37.739,15.035,2.3,EtnaRCSC
2021-02-11 20:32:26,1.1,37.807,15.075,0.8,EtnaRCSC
2021-02-11 23:26:37,3.1,37.754,15.002,0.7,EtnaRCSC
2021-02-11 23:30:35,1.3,37.754,15.004,0.5,EtnaRCSC
2021-02-11 23:31:33,1.4,37.742,14.975,0.6,EtnaRCSC
2021-02-12 00:09:04,1.4,37.74,15.037,1.9,EtnaRCSC
2021-02-12 03:55:25,1.5,37.745,14.996,3.5,EtnaRCSC
2021-02-12 06:52:23,1.6,37.692,15.137,13.0,EtnaRCSC
2021-02-12 08:00:10,1.3,37.708,15.09,3.3,EtnaRCSC
2021-02-12 10:04:57,0.8,37.81,15.07,0.3,EtnaRCSC
2021-02-12 14:01:57,1.3,37.75,15.002,0.6,EtnaRCSC
2021-02-12 15:25:12,2.5,37.754,14.998,0.7,EtnaRCSC
2021-02-12 16:55:20,1.6,37.728,15.0,7.0,EtnaRCSC
2021-02-12 17:40:57,1.3,37.743,15.02,-0.4,EtnaRCSC
2021-02-12 18:09:40,1.3,37.736,15.067,6.7,EtnaRCSC
2021-02-12 18:35:47,1.5,37.759,14.992,2.8,EtnaRCSC
2021-02-12 21:16:14,1.4,37.747,15.009,3.5,EtnaRCSC
2021-02-12 21:57:28,1.9,37.747,15.0,0.4,EtnaRCSC
2021-02-12 22:49:02,1.4,37.753,14.995,0.9,EtnaRCSC
2021-02-12 23:27:26,1.2,37.754,15.004,0.6,EtnaRCSC
2021-02-13 00:55:14,1.5,37.752,15.005,1.1,EtnaRCSC
2021-02-13 02:43:04,1.6,37.731,15.01,5.4,EtnaRCSC
2021-02-13 10:25:39,1.3,37.757,15.007,1.9,EtnaRCSC
2021-02-13 10:57:32,1.6,37.809,15.053,2.7,EtnaRCSC
2021-02-13 11:15:26,1.6,37.742,15.032,5.7,EtnaRCSC
2021-02-13 13:24:25,1.7,37.669,14.961,5.2,EtnaRCSC
2021-02-13 13:39:31,1.8,37.671,14.963,3.8,EtnaRCSC
2021-02-13 14:09:34,1.8,37.668,14.959,2.9,EtnaRCSC
2021-02-13 14:16:47,1.8,37.762,15.058,10.5,EtnaRCSC
2021-02-13 15:18:35,1.3,37.746,15.007,0.7,EtnaRCSC
2021-02-13 15:52:45,1.5,37.671,14.955,7.2,EtnaRCSC
2021-02-13 16:13:35,2.5,37.752,14.994,0.7,EtnaRCSC
2021-02-13 16:39:09,1.4,37.753,14.988,1.0,EtnaRCSC
2021-02-13 16:42:48,1.3,37.759,15.001,1.5,EtnaRCSC
2021-02-13 18:22:19,1.5,37.668,14.96,5.8,EtnaRCSC
2021-02-13 19:43:39,1.3,37.878,15.153,5.5,EtnaRCSC
2021-02-13 19:47:27,0.9,37.872,15.149,4.7,EtnaRCSC
2021-02-13 20:01:32,1.4,37.755,15.007,1.5,EtnaRCSC
2021-02-13 20:14:37,1.4,37.782,14.936,6.2,EtnaRCSC
2021-02-13 20:23:30,1.6,37.708,14.937,7.6,EtnaRCSC
2021-02-13 21:46:58,1.8,37.75,15.0,0.5,EtnaRCSC
2021-02-13 22:07:58,1.4,37.715,14.948,0.4,EtnaRCSC
2021-02-14 00:54:57,1.5,37.753,15.013,1.9,EtnaRCSC
2021-02-14 06:50:36,1.3,37.683,14.946,4.2,EtnaRCSC
2021-02-14 08:16:16,1.6,37.753,14.998,2.2,EtnaRCSC
2021-02-15 03:37:11,1.5,37.727,14.797,4.6,EtnaRCSC
2021-02-15 08:50:00,1.8,37.755,15.0,1.5,EtnaRCSC
2021-02-16 18:13:06,1.5,37.746,14.945,9.5,EtnaRCSC
2021-02-16 22:22:08,1.4,37.746,15.036,3.2,EtnaRCSC
2021-02-17 16:24:42,0.9,37.81,15.07,-1.6,EtnaRCSC
2021-02-17 16:25:22,1.5,37.816,15.07,-1.6,EtnaRCSC
2021-02-17 16:32:40,1.3,37.823,15.07,-1.6,EtnaRCSC
2021-02-17 17:02:50,2.3,37.726,14.977,6.0,EtnaRCSC
2021-02-17 17:10:18,1.7,37.714,14.987,6.8,EtnaRCSC
2021-02-17 18:43:54,1.3,37.72,14.975,4.0,EtnaRCSC
2021-02-17 19:46:10,1.2,37.758,15.025,4.2,EtnaRCSC
2021-02-18 03:03:15,1.3,37.739,15.04,8.4,EtnaRCSC
2021-02-18 03:57:22,1.2,37.759,14.968,0.4,EtnaRCSC
2021-02-18 05:49:05,1.0,37.722,14.975,8.1,EtnaRCSC
2021-02-18 05:55:58,0.7,37.766,15.091,3.4,EtnaRCSC
2021-02-18 15:26:17,1.4,37.753,14.994,9.7,EtnaRCSC
2021-02-18 15:26:49,1.2,37.753,15.02,5.0,EtnaRCSC
2021-02-18 15:29:33,1.5,37.738,15.066,10.5,EtnaRCSC
2021-02-18 15:30:57,1.3,37.742,15.042,7.7,EtnaRCSC
2021-02-19 03:21:36,0.7,37.756,15.046,1.1,EtnaRCSC
2021-02-19 05:03:31,0.9,37.746,15.068,3.6,EtnaRCSC
2021-02-19 05:17:21,0.7,37.746,15.064,2.7,EtnaRCSC
2021-02-19 10:15:20,1.4,37.762,15.122,7.8,EtnaRCSC
2021-02-19 13:38:06,1.1,37.746,15.142,8.5,EtnaRCSC
2021-02-19 13:38:13,0.7,37.768,15.119,3.4,EtnaRCSC
2021-02-19 14:05:04,1.2,37.73,15.142,8.4,EtnaRCSC
2021-02-19 14:15:32,1.7,37.793,14.898,27.6,EtnaRCSC
2021-02-19 15:11:29,0.5,37.776,15.121,2.9,EtnaRCSC
2021-02-20 01:57:25,0.9,37.744,15.031,5.3,EtnaRCSC
2021-02-20 01:57:31,1.1,37.746,15.027,3.7,EtnaRCSC
2021-02-20 01:57:52,1.3,37.737,15.016,10.4,EtnaRCSC
2021-02-20 15:43:26,0.8,37.733,15.072,2.7,EtnaRCSC
2021-02-20 15:44:37,0.9,37.736,15.066,2.2,EtnaRCSC
2021-02-20 16:16:37,1.3,37.709,14.939,8.5,EtnaRCSC
2021-02-21 01:40:46,1.3,37.745,15.018,9.7,EtnaRCSC
2021-02-21 10:31:19,1.5,37.851,14.951,19.2,EtnaRCSC
2021-02-22 09:41:51,1.3,37.856,15.182,17.1,EtnaRCSC
2021-02-22 10:13:48,1.3,37.855,15.191,17.7,EtnaRCSC
2021-02-22 12:20:13,1.7,37.864,15.166,15.6,EtnaRCSC
2021-02-22 16:29:48,0.9,37.759,15.053,6.3,EtnaRCSC
2021-02-24 00:53:09,0.9,37.737,15.045,4.2,EtnaRCSC
2021-02-24 00:55:12,0.7,37.734,15.047,3.5,EtnaRCSC
2021-02-24 10:40:52,1.0,37.726,14.944,5.0,EtnaRCSC
2021-02-24 11:07:20,1.3,37.728,14.941,5.8,EtnaRCSC
2021-02-24 12:12:03,1.4,37.724,14.94,7.2,EtnaRCSC
2021-02-25 02:19:35,1.1,37.748,15.004,-1.6,EtnaRCSC
2021-02-25 21:31:08,0.9,37.794,14.917,5.5,EtnaRCSC
2021-02-25 21:53:31,1.0,37.684,15.07,3.6,EtnaRCSC
2021-02-26 00:39:30,1.0,37.679,15.051,9.3,EtnaRCSC
2021-02-26 00:49:44,0.8,37.693,15.118,4.0,EtnaRCSC
2021-02-26 03:21:24,0.7,37.729,15.078,4.1,EtnaRCSC
2021-02-26 03:22:25,1.0,37.727,15.081,4.9,EtnaRCSC
2021-02-26 08:07:52,1.0,37.762,15.027,8.6,EtnaRCSC
2021-02-26 10:49:52,1.0,37.732,15.093,5.0,EtnaRCSC
2021-02-26 16:17:56,0.9,37.728,14.935,5.5,EtnaRCSC
2021-02-26 16:56:30,0.8,37.76,15.051,6.9,EtnaRCSC
2021-02-27 02:27:25,1.2,37.744,15.054,3.1,EtnaRCSC
2021-02-27 02:38:03,0.7,37.748,15.054,1.5,EtnaRCSC
2021-02-27 14:27:34,1.2,37.885,15.114,10.0,EtnaRCSC
2021-02-27 14:32:56,0.9,37.882,15.109,10.5,EtnaRCSC
2021-02-27 18:48:16,0.9,37.756,15.061,7.1,EtnaRCSC
2021-02-27 19:57:12,0.9,37.759,14.968,9.5,EtnaRCSC
2021-02-27 20:24:21,1.4,37.726,14.969,24.2,EtnaRCSC
2021-02-27 20:47:04,1.5,37.74,14.951,22.2,EtnaRCSC
2021-02-28 04:37:12,1.0,37.707,15.034,5.3,EtnaRCSC
2021-02-28 06:05:51,0.7,37.722,15.038,4.0,EtnaRCSC
2021-02-28 07:01:02,1.3,37.743,14.999,-0.3,EtnaRCSC
2021-02-28 13:33:01,1.9,37.734,15.058,4.1,EtnaRCSC
2021-02-28 15:29:34,1.1,37.69,15.052,6.0,EtnaRCSC
2021-02-28 23:48:08,0.7,37.715,15.036,4.7,EtnaRCSC
2021-03-01 17:02:05,1.5,37.675,15.177,17.5,EtnaRCSC
2021-03-02 01:39:39,1.7,37.853,14.996,28.9,EtnaRCSC
2021-03-02 04:09:34,1.4,37.785,15.043,24.2,EtnaRCSC
2021-03-02 04:12:30,1.7,37.818,15.048,21.2,EtnaRCSC
2021-03-02 04:33:46,1.1,37.642,14.993,9.6,EtnaRCSC
2021-03-02 04:36:15,0.5,37.757,15.115,4.8,EtnaRCSC
2021-03-02 05:29:21,1.9,37.815,15.06,23.3,EtnaRCSC
2021-03-02 05:37:06,1.3,37.644,14.965,5.1,EtnaRCSC
2021-03-02 06:22:37,1.8,37.806,15.083,28.8,EtnaRCSC
2021-03-02 06:25:21,1.4,37.805,15.072,26.5,EtnaRCSC
2021-03-02 07:37:48,1.3,37.805,15.047,24.6,EtnaRCSC
2021-03-02 09:22:02,1.2,37.645,14.965,6.9,EtnaRCSC
2021-03-02 15:42:12,1.0,37.737,15.048,4.6,EtnaRCSC
2021-03-02 20:49:53,2.2,37.83,15.045,20.3,EtnaRCSC
2021-03-02 23:31:13,1.4,37.851,15.056,21.4,EtnaRCSC
2021-03-03 04:04:25,1.7,37.731,15.127,11.9,EtnaRCSC
2021-03-03 06:46:09,1.9,37.829,15.059,22.8,EtnaRCSC
2021-03-03 21:26:34,2.2,37.844,15.036,19.4,EtnaRCSC
2021-03-03 22:33:05,0.9,37.687,14.936,4.5,EtnaRCSC
2021-03-04 00:39:43,0.9,37.758,15.106,4.5,EtnaRCSC
2021-03-04 04:52:41,0.9,37.726,15.077,2.8,EtnaRCSC
2021-03-04 06:09:38,1.7,37.738,14.936,7.9,EtnaRCSC
2021-03-04 07:21:20,1.7,37.798,15.087,10.4,EtnaRCSC
2021-03-05 01:50:46,0.6,37.715,15.056,2.9,EtnaRCSC
2021-03-05 04:15:04,0.2,37.701,15.016,-0.7,EtnaRCSC
2021-03-05 04:17:50,0.6,37.749,15.064,4.4,EtnaRCSC
2021-03-05 05:57:11,1.0,37.746,15.012,0.9,EtnaRCSC
2021-03-05 06:14:28,1.0,37.737,15.007,-1.6,EtnaRCSC
2021-03-05 06:46:25,1.4,37.721,14.973,6.8,EtnaRCSC
2021-03-05 10:20:06,0.9,37.755,15.091,4.0,EtnaRCSC
2021-03-05 16:47:45,1.0,37.745,15.028,6.9,EtnaRCSC
2021-03-07 17:45:34,1.2,37.741,14.957,6.5,EtnaRCSC
2021-03-07 22:52:41,0.8,37.802,14.817,1.5,EtnaRCSC
2021-03-08 18:31:07,1.8,37.738,14.813,4.7,EtnaRCSC
2021-03-09 04:06:41,1.8,37.829,14.843,26.9,EtnaRCSC
2021-03-09 08:15:03,1.2,37.714,14.998,8.7,EtnaRCSC
2021-03-09 14:32:38,1.7,37.725,15.005,14.6,EtnaRCSC
2021-03-09 17:06:13,1.7,37.728,15.147,5.4,EtnaRCSC
2021-03-10 04:28:53,2.1,37.883,14.728,8.7,EtnaRCSC
2021-03-10 08:38:30,1.3,37.696,15.046,5.6,EtnaRCSC
2021-03-10 08:56:39,2.7,37.736,14.927,25.5,EtnaRCSC
2021-03-10 09:11:25,1.3,37.705,14.913,6.7,EtnaRCSC
2021-03-10 09:15:20,2.1,37.703,14.91,23.5,EtnaRCSC
2021-03-10 09:20:38,2.8,37.883,14.719,8.5,EtnaRCSC
2021-03-10 18:36:42,1.0,37.744,15.057,7.2,EtnaRCSC
2021-03-10 18:38:50,1.4,37.892,15.182,18.3,EtnaRCSC
2021-03-10 18:49:34,1.0,37.635,14.913,5.4,EtnaRCSC
2021-03-10 19:17:39,1.2,37.898,15.183,20.2,EtnaRCSC
2021-03-11 02:28:24,1.7,37.884,15.164,18.7,EtnaRCSC
2021-03-11 08:27:17,1.1,37.729,14.943,8.1,EtnaRCSC
2021-03-11 15:14:05,1.3,37.888,15.113,9.1,EtnaRCSC
2021-03-11 23:55:27,1.3,37.677,15.228,6.9,EtnaRCSC
2021-03-13 01:48:30,0.8,37.737,15.096,4.2,EtnaRCSC
2021-03-13 04:14:35,1.0,37.705,15.136,6.0,EtnaRCSC
2021-03-13 04:36:12,1.3,37.9,15.175,19.0,EtnaRCSC
2021-03-13 11:10:19,0.8,37.688,14.997,5.9,EtnaRCSC
2021-03-13 19:03:32,1.6,37.749,14.991,4.3,EtnaRCSC
2021-03-14 03:06:07,0.9,37.86,15.029,11.6,EtnaRCSC
2021-03-14 04:14:25,1.5,37.835,15.03,8.3,EtnaRCSC
2021-03-14 04:18:55,0.9,37.846,15.041,9.3,EtnaRCSC
2021-03-14 06:35:18,1.0,37.726,15.057,3.8,EtnaRCSC
2021-03-14 07:07:24,1.0,37.726,15.061,4.1,EtnaRCSC
2021-03-14 13:36:07,1.1,37.854,15.053,8.5,EtnaRCSC
2021-03-16 02:28:11,1.2,37.846,15.041,17.5,EtnaRCSC
2021-03-16 16:30:25,1.1,37.75,14.996,-0.3,EtnaRCSC
2021-03-16 16:33:32,1.9,37.87,14.708,8.5,EtnaRCSC
2021-03-16 19:02:12,1.4,37.768,15.125,15.5,EtnaRCSC
2021-03-16 19:56:55,1.1,37.721,15.092,6.4,EtnaRCSC
2021-03-17 00:01:10,1.2,37.726,15.04,6.7,EtnaRCSC
2021-03-17 13:13:15,1.1,37.673,15.024,7.5,EtnaRCSC
2021-03-17 15:06:52,1.3,37.721,14.758,2.1,EtnaRCSC
2021-03-17 15:58:41,1.3,37.689,15.018,6.4,EtnaRCSC
2021-03-17 18:25:38,1.5,37.723,14.752,2.4,EtnaRCSC
2021-03-17 19:19:14,1.4,37.711,14.732,1.2,EtnaRCSC
2021-03-18 23:02:19,0.9,37.68,15.098,2.9,EtnaRCSC
2021-03-19 00:50:53,0.9,37.682,15.019,6.2,EtnaRCSC
2021-03-19 09:18:36,2.6,37.682,15.191,3.6,EtnaRCSC
2021-03-19 14:30:01,1.9,37.736,15.122,5.6,EtnaRCSC
2021-03-19 14:32:18,1.2,37.727,15.134,7.0,EtnaRCSC
2021-03-19 14:32:48,1.1,37.718,15.137,7.6,EtnaRCSC
2021-03-19 14:33:53,0.8,37.73,15.115,8.0,EtnaRCSC
2021-03-19 14:37:37,1.0,37.725,15.155,7.8,EtnaRCSC
2021-03-19 14:56:43,1.3,37.739,15.13,6.4,EtnaRCSC
2021-03-19 14:57:06,1.8,37.746,15.106,5.2,EtnaRCSC
2021-03-19 15:03:48,0.9,37.744,15.127,3.9,EtnaRCSC
2021-03-19 15:18:54,1.1,37.722,15.136,7.2,EtnaRCSC
2021-03-19 15:53:02,1.4,37.743,15.114,5.0,EtnaRCSC
2021-03-19 15:57:07,1.2,37.713,15.133,7.3,EtnaRCSC
2021-03-19 17:24:13,1.2,37.732,15.126,6.6,EtnaRCSC
2021-03-19 17:54:03,1.6,37.748,15.121,4.7,EtnaRCSC
2021-03-19 17:54:43,1.8,37.746,15.117,5.1,EtnaRCSC
2021-03-19 17:56:16,2.5,37.743,15.115,6.0,EtnaRCSC
2021-03-19 17:56:42,2.3,37.746,15.123,4.8,EtnaRCSC
2021-03-19 18:01:32,0.9,37.726,15.135,7.1,EtnaRCSC
2021-03-19 18:09:46,1.3,37.743,15.117,6.1,EtnaRCSC
2021-03-19 18:15:40,0.9,37.74,15.129,4.6,EtnaRCSC
2021-03-19 18:19:26,1.2,37.73,15.133,6.3,EtnaRCSC
2021-03-19 18:19:48,1.1,37.724,15.128,7.9,EtnaRCSC
2021-03-19 18:24:59,1.0,37.728,15.146,3.8,EtnaRCSC
2021-03-19 18:55:43,1.0,37.729,15.146,5.7,EtnaRCSC
2021-03-19 20:57:19,0.9,37.746,15.122,3.8,EtnaRCSC
2021-03-20 01:03:22,1.2,37.735,15.111,9.1,EtnaRCSC
2021-03-20 01:05:57,1.1,37.738,15.111,7.5,EtnaRCSC
2021-03-20 17:09:24,1.9,37.6,14.914,5.3,EtnaRCSC
2021-03-20 17:19:45,1.3,37.756,15.132,5.3,EtnaRCSC
2021-03-20 17:25:10,1.8,37.753,15.134,6.3,EtnaRCSC
2021-03-20 17:35:23,1.9,37.756,15.133,6.7,EtnaRCSC
2021-03-20 17:42:11,2.2,37.755,15.136,6.7,EtnaRCSC
2021-03-20 17:45:10,1.5,37.754,15.136,5.0,EtnaRCSC
2021-03-20 17:52:50,1.1,37.754,15.138,5.2,EtnaRCSC
2021-03-20 17:57:15,1.7,37.746,15.138,7.1,EtnaRCSC
2021-03-20 17:58:15,1.1,37.745,15.146,6.5,EtnaRCSC
2021-03-20 18:07:44,1.6,37.756,15.138,5.6,EtnaRCSC
2021-03-20 18:10:24,1.4,37.755,15.134,6.2,EtnaRCSC
2021-03-20 18:19:38,1.2,37.756,15.13,7.2,EtnaRCSC
2021-03-20 19:26:43,1.2,37.754,15.135,7.2,EtnaRCSC
2021-03-20 19:27:15,1.4,37.754,15.127,7.0,EtnaRCSC
2021-03-21 04:34:28,2.1,37.616,15.085,-1.6,EtnaRCSC
2021-03-21 05:43:07,1.6,37.622,15.122,3.4,EtnaRCSC
2021-03-21 07:57:34,1.7,37.756,15.136,4.3,EtnaRCSC
2021-03-21 07:59:13,1.4,37.752,15.14,6.0,EtnaRCSC
2021-03-21 08:47:43,2.3,37.758,15.13,6.9,EtnaRCSC
2021-03-21 08:50:02,1.2,37.732,15.164,7.2,EtnaRCSC
2021-03-21 08:52:00,1.3,37.743,15.14,7.9,EtnaRCSC
2021-03-21 08:52:11,1.2,37.743,15.155,7.2,EtnaRCSC
2021-03-21 08:55:06,0.9,37.745,15.156,5.2,EtnaRCSC
2021-03-21 08:55:35,1.1,37.725,15.167,7.8,EtnaRCSC
2021-03-21 09:08:15,2.2,37.757,15.132,6.9,EtnaRCSC
2021-03-21 09:09:02,1.5,37.745,15.147,6.8,EtnaRCSC
2021-03-21 09:22:01,2.8,37.756,15.132,7.4,EtnaRCSC
2021-03-21 09:24:59,2.1,37.755,15.136,5.6,EtnaRCSC
2021-03-21 09:27:22,0.8,37.76,15.14,2.6,EtnaRCSC
2021-03-21 09:32:31,1.1,37.741,15.153,7.0,EtnaRCSC
2021-03-21 09:36:03,1.5,37.753,15.14,6.9,EtnaRCSC
2021-03-21 09:42:24,1.5,37.752,15.139,5.1,EtnaRCSC
2021-03-21 10:05:07,1.3,37.741,15.144,6.7,EtnaRCSC
2021-03-21 10:32:33,1.3,37.748,15.141,7.1,EtnaRCSC
2021-03-21 10:34:40,1.3,37.747,15.138,6.3,EtnaRCSC
2021-03-21 11:04:18,1.2,37.746,15.144,6.5,EtnaRCSC
2021-03-21 11:07:20,1.4,37.755,15.137,5.3,EtnaRCSC
2021-03-21 12:41:29,1.1,37.756,15.137,6.9,EtnaRCSC
2021-03-21 13:40:12,1.7,37.756,15.134,6.3,EtnaRCSC
2021-03-21 13:41:24,1.7,37.759,15.132,7.1,EtnaRCSC
2021-03-21 15:40:03,1.1,37.75,15.141,8.0,EtnaRCSC
2021-03-22 00:16:52,0.6,37.753,15.107,2.7,EtnaRCSC
2021-03-22 01:31:41,0.9,37.742,15.054,4.3,EtnaRCSC
2021-03-22 14:06:52,1.8,37.757,15.134,7.8,EtnaRCSC
2021-03-22 14:59:55,0.9,37.751,15.143,7.3,EtnaRCSC
2021-03-22 16:20:26,0.9,37.754,15.132,7.0,EtnaRCSC
2021-03-22 18:20:30,1.3,37.759,15.136,6.1,EtnaRCSC
2021-03-24 07:26:25,2.6,37.676,15.103,8.6,EtnaRCSC
2021-03-24 15:50:57,1.3,37.751,15.13,4.8,EtnaRCSC
2021-03-24 18:23:30,0.8,37.744,15.063,2.5,EtnaRCSC
2021-03-25 02:20:32,2.7,37.756,15.136,7.3,EtnaRCSC
2021-03-25 02:48:53,0.8,37.761,15.136,4.7,EtnaRCSC
2021-03-25 02:56:22,1.2,37.662,15.111,1.5,EtnaRCSC
2021-03-25 11:25:18,1.2,37.679,15.175,11.2,EtnaRCSC
2021-03-25 11:26:23,1.6,37.73,15.121,9.8,EtnaRCSC
2021-03-25 17:27:19,0.9,37.749,15.139,7.6,EtnaRCSC
2021-03-25 20:56:53,1.5,37.762,15.137,6.2,EtnaRCSC
2021-03-25 21:58:40,0.8,37.753,15.12,7.8,EtnaRCSC
2021-03-26 01:00:24,0.8,37.743,15.027,7.5,EtnaRCSC
2021-03-26 03:08:54,1.4,37.65,14.974,6.2,EtnaRCSC
2021-03-26 03:10:36,1.0,37.64,14.986,10.1,EtnaRCSC
2021-03-26 19:52:55,1.3,37.721,15.116,7.0,EtnaRCSC
2021-03-26 23:15:43,2.1,37.726,15.123,6.3,EtnaRCSC
2021-03-26 23:23:02,1.4,37.721,15.126,6.2,EtnaRCSC
2021-03-27 01:07:12,0.6,37.714,15.119,8.0,EtnaRCSC
2021-03-27 02:12:29,0.7,37.724,15.1,5.8,EtnaRCSC
2021-03-27 15:33:06,1.4,37.832,14.804,17.6,EtnaRCSC
2021-03-27 17:40:49,0.8,37.774,15.093,4.7,EtnaRCSC
2021-03-27 20:22:21,0.8,37.732,15.118,9.0,EtnaRCSC
2021-03-27 20:22:56,1.2,37.733,15.105,19.0,EtnaRCSC
2021-03-27 20:26:09,0.8,37.672,14.965,7.1,EtnaRCSC
2021-03-27 20:36:07,0.6,37.762,15.14,7.2,EtnaRCSC
2021-03-27 21:03:34,1.0,37.677,14.96,7.6,EtnaRCSC
2021-03-29 03:51:58,0.9,37.655,15.079,8.3,EtnaRCSC
2021-03-29 04:31:44,1.0,37.67,15.065,5.4,EtnaRCSC
2021-03-29 19:04:00,1.3,37.732,15.103,17.5,EtnaRCSC
2021-03-29 20:23:32,1.2,37.72,15.101,17.1,EtnaRCSC
2021-03-30 03:46:35,1.1,37.751,15.009,0.2,EtnaRCSC
2021-03-30 07:10:04,0.7,37.626,14.969,4.7,EtnaRCSC
2021-03-30 08:35:09,0.7,37.634,15.007,0.3,EtnaRCSC
2021-03-30 12:53:23,1.0,37.77,15.001,9.7,EtnaRCSC
2021-03-30 17:19:01,1.2,37.722,14.919,8.9,EtnaRCSC
2021-03-30 17:21:20,1.1,37.872,15.006,18.6,EtnaRCSC
2021-03-30 17:31:33,1.2,37.732,14.917,7.5,EtnaRCSC
2021-03-30 23:29:32,0.7,37.779,14.979,3.8,EtnaRCSC
2021-03-31 02:59:47,1.4,37.73,15.054,3.2,EtnaRCSC
2021-03-31 15:05:49,1.7,37.785,15.267,27.0,EtnaRCSC
2021-04-02 18:52:44,1.5,37.892,15.023,21.8,EtnaRCSC
2021-04-03 02:22:09,0.7,37.752,15.092,5.9,EtnaRCSC
2021-04-03 20:55:19,0.8,37.749,15.147,9.5,EtnaRCSC
2021-04-04 09:05:39,0.5,37.733,15.103,4.1,EtnaRCSC
2021-04-05 03:38:26,0.8,37.733,15.119,5.6,EtnaRCSC
2021-04-06 02:04:09,0.6,37.759,15.139,3.6,EtnaRCSC
2021-04-07 07:16:03,1.2,37.712,15.113,7.0,EtnaRCSC
2021-04-07 23:29:57,1.2,37.719,15.048,6.8,EtnaRCSC
2021-04-08 07:32:49,1.4,37.697,15.139,6.3,EtnaRCSC
2021-04-08 11:28:00,1.6,37.719,15.121,6.9,EtnaRCSC
2021-04-08 11:49:12,1.2,37.745,15.112,8.7,EtnaRCSC
2021-04-08 11:54:53,1.0,37.722,15.131,9.0,EtnaRCSC
2021-04-09 00:15:47,0.9,37.761,15.002,-0.6,EtnaRCSC
2021-04-09 01:03:04,1.4,37.637,14.94,8.5,EtnaRCSC
2021-04-09 01:12:03,1.1,37.625,14.949,7.0,EtnaRCSC
2021-04-09 02:22:46,1.3,37.63,14.936,10.4,EtnaRCSC
2021-04-09 15:59:30,1.7,37.812,15.013,11.5,EtnaRCSC
2021-04-09 17:40:44,1.3,37.717,14.965,8.6,EtnaRCSC
2021-04-09 18:17:25,0.6,37.663,14.954,3.1,EtnaRCSC
2021-04-10 05:22:37,0.5,37.736,14.89,2.4,EtnaRCSC
2021-04-10 21:00:55,1.1,37.655,15.102,3.0,EtnaRCSC
2021-04-11 06:02:26,1.1,37.638,15.066,-1.6,EtnaRCSC
2021-04-12 20:52:07,0.6,37.743,15.149,9.8,EtnaRCSC
2021-04-12 23:09:05,0.6,37.745,15.122,7.2,EtnaRCSC
2021-04-13 04:15:44,0.7,37.717,15.064,5.1,EtnaRCSC
2021-04-14 13:16:12,0.3,37.746,15.07,2.3,EtnaRCSC
2021-04-14 15:30:54,0.7,37.716,15.133,9.0,EtnaRCSC
2021-04-14 21:06:56,0.9,37.707,15.127,8.7,EtnaRCSC
2021-04-14 22:17:45,1.1,37.676,15.134,9.0,EtnaRCSC
2021-04-15 06:33:44,0.6,37.745,15.061,4.8,EtnaRCSC
2021-04-15 19:30:41,1.1,37.749,14.775,9.6,EtnaRCSC
2021-04-16 00:04:19,0.5,37.764,15.063,3.9,EtnaRCSC
2021-04-17 18:56:14,0.9,37.58,14.956,8.8,EtnaRCSC
2021-04-17 20:52:48,0.5,37.732,15.069,3.1,EtnaRCSC
2021-04-17 22:06:07,1.5,37.846,15.034,9.0,EtnaRCSC
2021-04-18 00:17:39,0.9,37.737,15.151,7.5,EtnaRCSC
2021-04-18 22:23:23,1.5,37.759,15.105,7.4,EtnaRCSC
2021-04-18 22:50:46,0.6,37.751,15.112,9.2,EtnaRCSC
2021-04-19 01:29:48,0.6,37.761,15.097,8.8,EtnaRCSC
2021-04-20 20:43:48,1.2,37.793,15.054,23.7,EtnaRCSC
2021-04-21 19:13:51,0.7,37.753,15.051,3.7,EtnaRCSC
2021-04-23 02:43:59,0.3,37.741,15.087,3.2,EtnaRCSC
2021-04-24 05:43:53,1.4,37.718,15.053,6.5,EtnaRCSC
2021-04-24 06:57:27,1.0,37.678,15.064,8.7,EtnaRCSC
2021-04-24 23:51:38,0.4,37.684,15.079,2.3,EtnaRCSC
2021-04-25 19:09:09,1.2,37.785,15.204,19.2,EtnaRCSC
2021-04-27 22:32:01,0.7,37.675,15.095,-1.5,EtnaRCSC
2021-04-28 04:51:53,1.2,37.837,15.047,20.2,EtnaRCSC
2021-04-28 20:43:49,0.8,37.706,14.982,4.3,EtnaRCSC
2021-04-29 04:47:02,1.5,37.744,15.052,5.2,EtnaRCSC
2021-04-29 04:52:02,0.7,37.745,15.038,6.8,EtnaRCSC
2021-04-29 05:10:45,0.6,37.738,15.057,3.0,EtnaRCSC
2021-04-29 15:57:37,1.1,37.706,15.147,19.1,EtnaRCSC
2021-04-29 16:08:40,1.1,37.712,15.124,18.3,EtnaRCSC
2021-04-29 16:09:24,0.9,37.722,15.133,16.8,EtnaRCSC
2021-04-29 16:13:09,1.7,37.742,15.143,16.6,EtnaRCSC
2021-04-29 16:25:54,1.1,37.705,15.149,17.2,EtnaRCSC
2021-04-29 16:29:46,1.4,37.73,15.157,16.9,EtnaRCSC
2021-04-29 16:40:58,1.4,37.711,15.153,19.1,EtnaRCSC
2021-04-29 16:46:21,1.5,37.719,15.152,17.6,EtnaRCSC
2021-04-29 16:59:52,1.0,37.722,15.149,16.7,EtnaRCSC
2021-04-29 17:03:21,1.8,37.744,15.149,15.8,EtnaRCSC
2021-04-29 17:05:55,1.2,37.692,15.136,25.6,EtnaRCSC
2021-04-29 17:06:27,1.0,37.693,15.152,17.2,EtnaRCSC
2021-04-29 17:13:56,1.5,37.73,15.125,16.5,EtnaRCSC
2021-04-29 17:14:17,1.7,37.74,15.121,14.6,EtnaRCSC
2021-04-29 17:18:32,1.2,37.715,15.158,17.1,EtnaRCSC
2021-04-29 17:26:54,1.4,37.751,15.157,13.9,EtnaRCSC
2021-04-29 17:32:56,1.7,37.743,15.138,15.8,EtnaRCSC
2021-04-29 17:34:06,1.1,37.695,15.117,20.1,EtnaRCSC
2021-04-29 17:44:15,1.7,37.731,15.134,18.8,EtnaRCSC
2021-04-29 18:04:07,1.1,37.712,15.157,18.5,EtnaRCSC
2021-04-29 18:14:54,1.8,37.734,15.147,18.0,EtnaRCSC
2021-04-29 18:42:56,1.2,37.715,15.146,18.2,EtnaRCSC
2021-04-29 18:44:08,1.1,37.745,15.095,17.4,EtnaRCSC
2021-04-29 18:44:57,0.9,37.72,15.15,18.5,EtnaRCSC
2021-04-29 18:45:24,1.0,37.695,15.166,21.1,EtnaRCSC
2021-04-29 18:55:32,1.3,37.729,15.135,19.0,EtnaRCSC
2021-04-29 18:55:52,1.1,37.726,15.151,15.5,EtnaRCSC
2021-04-29 19:36:13,1.3,37.708,15.128,22.1,EtnaRCSC
2021-04-29 19:36:50,1.3,37.722,15.144,18.3,EtnaRCSC
2021-04-29 19:37:07,1.0,37.736,15.159,18.9,EtnaRCSC
2021-04-29 19:54:25,2.0,37.747,15.136,15.0,EtnaRCSC
2021-04-29 19:59:59,1.2,37.716,15.151,19.6,EtnaRCSC
2021-04-29 20:06:08,1.0,37.724,15.145,17.6,EtnaRCSC
2021-04-29 20:08:33,1.0,37.729,15.125,14.9,EtnaRCSC
2021-04-29 20:17:58,1.0,37.739,15.134,14.4,EtnaRCSC
2021-04-29 20:23:55,1.7,37.735,15.143,13.6,EtnaRCSC
2021-04-29 20:43:09,2.2,37.744,15.137,14.6,EtnaRCSC
2021-04-29 20:44:22,1.4,37.743,15.131,17.4,EtnaRCSC
2021-04-29 20:46:21,0.8,37.719,15.155,15.2,EtnaRCSC
2021-04-29 20:47:02,1.5,37.708,15.145,18.5,EtnaRCSC
2021-04-29 20:52:57,2.1,37.745,15.145,14.7,EtnaRCSC
2021-04-29 20:57:15,1.0,37.734,15.108,18.1,EtnaRCSC
2021-04-29 20:57:51,1.4,37.716,15.118,16.5,EtnaRCSC
2021-04-29 21:01:48,1.1,37.719,15.152,17.6,EtnaRCSC
2021-04-29 21:06:36,1.2,37.728,15.171,16.8,EtnaRCSC
2021-04-29 21:08:39,1.3,37.742,15.127,11.9,EtnaRCSC
2021-04-29 21:16:47,1.5,37.722,15.153,19.7,EtnaRCSC
2021-04-29 21:19:12,0.9,37.715,15.138,16.5,EtnaRCSC
2021-04-29 21:25:07,1.3,37.718,15.164,18.6,EtnaRCSC
2021-04-29 21:29:11,1.0,37.732,15.134,20.7,EtnaRCSC
2021-04-29 21:36:55,1.1,37.736,15.095,18.4,EtnaRCSC
2021-04-29 21:48:31,1.5,37.725,15.149,18.6,EtnaRCSC
2021-04-29 22:07:48,2.0,37.736,15.159,17.6,EtnaRCSC
2021-04-29 22:13:16,0.8,37.721,15.137,16.6,EtnaRCSC
2021-04-29 22:17:13,0.7,37.731,15.146,17.9,EtnaRCSC
2021-04-29 22:17:19,1.6,37.725,15.139,18.6,EtnaRCSC
2021-04-29 22:17:31,1.5,37.724,15.156,18.8,EtnaRCSC
2021-04-29 22:22:23,1.2,37.737,15.116,18.2,EtnaRCSC
2021-04-29 22:50:13,0.9,37.723,15.143,17.4,EtnaRCSC
2021-04-29 22:56:07,1.2,37.721,15.15,18.9,EtnaRCSC
2021-04-29 22:56:32,1.0,37.735,15.113,17.8,EtnaRCSC
2021-04-29 22:57:46,1.1,37.739,15.12,21.7,EtnaRCSC
2021-04-29 23:08:19,1.1,37.737,15.139,15.4,EtnaRCSC
2021-04-29 23:08:36,1.8,37.758,15.156,15.7,EtnaRCSC
2021-04-29 23:19:15,1.3,37.732,15.136,15.9,EtnaRCSC
2021-04-29 23:20:36,1.0,37.714,15.126,19.5,EtnaRCSC
2021-04-29 23:45:50,1.1,37.716,15.132,18.9,EtnaRCSC
2021-04-29 23:51:20,1.2,37.734,15.128,19.5,EtnaRCSC
2021-04-29 23:51:34,1.6,37.73,15.141,16.4,EtnaRCSC
2021-04-29 23:52:09,2.1,37.748,15.141,15.6,EtnaRCSC
2021-04-30 00:05:57,1.3,37.745,15.127,11.6,EtnaRCSC
2021-04-30 00:07:33,1.6,37.724,15.132,17.0,EtnaRCSC
2021-04-30 00:15:09,1.4,37.734,15.141,21.8,EtnaRCSC
2021-04-30 00:28:34,1.3,37.718,15.161,23.2,EtnaRCSC
2021-04-30 00:45:57,1.7,37.739,15.124,17.5,EtnaRCSC
2021-04-30 01:35:49,1.1,37.71,15.145,15.4,EtnaRCSC
2021-04-30 01:58:10,1.8,37.745,15.118,13.8,EtnaRCSC
2021-04-30 02:14:08,0.6,37.763,15.02,3.9,EtnaRCSC
2021-04-30 02:21:40,0.7,37.788,14.948,9.8,EtnaRCSC
2021-04-30 02:22:00,0.7,37.778,14.936,9.9,EtnaRCSC
2021-04-30 02:24:29,0.7,37.789,14.928,10.0,EtnaRCSC
2021-04-30 04:33:09,1.2,37.695,15.156,13.3,EtnaRCSC
2021-04-30 04:34:32,1.7,37.728,15.135,13.2,EtnaRCSC
2021-04-30 04:37:45,1.4,37.731,15.128,13.1,EtnaRCSC
2021-04-30 07:10:39,1.0,37.755,15.086,15.6,EtnaRCSC
2021-04-30 07:28:16,1.5,37.564,14.9,13.2,EtnaRCSC
2021-04-30 07:44:31,1.2,37.601,14.927,11.9,EtnaRCSC
2021-04-30 08:00:26,1.1,37.719,15.119,10.3,EtnaRCSC
2021-04-30 08:00:40,1.3,37.704,15.147,13.5,EtnaRCSC
2021-04-30 08:01:43,1.3,37.657,15.187,16.5,EtnaRCSC
2021-04-30 08:39:17,1.1,37.68,15.112,5.1,EtnaRCSC
2021-04-30 10:36:16,1.3,37.576,14.945,9.3,EtnaRCSC
2021-04-30 13:57:44,0.9,37.733,15.071,4.3,EtnaRCSC
2021-04-30 21:23:19,1.4,37.754,15.079,19.0,EtnaRCSC
2021-04-30 21:28:47,1.8,37.742,15.137,20.3,EtnaRCSC
2021-04-30 21:45:50,1.2,37.733,15.111,19.9,EtnaRCSC
2021-04-30 21:55:28,1.5,37.733,15.118,17.9,EtnaRCSC
2021-04-30 21:58:41,1.0,37.736,15.121,14.8,EtnaRCSC
2021-04-30 22:00:03,0.9,37.724,15.144,15.7,EtnaRCSC
2021-04-30 22:25:12,1.0,37.773,15.058,17.4,EtnaRCSC
2021-04-30 22:42:59,0.9,37.731,15.06,8.0,EtnaRCSC
2021-05-01 02:50:17,1.3,37.712,15.179,19.8,EtnaRCSC
2021-05-01 03:07:44,1.3,37.723,15.156,21.1,EtnaRCSC
2021-05-01 13:48:23,2.2,37.673,15.094,0.5,EtnaRCSC
2021-05-02 01:15:05,1.3,37.737,15.171,21.4,EtnaRCSC
2021-05-02 01:16:30,1.0,37.753,15.158,19.5,EtnaRCSC
2021-05-02 04:44:25,1.6,37.677,15.114,6.1,EtnaRCSC
2021-05-02 08:23:04,1.2,37.714,15.139,15.6,EtnaRCSC
2021-05-02 08:26:56,0.6,37.725,15.055,4.0,EtnaRCSC
2021-05-02 09:26:06,2.1,37.664,15.097,2.4,EtnaRCSC
2021-05-02 12:07:29,2.1,37.674,15.093,0.8,EtnaRCSC
2021-05-02 12:40:47,0.8,37.655,15.097,4.3,EtnaRCSC
2021-05-02 12:49:20,1.0,37.658,15.091,0.8,EtnaRCSC
2021-05-02 13:01:45,0.9,37.662,15.073,0.9,EtnaRCSC
2021-05-04 01:29:32,0.0,37.734,15.084,-0.1,EtnaRCSC
2021-05-04 07:29:22,0.9,37.654,15.08,8.6,EtnaRCSC
2021-05-04 08:37:33,0.9,37.693,15.07,8.0,EtnaRCSC
2021-05-04 13:27:48,0.6,37.749,14.993,-0.9,EtnaRCSC
2021-05-04 21:32:52,0.4,37.752,14.996,-1.4,EtnaRCSC
2021-05-04 21:58:34,0.5,37.75,14.991,-1.3,EtnaRCSC
2021-05-05 00:34:16,0.5,37.728,15.032,4.3,EtnaRCSC
2021-05-05 06:41:45,1.3,37.726,15.041,-1.0,EtnaRCSC
2021-05-05 07:20:38,1.1,37.617,14.985,5.7,EtnaRCSC
2021-05-05 09:23:10,0.1,37.744,15.008,0.0,EtnaRCSC
2021-05-05 12:11:56,2.7,37.594,14.889,2.5,EtnaRCSC
2021-05-05 19:13:12,0.6,37.734,15.051,5.8,EtnaRCSC
2021-05-05 20:30:18,0.3,37.728,14.934,5.3,EtnaRCSC
2021-05-05 21:01:47,0.2,37.747,15.144,6.3,EtnaRCSC
2021-05-05 21:42:19,0.6,37.751,15.071,18.1,EtnaRCSC
2021-05-05 21:42:29,0.6,37.719,15.131,13.7,EtnaRCSC
2021-05-06 02:49:49,0.9,37.715,14.998,10.0,EtnaRCSC
2021-05-06 07:24:01,0.8,37.725,15.123,9.7,EtnaRCSC
2021-05-06 08:42:42,0.9,37.68,15.17,13.8,EtnaRCSC
2021-05-06 08:51:00,0.3,37.739,15.058,6.0,EtnaRCSC
2021-05-06 10:08:56,0.5,37.729,15.194,9.3,EtnaRCSC
2021-05-06 10:43:21,0.8,37.679,15.168,15.7,EtnaRCSC
2021-05-06 10:46:10,1.2,37.677,15.161,16.0,EtnaRCSC
2021-05-06 10:54:59,1.0,37.702,15.102,17.4,EtnaRCSC
2021-05-06 10:56:36,0.8,37.679,15.149,13.4,EtnaRCSC
2021-05-06 10:57:42,0.9,37.663,15.182,15.3,EtnaRCSC
2021-05-06 10:58:55,1.2,37.706,15.148,19.3,EtnaRCSC
2021-05-06 11:00:22,1.2,37.713,15.112,16.2,EtnaRCSC
2021-05-06 11:05:15,1.2,37.707,15.115,14.4,EtnaRCSC
2021-05-06 11:06:28,0.9,37.707,15.127,15.5,EtnaRCSC
2021-05-06 11:07:54,1.1,37.676,15.188,14.6,EtnaRCSC
2021-05-06 11:10:10,0.8,37.68,15.17,11.3,EtnaRCSC
2021-05-06 11:29:14,1.4,37.718,15.111,17.8,EtnaRCSC
2021-05-06 11:29:30,1.4,37.734,15.091,17.1,EtnaRCSC
2021-05-06 11:37:16,1.4,37.695,15.129,12.4,EtnaRCSC
2021-05-06 11:46:04,0.9,37.711,15.131,14.3,EtnaRCSC
2021-05-06 11:51:05,0.8,37.682,15.166,12.8,EtnaRCSC
2021-05-06 11:54:39,1.1,37.69,15.142,17.0,EtnaRCSC
2021-05-06 11:57:59,1.0,37.655,15.154,15.2,EtnaRCSC
2021-05-06 11:59:09,1.0,37.68,15.15,16.0,EtnaRCSC
2021-05-06 12:01:06,0.9,37.695,15.146,15.6,EtnaRCSC
2021-05-06 12:04:49,1.6,37.708,15.114,18.6,EtnaRCSC
2021-05-06 12:18:29,1.9,37.708,15.14,18.7,EtnaRCSC
2021-05-06 12:18:48,2.1,37.721,15.125,19.3,EtnaRCSC
2021-05-06 12:19:47,1.4,37.71,15.145,17.2,EtnaRCSC
2021-05-06 12:23:07,1.1,37.713,15.126,18.2,EtnaRCSC
2021-05-06 12:24:54,1.0,37.69,15.166,13.2,EtnaRCSC
2021-05-06 12:53:25,0.7,37.717,15.113,14.3,EtnaRCSC
2021-05-06 13:01:26,1.3,37.71,15.107,17.7,EtnaRCSC
2021-05-06 13:03:04,0.8,37.69,15.152,15.7,EtnaRCSC
2021-05-06 13:10:42,1.6,37.712,15.121,19.3,EtnaRCSC
2021-05-06 13:11:28,1.4,37.714,15.109,17.8,EtnaRCSC
2021-05-06 13:12:42,1.1,37.711,15.102,17.8,EtnaRCSC
2021-05-06 13:13:57,1.2,37.699,15.123,15.6,EtnaRCSC
2021-05-06 13:21:21,1.2,37.688,15.136,17.4,EtnaRCSC
2021-05-06 13:22:28,1.0,37.709,15.117,15.0,EtnaRCSC
2021-05-06 13:30:50,1.2,37.715,15.125,13.3,EtnaRCSC
2021-05-06 13:37:07,2.1,37.718,15.139,16.7,EtnaRCSC
2021-05-06 13:39:09,1.6,37.713,15.204,19.0,EtnaRCSC
2021-05-06 13:49:53,1.1,37.676,15.165,15.3,EtnaRCSC
2021-05-06 13:52:04,1.3,37.723,15.107,17.6,EtnaRCSC
2021-05-06 13:55:09,1.5,37.674,15.151,15.5,EtnaRCSC
2021-05-06 13:55:30,1.4,37.709,15.11,17.7,EtnaRCSC
2021-05-06 13:55:50,1.6,37.707,15.108,18.4,EtnaRCSC
2021-05-06 13:57:32,1.7,37.706,15.137,18.7,EtnaRCSC
2021-05-06 13:58:56,1.3,37.701,15.117,16.6,EtnaRCSC
2021-05-06 14:09:51,1.8,37.724,15.124,11.0,EtnaRCSC
2021-05-06 14:21:58,1.6,37.706,15.134,15.6,EtnaRCSC
2021-05-06 14:26:38,1.9,37.713,15.137,18.1,EtnaRCSC
2021-05-06 14:33:12,1.1,37.69,15.164,16.5,EtnaRCSC
2021-05-06 14:49:11,1.0,37.689,15.156,15.2,EtnaRCSC
2021-05-06 14:51:23,0.8,37.685,15.161,15.3,EtnaRCSC
2021-05-06 14:55:23,2.6,37.711,15.125,17.7,EtnaRCSC
2021-05-06 14:56:30,1.4,37.71,15.128,12.9,EtnaRCSC
2021-05-06 15:09:56,0.9,37.674,15.173,12.6,EtnaRCSC
2021-05-06 15:28:07,1.5,37.695,15.094,20.1,EtnaRCSC
2021-05-06 15:30:50,1.0,37.668,15.166,15.2,EtnaRCSC
2021-05-06 15:38:37,1.0,37.677,15.173,13.6,EtnaRCSC
2021-05-06 16:04:32,1.2,37.705,15.139,14.9,EtnaRCSC
2021-05-06 16:07:27,1.1,37.683,15.18,15.8,EtnaRCSC
2021-05-06 16:38:25,0.9,37.679,15.164,14.2,EtnaRCSC
2021-05-06 16:40:31,0.7,37.705,15.14,12.8,EtnaRCSC
2021-05-06 16:56:23,0.7,37.669,15.172,14.0,EtnaRCSC
2021-05-06 16:57:13,0.8,37.679,15.162,13.6,EtnaRCSC
2021-05-06 17:01:13,1.0,37.744,15.014,18.1,EtnaRCSC
2021-05-06 17:13:39,0.7,37.693,15.143,14.9,EtnaRCSC
2021-05-06 17:26:58,1.3,37.678,15.158,14.3,EtnaRCSC
2021-05-06 17:27:37,1.3,37.707,15.124,16.3,EtnaRCSC
2021-05-06 18:11:40,0.8,37.691,15.117,16.9,EtnaRCSC
2021-05-06 18:25:55,1.0,37.713,15.121,15.4,EtnaRCSC
2021-05-06 18:27:10,0.8,37.72,15.098,12.2,EtnaRCSC
2021-05-06 18:27:23,1.5,37.724,15.092,18.9,EtnaRCSC
2021-05-06 18:29:02,1.9,37.718,15.107,18.1,EtnaRCSC
2021-05-06 18:30:51,0.8,37.714,15.113,14.6,EtnaRCSC
2021-05-06 18:50:43,0.9,37.703,15.131,12.4,EtnaRCSC
2021-05-06 18:50:57,1.2,37.716,15.114,19.2,EtnaRCSC
2021-05-06 19:02:42,1.5,37.717,15.121,18.3,EtnaRCSC
2021-05-06 20:31:12,0.7,37.827,15.008,15.3,EtnaRCSC
2021-05-06 20:39:18,1.7,37.728,15.128,19.3,EtnaRCSC
2021-05-06 20:40:11,0.8,37.697,15.145,14.1,EtnaRCSC
2021-05-06 20:49:37,0.6,37.713,15.125,15.1,EtnaRCSC
2021-05-06 23:10:12,1.5,37.718,15.116,18.8,EtnaRCSC
2021-05-06 23:17:23,1.1,37.704,15.11,18.9,EtnaRCSC
2021-05-06 23:37:26,1.0,37.746,15.193,24.7,EtnaRCSC
2021-05-06 23:41:45,1.1,37.71,15.125,17.8,EtnaRCSC
2021-05-07 01:11:00,1.3,37.824,14.995,20.5,EtnaRCSC
2021-05-07 04:14:18,0.4,37.852,15.026,10.0,EtnaRCSC
2021-05-07 06:53:26,0.6,37.728,15.094,6.3,EtnaRCSC
2021-05-07 07:35:34,0.8,37.698,15.066,8.3,EtnaRCSC
2021-05-07 09:06:00,1.1,37.733,14.967,6.4,EtnaRCSC
2021-05-08 08:26:19,0.7,37.665,14.829,4.2,EtnaRCSC
2021-05-08 11:24:03,1.3,37.634,14.857,7.3,EtnaRCSC
2021-05-08 18:07:59,1.9,37.744,15.116,8.4,EtnaRCSC
2021-05-08 18:09:11,3.1,37.764,15.102,6.1,EtnaRCSC
2021-05-08 18:10:22,2.2,37.768,15.112,5.3,EtnaRCSC
2021-05-08 18:11:53,1.2,37.747,15.123,7.9,EtnaRCSC
2021-05-08 18:13:24,3.1,37.759,15.107,6.3,EtnaRCSC
2021-05-08 18:14:33,1.4,37.743,15.121,7.2,EtnaRCSC
2021-05-08 18:15:52,1.1,37.738,15.134,9.2,EtnaRCSC
2021-05-08 18:17:05,1.3,37.737,15.134,10.4,EtnaRCSC
2021-05-08 18:17:20,1.3,37.737,15.12,8.7,EtnaRCSC
2021-05-08 18:20:06,2.3,37.756,15.107,6.4,EtnaRCSC
2021-05-08 18:22:56,1.1,37.756,15.131,7.0,EtnaRCSC
2021-05-08 18:24:00,1.3,37.749,15.117,7.9,EtnaRCSC
2021-05-08 18:24:40,0.9,37.751,15.116,5.8,EtnaRCSC
2021-05-08 18:27:44,0.8,37.74,15.13,10.1,EtnaRCSC
2021-05-08 18:30:12,1.7,37.75,15.108,6.7,EtnaRCSC
2021-05-08 18:31:40,0.8,37.757,15.116,5.4,EtnaRCSC
2021-05-08 18:33:54,0.7,37.737,15.135,9.0,EtnaRCSC
2021-05-08 18:44:16,1.2,37.739,15.133,10.2,EtnaRCSC
2021-05-08 18:46:27,0.6,37.747,15.13,8.9,EtnaRCSC
2021-05-08 18:49:38,0.6,37.745,15.136,6.7,EtnaRCSC
2021-05-08 18:51:39,0.9,37.746,15.12,9.3,EtnaRCSC
2021-05-08 18:52:57,0.6,37.729,15.118,9.7,EtnaRCSC
2021-05-08 18:56:43,0.9,37.748,15.114,11.2,EtnaRCSC
2021-05-08 19:06:46,0.8,37.747,15.123,8.3,EtnaRCSC
2021-05-08 19:07:20,0.7,37.73,15.138,8.9,EtnaRCSC
2021-05-08 19:10:14,0.6,37.743,15.144,8.3,EtnaRCSC
2021-05-08 19:13:15,0.9,37.748,15.123,8.6,EtnaRCSC
2021-05-08 19:13:40,0.7,37.747,15.12,7.2,EtnaRCSC
2021-05-08 19:19:40,0.6,37.735,15.127,8.2,EtnaRCSC
2021-05-08 19:37:28,0.8,37.751,15.117,6.1,EtnaRCSC
2021-05-08 19:42:49,0.5,37.745,15.123,10.0,EtnaRCSC
2021-05-08 19:44:17,0.5,37.735,15.143,7.9,EtnaRCSC
2021-05-08 20:12:35,1.0,37.747,15.127,9.1,EtnaRCSC
2021-05-08 20:20:34,0.5,37.742,15.121,7.6,EtnaRCSC
2021-05-08 20:27:04,0.6,37.746,15.118,8.0,EtnaRCSC
2021-05-08 20:41:20,0.8,37.746,15.123,8.3,EtnaRCSC
2021-05-08 21:01:25,0.8,37.762,15.108,4.3,EtnaRCSC
2021-05-08 21:05:04,1.5,37.703,15.116,11.5,EtnaRCSC
2021-05-08 21:17:25,0.6,37.749,15.122,8.5,EtnaRCSC
2021-05-08 21:19:25,1.0,37.749,15.122,7.8,EtnaRCSC
2021-05-08 21:22:39,0.7,37.752,15.12,7.5,EtnaRCSC
2021-05-08 21:40:08,2.1,37.761,15.105,4.3,EtnaRCSC
2021-05-08 21:40:16,2.1,37.766,15.104,4.0,EtnaRCSC
2021-05-08 21:42:15,0.7,37.745,15.115,6.6,EtnaRCSC
2021-05-08 21:42:42,1.1,37.742,15.117,8.3,EtnaRCSC
2021-05-08 22:04:30,0.7,37.737,15.138,11.7,EtnaRCSC
2021-05-08 22:05:10,0.8,37.7,15.196,14.8,EtnaRCSC
2021-05-08 22:13:42,0.7,37.741,15.117,8.5,EtnaRCSC
2021-05-08 23:15:06,0.6,37.73,15.119,11.4,EtnaRCSC
2021-05-08 23:26:52,0.6,37.743,15.121,6.5,EtnaRCSC
2021-05-09 00:22:38,0.8,37.753,15.103,5.1,EtnaRCSC
2021-05-09 00:23:34,1.3,37.753,15.104,6.3,EtnaRCSC
2021-05-09 00:48:48,0.6,37.764,15.109,5.4,EtnaRCSC
2021-05-09 00:54:57,0.4,37.759,15.115,7.3,EtnaRCSC
2021-05-09 01:24:22,0.2,37.749,15.111,4.4,EtnaRCSC
2021-05-09 04:50:31,0.3,37.752,15.105,4.5,EtnaRCSC
2021-05-09 05:59:44,0.8,37.75,15.091,5.1,EtnaRCSC
2021-05-09 08:14:29,0.7,37.752,15.111,8.8,EtnaRCSC
2021-05-09 08:43:33,0.1,37.769,15.139,2.1,EtnaRCSC
2021-05-09 10:45:35,1.1,37.74,15.128,7.8,EtnaRCSC
2021-05-09 10:49:13,1.3,37.747,15.121,8.9,EtnaRCSC
2021-05-09 10:49:26,1.1,37.775,15.106,3.9,EtnaRCSC
2021-05-09 11:14:35,1.2,37.748,15.112,6.7,EtnaRCSC
2021-05-09 12:34:05,0.7,37.749,15.082,6.9,EtnaRCSC
2021-05-09 13:01:21,0.9,37.742,15.125,8.1,EtnaRCSC
2021-05-09 13:08:31,1.4,37.755,15.111,5.9,EtnaRCSC
2021-05-10 01:19:27,0.9,37.759,15.113,5.8,EtnaRCSC
2021-05-10 02:39:48,1.2,37.765,15.111,4.2,EtnaRCSC
2021-05-10 03:25:37,0.7,37.749,15.113,7.4,EtnaRCSC
2021-05-10 15:13:02,0.5,37.746,15.139,9.2,EtnaRCSC
2021-05-10 17:09:50,0.7,37.739,15.136,8.3,EtnaRCSC
2021-05-10 21:42:27,0.3,37.678,15.025,4.9,EtnaRCSC
2021-05-10 22:27:40,1.2,37.712,14.757,3.2,EtnaRCSC
2021-05-11 05:41:32,1.0,37.765,15.036,6.2,EtnaRCSC
2021-05-11 08:33:47,1.0,37.757,15.151,6.5,EtnaRCSC
2021-05-11 08:40:41,1.4,37.739,15.127,8.2,EtnaRCSC
2021-05-11 08:46:12,0.5,37.755,15.093,5.3,EtnaRCSC
2021-05-11 13:00:02,1.1,37.708,15.146,15.6,EtnaRCSC
2021-05-11 16:21:32,0.9,37.679,15.192,13.9,EtnaRCSC
2021-05-11 20:43:31,1.1,37.726,15.035,18.8,EtnaRCSC
2021-05-12 05:00:03,1.5,37.744,15.077,5.4,EtnaRCSC
2021-05-12 05:07:15,1.3,37.742,15.074,5.3,EtnaRCSC
2021-05-12 05:13:47,0.8,37.724,15.096,6.5,EtnaRCSC
2021-05-12 05:45:28,0.8,37.734,15.094,6.9,EtnaRCSC
2021-05-12 07:10:54,0.5,37.725,15.108,6.5,EtnaRCSC
2021-05-12 13:16:00,0.5,37.732,15.076,4.8,EtnaRCSC
2021-05-12 21:00:17,0.8,37.749,15.117,9.9,EtnaRCSC
2021-05-12 21:50:52,0.6,37.726,14.958,6.2,EtnaRCSC
2021-05-13 04:49:42,1.3,37.683,15.165,14.5,EtnaRCSC
2021-05-14 08:08:43,0.6,37.687,15.006,-1.6,EtnaRCSC
2021-05-14 21:53:00,0.3,37.691,14.981,-0.4,EtnaRCSC
2021-05-16 01:39:49,0.6,37.743,15.086,6.2,EtnaRCSC
2021-05-16 05:21:19,1.2,37.74,15.206,9.5,EtnaRCSC
2021-05-16 12:43:51,0.8,37.736,15.158,6.9,EtnaRCSC
2021-05-16 17:35:43,0.4,37.754,15.03,3.1,EtnaRCSC
2021-05-16 19:36:42,1.4,37.866,14.971,26.0,EtnaRCSC
2021-05-16 22:33:57,0.9,37.626,14.909,6.0,EtnaRCSC
2021-05-17 12:25:35,0.8,37.732,15.133,8.6,EtnaRCSC
2021-05-18 00:24:27,0.7,37.684,15.063,4.7,EtnaRCSC
2021-05-18 14:41:47,1.6,37.526,14.801,-0.1,EtnaRCSC
2021-05-19 06:02:15,1.3,37.735,15.087,7.7,EtnaRCSC
2021-05-20 23:02:13,1.7,37.735,14.929,7.2,EtnaRCSC
2021-05-20 23:02:32,1.3,37.727,14.921,5.9,EtnaRCSC
2021-05-21 00:24:32,1.3,37.737,14.921,5.8,EtnaRCSC
2021-05-21 09:03:26,0.5,37.733,15.101,3.3,EtnaRCSC
2021-05-22 07:48:14,1.7,37.623,14.909,5.4,EtnaRCSC
2021-05-22 10:09:52,0.9,37.647,14.914,4.4,EtnaRCSC
2021-05-22 12:07:12,1.1,37.701,14.96,8.1,EtnaRCSC
2021-05-23 11:44:56,0.4,37.73,15.129,3.4,EtnaRCSC
2021-05-23 18:43:53,0.7,37.66,15.099,5.4,EtnaRCSC
2021-05-24 01:42:39,0.9,37.74,15.138,6.6,EtnaRCSC
2021-05-24 09:48:51,0.8,37.71,14.914,8.5,EtnaRCSC
2021-05-24 18:17:35,1.7,37.667,15.086,4.5,EtnaRCSC
2021-05-24 18:18:54,0.9,37.661,15.085,2.9,EtnaRCSC
2021-05-25 03:30:00,2.0,37.67,15.085,5.2,EtnaRCSC
2021-05-26 00:32:49,1.2,37.637,14.846,0.1,EtnaRCSC
2021-05-26 18:25:17,0.6,37.749,15.121,6.2,EtnaRCSC
2021-05-27 23:19:55,1.1,37.741,15.058,1.3,EtnaRCSC
2021-05-28 15:09:53,1.3,37.745,14.782,-0.8,EtnaRCSC
2021-05-28 19:07:01,1.2,37.813,14.875,6.4,EtnaRCSC
2021-05-28 22:34:01,1.1,37.751,15.108,4.4,EtnaRCSC
2021-05-29 19:16:44,0.7,37.742,14.998,2.7,EtnaRCSC
2021-05-29 21:27:15,1.9,37.752,14.964,6.8,EtnaRCSC
2021-05-30 20:49:57,0.6,37.749,14.996,-0.4,EtnaRCSC
2021-05-30 23:36:18,0.4,37.75,15.066,4.9,EtnaRCSC
2021-05-31 03:42:25,1.2,37.781,14.981,29.5,EtnaRCSC
2021-05-31 03:42:47,1.2,37.762,14.98,28.9,EtnaRCSC
2021-05-31 12:03:58,1.6,37.873,15.188,16.4,EtnaRCSC
2021-05-31 17:43:26,0.4,37.686,15.147,4.4,EtnaRCSC
2021-06-01 17:27:04,0.8,37.72,15.131,5.5,EtnaRCSC
2021-06-02 00:12:42,0.6,37.748,15.002,-0.4,EtnaRCSC
2021-06-02 01:11:26,0.6,37.756,15.041,6.1,EtnaRCSC
2021-06-02 01:33:06,0.6,37.74,15.06,4.1,EtnaRCSC
2021-06-02 03:39:33,0.6,37.657,15.094,-1.6,EtnaRCSC
2021-06-02 21:09:32,1.3,37.714,15.137,13.6,EtnaRCSC
2021-06-02 21:10:48,1.7,37.729,15.132,15.9,EtnaRCSC
2021-06-02 21:29:06,1.5,37.71,15.135,14.8,EtnaRCSC
2021-06-03 07:56:24,1.3,37.663,15.074,3.7,EtnaRCSC
2021-06-03 20:41:39,2.1,37.748,14.965,9.3,EtnaRCSC
2021-06-03 20:45:59,1.2,37.748,14.956,8.8,EtnaRCSC
2021-06-05 10:23:41,1.0,37.856,15.035,16.1,EtnaRCSC
2021-06-05 21:25:23,1.0,37.862,15.187,17.6,EtnaRCSC
2021-06-05 21:33:18,0.9,37.859,15.198,19.3,EtnaRCSC
2021-06-05 21:33:43,0.9,37.85,15.215,20.0,EtnaRCSC
2021-06-05 23:46:28,0.7,37.867,15.178,18.6,EtnaRCSC
2021-06-06 21:52:55,0.9,37.74,15.074,3.9,EtnaRCSC
2021-06-07 01:28:36,0.6,37.649,15.155,3.6,EtnaRCSC
2021-06-07 01:38:40,1.1,37.751,15.032,9.1,EtnaRCSC
2021-06-07 04:23:55,1.6,37.867,15.167,19.5,EtnaRCSC
2021-06-07 08:52:30,1.5,37.856,15.208,22.3,EtnaRCSC
2021-06-07 23:45:18,1.3,37.871,15.164,16.9,EtnaRCSC
2021-06-09 01:17:40,0.7,37.768,15.131,-0.1,EtnaRCSC
2021-06-09 23:45:45,1.5,37.685,15.102,9.1,EtnaRCSC
2021-06-10 10:22:31,1.5,37.739,15.173,10.1,EtnaRCSC
2021-06-11 05:05:05,1.3,37.761,15.188,7.0,EtnaRCSC
2021-06-11 14:26:17,2.7,37.648,14.861,0.9,EtnaRCSC
2021-06-13 15:45:36,1.4,37.884,14.804,11.8,EtnaRCSC
2021-06-13 15:49:48,1.5,37.879,14.81,14.4,EtnaRCSC
2021-06-15 07:07:39,0.5,37.749,15.046,4.0,EtnaRCSC
2021-06-16 01:54:27,0.7,37.615,15.043,6.0,EtnaRCSC
2021-06-16 02:29:55,0.2,37.729,15.056,2.5,EtnaRCSC
2021-06-17 15:03:52,1.3,37.735,15.054,5.7,EtnaRCSC
2021-06-17 19:55:17,1.8,37.622,15.046,12.4,EtnaRCSC
2021-06-18 01:01:54,1.6,37.539,14.864,-0.2,EtnaRCSC
2021-06-18 07:41:21,2.1,37.535,14.85,9.3,EtnaRCSC
2021-06-18 07:41:43,2.1,37.546,14.853,6.3,EtnaRCSC
2021-06-18 07:56:33,1.5,37.533,14.836,7.4,EtnaRCSC
2021-06-18 12:42:00,0.7,37.832,15.007,9.4,EtnaRCSC
2021-06-19 02:41:21,0.7,37.737,15.094,3.7,EtnaRCSC
2021-06-19 02:59:56,0.7,37.741,15.045,3.9,EtnaRCSC
2021-06-19 07:49:41,1.9,37.53,14.874,5.7,EtnaRCSC
2021-06-20 12:51:41,1.8,37.62,15.039,7.4,EtnaRCSC
2021-06-20 14:41:05,0.8,37.739,15.088,2.6,EtnaRCSC
2021-06-23 14:15:49,2.1,37.779,14.945,24.9,EtnaRCSC
2021-06-25 08:14:55,1.0,37.639,15.038,3.4,EtnaRCSC
2021-06-26 04:16:52,1.0,37.745,15.068,6.7,EtnaRCSC
2021-06-27 00:47:40,1.2,37.665,15.046,3.8,EtnaRCSC
2021-06-27 21:10:33,0.9,37.619,15.031,11.6,EtnaRCSC
2021-06-28 06:38:01,1.5,37.674,14.991,15.9,EtnaRCSC
2021-06-28 20:51:17,0.8,37.691,15.051,7.5,EtnaRCSC
2021-06-28 20:53:04,0.9,37.69,15.036,13.0,EtnaRCSC
2021-06-28 20:54:52,0.7,37.704,15.039,10.8,EtnaRCSC
2021-06-29 20:12:58,1.1,37.675,14.966,13.0,EtnaRCSC
2021-06-29 20:32:20,1.0,37.695,14.965,14.9,EtnaRCSC
2021-06-29 22:02:17,1.2,37.729,15.128,9.7,EtnaRCSC
2021-07-02 09:51:31,1.1,37.68,14.959,4.1,EtnaRCSC
2021-07-02 18:48:31,1.1,37.705,14.724,6.1,EtnaRCSC
2021-07-03 13:00:59,1.0,37.749,15.103,6.3,EtnaRCSC
2021-07-04 12:28:06,1.7,37.73,15.107,7.2,EtnaRCSC
2021-07-04 21:13:36,0.7,37.754,14.983,3.6,EtnaRCSC
2021-07-05 02:23:16,0.9,37.749,15.008,-1.4,EtnaRCSC
2021-07-05 02:56:25,0.9,37.728,15.089,6.8,EtnaRCSC
2021-07-05 05:31:27,0.4,37.762,15.102,4.8,EtnaRCSC
2021-07-06 07:45:44,0.5,37.751,14.99,-1.6,EtnaRCSC
2021-07-06 16:09:12,1.4,37.735,15.105,9.9,EtnaRCSC
2021-07-06 18:49:36,1.5,37.661,15.019,4.8,EtnaRCSC
2021-07-07 16:03:15,1.8,37.895,14.96,28.0,EtnaRCSC
2021-07-07 16:09:00,0.5,37.691,14.952,3.5,EtnaRCSC
2021-07-07 16:09:57,0.9,37.678,14.972,7.0,EtnaRCSC
2021-07-07 18:05:16,1.3,37.785,15.223,19.5,EtnaRCSC
2021-07-07 21:07:08,0.7,37.731,14.925,4.4,EtnaRCSC
2021-07-08 04:09:06,0.4,37.723,15.046,4.6,EtnaRCSC
2021-07-08 08:17:50,0.4,37.753,15.07,5.4,EtnaRCSC
2021-07-08 09:42:38,1.4,37.736,15.287,6.6,EtnaRCSC
2021-07-08 10:41:18,0.9,37.748,15.251,9.5,EtnaRCSC
2021-07-08 20:23:08,1.2,37.557,14.821,22.0,EtnaRCSC
2021-07-09 06:32:01,1.2,37.714,15.159,10.4,EtnaRCSC
2021-07-09 06:42:52,1.3,37.829,14.93,34.7,EtnaRCSC
2021-07-09 06:43:44,1.3,37.832,14.935,29.5,EtnaRCSC
2021-07-09 06:45:40,1.2,37.822,14.912,31.1,EtnaRCSC
2021-07-09 06:46:27,1.2,37.848,14.929,27.2,EtnaRCSC
2021-07-09 06:48:12,1.0,37.853,14.925,22.8,EtnaRCSC
2021-07-09 06:52:04,1.0,37.839,14.906,30.4,EtnaRCSC
2021-07-09 06:55:39,1.4,37.848,14.92,27.4,EtnaRCSC
2021-07-09 07:01:12,1.7,37.838,14.918,29.8,EtnaRCSC
2021-07-09 07:03:23,1.2,37.839,14.905,29.9,EtnaRCSC
2021-07-09 07:37:10,1.3,37.814,14.9,32.4,EtnaRCSC
2021-07-09 09:44:46,1.3,37.842,14.916,23.2,EtnaRCSC
2021-07-09 09:45:17,2.0,37.848,14.935,26.3,EtnaRCSC
2021-07-09 09:46:06,1.7,37.888,14.957,28.6,EtnaRCSC
2021-07-09 09:47:40,1.6,37.793,14.901,26.4,EtnaRCSC
2021-07-09 09:57:46,1.7,37.801,14.92,33.3,EtnaRCSC
2021-07-11 14:50:07,1.0,37.74,14.919,6.5,EtnaRCSC
2021-07-12 06:01:56,0.8,37.715,15.091,7.3,EtnaRCSC
2021-07-12 15:19:49,1.1,37.706,15.08,3.8,EtnaRCSC
2021-07-13 02:33:26,1.3,37.857,15.234,14.6,EtnaRCSC
2021-07-13 02:55:08,0.5,37.861,15.221,10.2,EtnaRCSC
2021-07-13 04:28:04,1.5,37.772,14.898,30.4,EtnaRCSC
2021-07-13 11:04:10,0.9,37.722,15.017,-1.6,EtnaRCSC
2021-07-14 00:03:40,1.5,37.721,14.789,33.3,EtnaRCSC
2021-07-14 00:23:28,1.3,37.765,15.016,27.5,EtnaRCSC
2021-07-15 02:10:16,0.9,37.748,15.013,-0.3,EtnaRCSC
2021-07-15 15:00:51,1.1,37.66,15.038,5.6,EtnaRCSC
2021-07-19 23:58:41,0.9,37.756,15.152,4.3,EtnaRCSC
2021-07-20 23:53:41,1.3,37.648,14.922,1.4,EtnaRCSC
2021-07-22 18:50:16,1.3,37.721,14.745,2.9,EtnaRCSC
2021-07-23 00:55:13,0.5,37.706,15.022,2.9,EtnaRCSC
2021-07-23 00:58:37,0.1,37.704,15.014,2.1,EtnaRCSC
2021-07-23 16:24:31,1.5,37.761,14.786,9.8,EtnaRCSC
2021-07-24 00:32:35,0.5,37.743,15.06,4.2,EtnaRCSC
2021-07-24 15:40:23,0.9,37.646,14.929,12.1,EtnaRCSC
2021-07-24 15:55:12,0.9,37.643,14.944,11.8,EtnaRCSC
2021-07-25 13:17:06,1.0,37.671,15.047,3.7,EtnaRCSC
2021-07-25 19:09:10,1.2,37.77,14.777,9.6,EtnaRCSC
2021-07-30 02:49:26,0.6,37.713,15.118,-0.2,EtnaRCSC
2021-07-30 05:00:56,0.8,37.746,14.999,-0.7,EtnaRCSC
2021-07-31 04:42:00,1.7,37.762,14.975,7.7,EtnaRCSC
2021-07-31 04:47:01,1.0,37.749,14.977,-1.6,EtnaRCSC
2021-08-01 19:26:33,0.7,37.754,14.998,-0.3,EtnaRCSC
2021-08-01 20:26:39,0.7,37.72,15.017,-0.1,EtnaRCSC
2021-08-01 20:36:42,1.2,37.809,14.949,12.8,EtnaRCSC
2021-08-01 20:46:01,0.4,37.75,15.004,-0.3,EtnaRCSC
2021-08-02 01:14:16,1.0,37.744,15.004,1.3,EtnaRCSC
2021-08-02 01:59:00,0.7,37.757,15.014,-1.6,EtnaRCSC
2021-08-02 03:22:53,1.1,37.755,15.014,8.6,EtnaRCSC
2021-08-02 03:33:11,0.6,37.745,14.999,1.3,EtnaRCSC
2021-08-02 05:36:23,0.5,37.78,14.992,-1.0,EtnaRCSC
2021-08-02 05:58:34,1.5,37.773,15.203,9.2,EtnaRCSC
2021-08-02 06:24:42,1.3,37.771,15.233,8.9,EtnaRCSC
2021-08-02 06:27:23,1.0,37.794,14.985,2.5,EtnaRCSC
2021-08-02 08:17:58,0.6,37.752,15.008,-0.6,EtnaRCSC
2021-08-02 08:37:42,0.8,37.755,14.993,1.8,EtnaRCSC
2021-08-02 10:16:16,0.7,37.772,15.027,3.3,EtnaRCSC
2021-08-02 10:22:02,1.2,37.756,14.978,7.2,EtnaRCSC
2021-08-02 11:05:16,0.4,37.734,14.986,-1.4,EtnaRCSC
2021-08-02 18:50:37,1.2,37.863,15.185,18.6,EtnaRCSC
2021-08-02 22:00:25,1.0,37.863,15.216,19.1,EtnaRCSC
2021-08-03 14:44:26,2.3,37.748,15.045,5.7,EtnaRCSC
2021-08-03 16:01:09,1.3,37.883,14.943,27.1,EtnaRCSC
2021-08-03 16:05:41,2.0,37.867,14.985,27.1,EtnaRCSC
2021-08-03 16:12:31,1.4,37.864,14.993,28.2,EtnaRCSC
2021-08-03 16:13:02,1.6,37.858,14.972,28.4,EtnaRCSC
2021-08-03 16:21:07,1.3,37.868,14.971,29.1,EtnaRCSC
2021-08-03 16:56:13,0.4,37.681,14.945,3.6,EtnaRCSC
2021-08-03 17:44:48,1.2,37.879,14.941,27.1,EtnaRCSC
2021-08-03 17:48:55,1.2,37.853,14.992,28.0,EtnaRCSC
2021-08-04 00:58:09,0.5,37.725,15.095,6.5,EtnaRCSC
2021-08-04 14:45:38,1.3,37.867,14.985,27.3,EtnaRCSC
2021-08-06 01:00:37,1.2,37.727,15.137,5.8,EtnaRCSC
2021-08-06 15:26:44,0.4,37.74,15.069,2.3,EtnaRCSC
2021-08-07 16:46:18,0.9,37.704,14.829,3.3,EtnaRCSC
2021-08-09 15:44:45,0.7,37.825,15.152,5.6,EtnaRCSC
2021-08-09 19:02:37,0.7,37.74,15.075,3.7,EtnaRCSC
2021-08-11 16:51:05,1.0,37.712,15.022,4.1,EtnaRCSC
2021-08-12 08:22:12,1.1,37.727,14.937,5.5,EtnaRCSC
2021-08-12 20:37:35,0.6,37.732,15.109,6.9,EtnaRCSC
2021-08-16 01:55:36,1.3,37.754,14.793,22.7,EtnaRCSC
2021-08-16 18:11:13,1.3,37.749,14.997,-1.4,EtnaRCSC
2021-08-16 23:58:42,0.8,37.705,14.932,8.8,EtnaRCSC
2021-08-17 05:22:04,0.9,37.751,14.994,-1.6,EtnaRCSC
2021-08-17 16:19:01,1.0,37.682,14.983,9.7,EtnaRCSC
2021-08-17 23:31:22,0.7,37.753,15.111,8.5,EtnaRCSC
2021-08-18 00:40:51,1.7,37.754,15.116,8.5,EtnaRCSC
2021-08-18 00:53:46,0.8,37.747,15.124,8.1,EtnaRCSC
2021-08-18 00:59:07,1.9,37.751,15.113,8.9,EtnaRCSC
2021-08-18 00:59:42,1.1,37.738,15.119,9.3,EtnaRCSC
2021-08-19 16:07:50,0.8,37.763,15.121,5.2,EtnaRCSC
2021-08-20 05:46:59,1.2,37.75,14.988,-0.3,EtnaRCSC
2021-08-20 15:12:43,0.7,37.696,15.091,7.0,EtnaRCSC
2021-08-20 17:17:56,0.7,37.656,15.105,5.3,EtnaRCSC
2021-08-20 18:28:54,1.0,37.723,15.169,7.1,EtnaRCSC
2021-08-21 06:19:25,1.4,37.75,15.154,6.2,EtnaRCSC
2021-08-21 06:56:18,0.8,37.744,15.157,4.5,EtnaRCSC
2021-08-21 11:55:06,0.7,37.729,15.094,5.6,EtnaRCSC
2021-08-22 01:34:33,0.6,37.739,15.089,4.2,EtnaRCSC
2021-08-22 22:21:02,0.6,37.719,14.993,3.9,EtnaRCSC
2021-08-23 07:30:54,0.5,37.742,15.126,3.9,EtnaRCSC
2021-08-23 17:49:08,1.1,37.697,15.09,3.8,EtnaRCSC
2021-08-23 17:55:41,0.6,37.685,15.104,4.1,EtnaRCSC
2021-08-23 18:53:33,1.4,37.748,15.056,3.7,EtnaRCSC
2021-08-23 20:13:33,0.5,37.752,15.072,6.9,EtnaRCSC
2021-08-24 04:09:04,0.3,37.759,15.107,3.0,EtnaRCSC
2021-08-24 15:05:23,0.7,37.652,15.037,7.3,EtnaRCSC
2021-08-24 15:08:05,0.4,37.698,15.049,4.4,EtnaRCSC
2021-08-24 17:05:41,1.5,37.537,14.958,11.0,EtnaRCSC
2021-08-24 23:36:00,0.6,37.679,15.0,6.9,EtnaRCSC
2021-08-25 04:48:49,0.4,37.748,14.96,5.3,EtnaRCSC
2021-08-28 22:46:46,1.1,37.723,14.96,12.9,EtnaRCSC
2021-08-29 04:07:02,1.3,37.665,14.848,4.7,EtnaRCSC
2021-08-31 00:04:55,0.8,37.84,15.03,6.4,EtnaRCSC
2021-09-01 15:58:09,1.4,37.767,14.736,25.3,EtnaRCSC
2021-09-01 16:04:30,1.6,37.748,14.701,23.7,EtnaRCSC
2021-09-01 16:04:55,1.3,37.779,14.716,29.5,EtnaRCSC
2021-09-01 16:05:36,1.3,37.762,14.774,32.8,EtnaRCSC
2021-09-01 16:07:06,1.8,37.799,14.755,17.8,EtnaRCSC
2021-09-01 16:08:05,1.1,37.782,14.748,18.3,EtnaRCSC
2021-09-01 16:08:29,1.3,37.764,14.731,20.5,EtnaRCSC
2021-09-01 16:09:08,1.5,37.793,14.746,19.3,EtnaRCSC
2021-09-01 16:09:36,1.2,37.786,14.736,15.6,EtnaRCSC
2021-09-01 16:10:26,1.7,37.781,14.729,18.9,EtnaRCSC
2021-09-01 16:10:54,1.4,37.768,14.713,22.4,EtnaRCSC
2021-09-01 16:11:57,1.4,37.771,14.728,28.6,EtnaRCSC
2021-09-01 16:31:23,1.5,37.769,14.733,24.8,EtnaRCSC
2021-09-01 16:32:02,1.5,37.768,14.727,25.6,EtnaRCSC
2021-09-01 16:32:41,1.5,37.753,14.704,21.6,EtnaRCSC
2021-09-01 16:34:15,1.5,37.77,14.728,25.7,EtnaRCSC
2021-09-01 16:36:33,1.9,37.769,14.734,24.7,EtnaRCSC
2021-09-01 16:45:09,1.5,37.78,14.728,25.5,EtnaRCSC
2021-09-01 16:48:18,1.5,37.759,14.701,21.1,EtnaRCSC
2021-09-01 17:18:14,1.6,37.765,14.714,22.7,EtnaRCSC
2021-09-01 17:59:03,1.4,37.763,14.729,23.9,EtnaRCSC
2021-09-01 18:34:09,1.2,37.648,14.958,12.1,EtnaRCSC
2021-09-01 18:34:09,1.2,37.648,14.958,12.1,EtnaRCSC
2021-09-01 23:30:08,1.0,37.735,15.16,10.1,EtnaRCSC
2021-09-01 23:30:37,0.8,37.731,15.16,11.3,EtnaRCSC
2021-09-02 08:49:14,1.2,37.66,15.089,10.5,EtnaRCSC
2021-09-04 21:53:24,1.0,37.625,14.977,8.5,EtnaRCSC
2021-09-06 05:42:22,2.3,37.632,14.945,4.9,EtnaRCSC
2021-09-06 18:20:49,0.5,37.744,15.07,5.1,EtnaRCSC
2021-09-07 01:03:36,1.0,37.74,14.981,2.2,EtnaRCSC
2021-09-07 02:51:45,1.4,37.749,15.162,10.6,EtnaRCSC
2021-09-07 03:00:13,1.9,37.745,15.02,24.7,EtnaRCSC
2021-09-07 14:57:19,0.6,37.732,15.099,4.1,EtnaRCSC
2021-09-08 06:32:29,0.9,37.754,14.997,1.9,EtnaRCSC
2021-09-08 13:08:02,0.3,37.771,15.099,0.4,EtnaRCSC
2021-09-08 17:15:10,0.9,37.703,15.218,7.4,EtnaRCSC
2021-09-08 18:28:24,0.8,37.739,15.15,8.8,EtnaRCSC
2021-09-09 05:55:07,0.6,37.732,15.092,8.9,EtnaRCSC
2021-09-09 23:37:20,2.2,37.74,15.143,8.5,EtnaRCSC
2021-09-09 23:41:11,1.2,37.74,15.139,10.3,EtnaRCSC
2021-09-09 23:49:40,1.4,37.705,15.119,17.5,EtnaRCSC
2021-09-10 00:10:24,0.5,37.743,15.142,5.1,EtnaRCSC
2021-09-10 00:11:25,0.7,37.734,15.13,8.7,EtnaRCSC
2021-09-10 00:31:21,0.7,37.735,15.13,6.6,EtnaRCSC
2021-09-10 00:41:04,1.4,37.735,15.131,8.8,EtnaRCSC
2021-09-10 00:52:51,0.9,37.741,15.145,6.0,EtnaRCSC
2021-09-10 01:15:53,0.7,37.727,15.149,8.8,EtnaRCSC
2021-09-10 02:29:08,1.1,37.742,15.136,8.1,EtnaRCSC
2021-09-10 07:09:47,1.4,37.738,15.138,8.1,EtnaRCSC
2021-09-10 09:17:47,0.7,37.706,15.149,5.2,EtnaRCSC
2021-09-10 09:22:08,0.6,37.736,15.111,5.7,EtnaRCSC
2021-09-10 17:21:10,3.0,37.735,15.133,7.8,EtnaRCSC
2021-09-10 17:24:41,0.9,37.722,15.131,5.7,EtnaRCSC
2021-09-10 17:28:22,1.1,37.72,15.056,11.4,EtnaRCSC
2021-09-10 17:28:55,1.0,37.739,15.138,6.9,EtnaRCSC
2021-09-10 17:31:30,1.1,37.715,15.174,9.1,EtnaRCSC
2021-09-10 17:35:23,1.0,37.725,15.111,6.4,EtnaRCSC
2021-09-10 17:48:06,0.9,37.724,15.14,8.2,EtnaRCSC
2021-09-10 17:50:33,0.8,37.728,15.118,8.5,EtnaRCSC
2021-09-10 17:54:54,1.0,37.724,15.119,4.1,EtnaRCSC
2021-09-10 18:01:31,0.8,37.718,15.12,9.0,EtnaRCSC
2021-09-10 18:08:20,0.9,37.722,15.123,9.0,EtnaRCSC
2021-09-10 18:29:32,0.7,37.722,15.144,5.4,EtnaRCSC
2021-09-10 18:29:47,0.8,37.738,15.135,8.0,EtnaRCSC
2021-09-10 18:30:11,0.8,37.709,15.153,8.1,EtnaRCSC
2021-09-10 18:32:32,0.9,37.74,15.137,9.1,EtnaRCSC
2021-09-10 18:33:46,0.8,37.718,15.159,7.0,EtnaRCSC
2021-09-10 20:27:15,1.5,37.741,15.144,9.0,EtnaRCSC
2021-09-10 20:32:51,0.7,37.719,15.149,5.7,EtnaRCSC
2021-09-10 22:15:05,0.5,37.738,15.135,5.1,EtnaRCSC
2021-09-10 22:33:51,0.8,37.719,15.14,12.0,EtnaRCSC
2021-09-11 00:49:14,1.4,37.749,14.997,-1.6,EtnaRCSC
2021-09-11 01:18:42,1.8,37.781,14.913,22.1,EtnaRCSC
2021-09-11 02:47:34,1.5,37.745,15.003,0.1,EtnaRCSC
2021-09-11 04:09:04,1.0,37.748,14.995,-1.6,EtnaRCSC
2021-09-11 06:07:33,1.2,37.732,14.931,6.0,EtnaRCSC
2021-09-11 06:27:08,1.6,37.746,15.001,-1.6,EtnaRCSC
2021-09-11 12:11:08,1.2,37.672,15.061,5.0,EtnaRCSC
2021-09-11 12:31:17,1.2,37.755,15.18,14.7,EtnaRCSC
2021-09-11 13:18:18,0.8,37.678,15.06,5.0,EtnaRCSC
2021-09-11 20:01:38,1.2,37.68,15.059,5.3,EtnaRCSC
2021-09-12 01:33:42,1.6,37.751,14.99,-0.2,EtnaRCSC
2021-09-12 13:22:52,1.7,37.672,15.154,3.9,EtnaRCSC
2021-09-12 14:06:09,1.6,37.758,14.992,0.3,EtnaRCSC
2021-09-13 00:24:12,0.7,37.718,14.9,4.2,EtnaRCSC
2021-09-14 23:56:51,0.3,37.746,15.169,-1.6,EtnaRCSC
2021-09-16 00:26:06,1.2,37.749,14.998,-1.6,EtnaRCSC
2021-09-16 02:19:20,1.4,37.742,14.99,-1.5,EtnaRCSC
2021-09-20 14:09:45,0.7,37.67,15.088,4.0,EtnaRCSC
2021-09-20 14:59:06,0.8,37.715,15.106,7.0,EtnaRCSC
2021-09-23 16:54:38,0.5,37.704,15.021,2.7,EtnaRCSC
2021-09-24 07:49:29,1.4,37.829,15.057,25.7,EtnaRCSC
2021-09-24 12:33:08,1.0,37.735,15.072,3.9,EtnaRCSC
2021-09-24 22:04:47,0.5,37.65,15.083,3.6,EtnaRCSC
2021-09-24 23:01:28,0.5,37.744,15.001,0.4,EtnaRCSC
2021-09-25 07:53:23,1.4,37.682,15.102,0.9,EtnaRCSC
2021-09-26 02:58:41,1.0,37.742,15.108,5.2,EtnaRCSC
2021-09-26 20:47:43,1.2,37.676,15.098,0.6,EtnaRCSC
2021-09-27 18:15:53,0.6,37.675,15.105,7.4,EtnaRCSC
2021-09-27 18:20:09,0.7,37.668,15.103,7.5,EtnaRCSC
2021-09-28 01:32:44,1.0,37.71,15.073,13.0,EtnaRCSC
2021-09-29 00:40:40,1.3,37.524,15.141,20.9,EtnaRCSC
2021-09-29 06:30:10,0.6,37.734,15.125,4.1,EtnaRCSC
2021-09-30 02:23:39,0.4,37.692,14.995,5.7,EtnaRCSC
2021-09-30 22:20:05,0.4,37.741,15.08,2.1,EtnaRCSC
2021-10-02 06:30:58,2.0,37.619,14.979,3.2,EtnaRCSC
2021-10-03 03:57:28,1.4,37.844,14.891,9.7,EtnaRCSC
2021-10-03 04:41:08,0.3,37.745,15.054,3.8,EtnaRCSC
2021-10-03 16:10:55,1.5,37.622,14.962,5.9,EtnaRCSC
2021-10-03 23:32:38,0.4,37.737,15.073,6.1,EtnaRCSC
2021-10-04 06:17:47,0.7,37.704,15.086,5.9,EtnaRCSC
2021-10-04 07:02:30,0.8,37.732,15.131,7.7,EtnaRCSC
2021-10-04 11:54:02,0.8,37.721,14.842,1.5,EtnaRCSC
2021-10-04 20:25:47,0.5,37.736,15.136,5.2,EtnaRCSC
2021-10-05 03:42:41,0.8,37.73,15.107,5.0,EtnaRCSC
2021-10-05 18:42:18,0.5,37.752,15.059,4.4,EtnaRCSC
2021-10-05 21:37:32,0.7,37.663,15.096,-1.6,EtnaRCSC
2021-10-07 01:34:57,0.7,37.725,14.897,7.2,EtnaRCSC
2021-10-07 09:13:43,1.5,37.866,14.964,29.0,EtnaRCSC
2021-10-07 09:48:02,1.9,37.861,14.979,30.1,EtnaRCSC
2021-10-08 01:47:48,0.4,37.748,15.1,1.4,EtnaRCSC
2021-10-08 02:09:46,1.5,37.678,15.098,0.2,EtnaRCSC
2021-10-09 04:16:43,1.3,37.778,14.958,32.1,EtnaRCSC
2021-10-09 04:17:23,1.5,37.827,14.968,27.9,EtnaRCSC
2021-10-10 04:40:02,1.1,37.694,15.129,13.5,EtnaRCSC
2021-10-11 00:25:25,1.3,37.62,14.88,15.4,EtnaRCSC
2021-10-12 01:59:08,0.7,37.672,15.09,0.1,EtnaRCSC
2021-10-12 02:40:26,1.0,37.676,15.087,2.1,EtnaRCSC
2021-10-12 07:31:49,1.5,37.711,15.084,5.1,EtnaRCSC
2021-10-12 20:09:54,0.9,37.741,15.077,4.1,EtnaRCSC
2021-10-15 07:06:55,1.5,37.754,15.181,11.2,EtnaRCSC
2021-10-17 04:52:27,0.7,37.743,15.111,3.3,EtnaRCSC
2021-10-21 03:08:31,1.1,37.59,14.889,7.4,EtnaRCSC
2021-10-22 00:14:18,1.0,37.738,15.135,7.1,EtnaRCSC
2021-10-22 03:48:36,1.1,37.708,15.074,3.6,EtnaRCSC
2021-10-24 11:51:20,1.0,37.712,15.101,5.8,EtnaRCSC
2021-10-24 13:01:10,1.3,37.703,15.103,3.2,EtnaRCSC
2021-10-25 11:23:49,1.5,37.819,15.198,13.3,EtnaRCSC
2021-10-25 11:37:59,1.3,37.833,15.227,13.3,EtnaRCSC
2021-10-27 01:57:42,1.3,37.733,15.039,7.9,EtnaRCSC
2021-10-27 07:27:27,1.3,37.599,14.906,13.3,EtnaRCSC
2021-10-27 19:05:46,1.7,37.557,15.079,0.0,EtnaRCSC
2021-10-29 19:31:20,1.1,37.729,15.099,2.0,EtnaRCSC
2021-10-30 04:31:03,1.1,37.737,15.097,6.6,EtnaRCSC
2021-10-31 07:59:03,0.9,37.823,15.043,2.0,EtnaRCSC
2021-10-31 12:40:23,1.2,37.674,15.011,7.0,EtnaRCSC
2021-10-31 12:40:58,0.9,37.683,15.0,6.7,EtnaRCSC
2021-11-01 13:06:26,1.0,37.744,15.126,11.4,EtnaRCSC
2021-11-01 18:13:54,1.4,37.675,14.732,0.8,EtnaRCSC
2021-11-05 08:24:47,1.1,37.663,15.071,1.6,EtnaRCSC
2021-11-07 15:21:21,1.1,37.767,15.119,8.5,EtnaRCSC
2021-11-09 18:22:27,1.4,37.794,15.092,18.6,EtnaRCSC
2021-11-12 00:50:42,1.0,37.717,14.91,2.7,EtnaRCSC
2021-11-13 22:54:08,1.0,37.737,15.09,1.3,EtnaRCSC
2021-11-17 19:32:22,1.6,37.565,14.912,17.5,EtnaRCSC
2021-11-18 09:56:51,1.5,37.663,15.009,7.3,EtnaRCSC
2021-11-18 11:52:33,2.2,37.66,15.025,6.8,EtnaRCSC
2021-11-21 18:01:27,1.5,37.878,15.164,14.3,EtnaRCSC
2021-11-21 22:01:19,1.4,37.865,15.18,16.0,EtnaRCSC
2021-11-22 00:59:15,1.3,37.863,15.167,18.3,EtnaRCSC
2021-11-22 02:48:10,1.1,37.864,15.158,17.6,EtnaRCSC
2021-11-22 04:06:04,1.6,37.863,15.164,17.9,EtnaRCSC
2021-11-22 04:52:39,1.3,37.861,15.164,16.4,EtnaRCSC
2021-11-22 07:28:21,1.3,37.853,15.192,19.6,EtnaRCSC
2021-11-22 10:30:09,1.5,37.876,15.164,15.7,EtnaRCSC
2021-11-22 10:42:17,1.6,37.845,15.186,19.1,EtnaRCSC
2021-11-22 16:55:07,1.1,37.793,15.081,15.7,EtnaRCSC
2021-11-22 20:11:19,1.5,37.857,15.209,18.9,EtnaRCSC
2021-11-22 20:50:36,1.4,37.874,15.176,13.6,EtnaRCSC
2021-11-22 20:50:53,1.3,37.879,15.166,12.5,EtnaRCSC
2021-11-22 21:39:30,1.2,37.863,15.18,9.0,EtnaRCSC
2021-11-22 22:45:27,1.2,37.853,15.184,16.3,EtnaRCSC
2021-11-23 02:17:58,1.5,37.876,15.172,14.6,EtnaRCSC
2021-11-23 02:21:08,1.1,37.867,15.162,9.6,EtnaRCSC
2021-11-23 02:23:04,1.8,37.87,15.183,15.9,EtnaRCSC
2021-11-23 04:01:37,1.4,37.889,15.144,14.5,EtnaRCSC
2021-11-23 04:41:49,1.2,37.86,15.176,17.7,EtnaRCSC
2021-11-23 17:39:02,0.9,37.725,15.132,8.8,EtnaRCSC
2021-11-23 20:56:35,0.9,37.747,15.047,6.2,EtnaRCSC
2021-11-24 22:00:50,1.5,37.746,14.869,20.4,EtnaRCSC
2021-11-24 22:48:46,1.9,37.818,14.864,30.6,EtnaRCSC
2021-11-25 06:35:25,1.4,37.743,15.045,6.6,EtnaRCSC
2021-11-26 21:49:27,1.0,37.739,15.054,6.7,EtnaRCSC
2021-11-30 18:47:58,1.1,37.765,15.088,5.3,EtnaRCSC
2021-11-30 20:50:24,1.0,37.754,15.082,4.4,EtnaRCSC
2021-12-01 02:31:40,0.8,37.742,15.058,0.2,EtnaRCSC
2021-12-01 18:40:55,1.2,37.759,14.84,1.2,EtnaRCSC
2021-12-01 21:38:09,0.7,37.651,14.869,-1.6,EtnaRCSC
2021-12-01 23:56:13,1.5,37.862,14.758,9.1,EtnaRCSC
2021-12-02 01:33:01,1.2,37.705,15.098,10.0,EtnaRCSC
2021-12-02 02:06:28,1.8,37.868,14.768,9.7,EtnaRCSC
2021-12-02 02:24:08,0.6,37.753,15.159,3.9,EtnaRCSC
2021-12-03 12:01:47,2.1,37.731,15.091,6.5,EtnaRCSC
2021-12-04 10:34:34,1.0,37.701,15.109,4.1,EtnaRCSC
2021-12-05 05:24:39,1.0,37.764,15.028,0.5,EtnaRCSC
2021-12-10 18:21:45,1.8,37.746,15.001,0.7,EtnaRCSC
2021-12-13 08:18:52,1.7,37.687,15.076,14.5,EtnaRCSC
2021-12-13 21:20:10,1.2,37.728,15.08,5.1,EtnaRCSC
2021-12-15 17:36:53,0.9,37.732,15.08,5.8,EtnaRCSC
2021-12-15 22:10:31,1.2,37.683,15.095,3.6,EtnaRCSC
2021-12-16 04:25:22,0.5,37.707,14.971,2.9,EtnaRCSC
2021-12-16 06:59:10,0.9,37.726,14.916,6.5,EtnaRCSC
2021-12-16 07:02:59,1.1,37.72,14.912,7.0,EtnaRCSC
2021-12-17 00:01:44,0.4,37.794,15.135,3.3,EtnaRCSC
2021-12-17 03:29:31,2.2,37.634,15.04,3.1,EtnaRCSC
2021-12-17 03:49:04,1.4,37.618,15.049,9.9,EtnaRCSC
2021-12-18 03:51:32,0.8,37.73,15.061,4.2,EtnaRCSC
2021-12-18 14:56:13,0.9,37.73,15.08,4.2,EtnaRCSC
2021-12-18 21:40:35,2.6,37.641,14.939,2.5,EtnaRCSC
2021-12-18 21:41:51,1.2,37.593,14.942,10.5,EtnaRCSC
2021-12-18 21:42:55,1.4,37.594,14.954,7.8,EtnaRCSC
2021-12-18 21:53:43,1.0,37.553,14.956,7.1,EtnaRCSC
2021-12-18 22:05:16,1.2,37.632,14.95,7.1,EtnaRCSC
2021-12-18 22:17:43,1.3,37.607,14.946,7.6,EtnaRCSC
2021-12-18 22:18:29,0.8,37.594,14.957,8.3,EtnaRCSC
2021-12-18 22:26:35,1.1,37.564,14.948,7.5,EtnaRCSC
2021-12-18 22:37:01,0.9,37.638,14.943,5.9,EtnaRCSC
2021-12-18 22:41:42,1.0,37.574,14.959,9.3,EtnaRCSC
2021-12-18 22:44:24,0.9,37.535,14.946,6.7,EtnaRCSC
2021-12-18 23:50:18,1.0,37.582,14.947,9.1,EtnaRCSC
2021-12-19 00:23:39,0.8,37.629,14.949,9.5,EtnaRCSC
2021-12-19 00:25:20,1.0,37.562,14.945,6.2,EtnaRCSC
2021-12-19 00:27:14,0.9,37.585,14.955,9.4,EtnaRCSC
2021-12-19 01:15:54,0.8,37.573,14.948,7.9,EtnaRCSC
2021-12-19 02:14:25,0.7,37.565,14.943,5.9,EtnaRCSC
2021-12-19 02:38:35,1.5,37.582,14.953,9.6,EtnaRCSC
2021-12-19 02:40:00,0.8,37.589,14.951,9.0,EtnaRCSC
2021-12-19 02:51:46,1.1,37.574,14.952,7.2,EtnaRCSC
2021-12-19 03:11:39,0.9,37.603,14.96,8.9,EtnaRCSC
2021-12-19 03:16:02,0.6,37.598,14.955,6.2,EtnaRCSC
2021-12-19 03:42:53,1.1,37.537,14.958,6.6,EtnaRCSC
2021-12-19 03:47:40,0.9,37.561,14.943,6.8,EtnaRCSC
2021-12-19 04:16:21,0.9,37.558,14.948,6.6,EtnaRCSC
2021-12-19 04:59:31,1.0,37.6,14.981,7.6,EtnaRCSC
2021-12-19 05:06:55,0.8,37.579,14.95,9.3,EtnaRCSC
2021-12-19 06:11:25,0.8,37.678,14.977,4.4,EtnaRCSC
2021-12-19 06:36:33,0.9,37.6,14.95,8.5,EtnaRCSC
2021-12-19 09:14:54,1.0,37.568,14.946,8.4,EtnaRCSC
2021-12-19 12:20:47,1.0,37.748,15.122,7.7,EtnaRCSC
2021-12-19 12:35:31,0.9,37.762,15.107,6.8,EtnaRCSC
2021-12-19 13:42:32,1.1,37.722,15.142,9.4,EtnaRCSC
2021-12-19 13:43:09,1.4,37.737,15.11,9.1,EtnaRCSC
2021-12-19 13:50:49,0.8,37.761,15.105,9.1,EtnaRCSC
2021-12-19 13:59:12,1.2,37.748,15.128,8.5,EtnaRCSC
2021-12-19 14:41:33,1.2,37.57,14.946,7.9,EtnaRCSC
2021-12-19 15:46:32,1.1,37.736,15.147,7.7,EtnaRCSC
2021-12-19 16:02:50,1.1,37.602,14.959,9.1,EtnaRCSC
2021-12-19 16:04:11,0.8,37.756,15.117,10.1,EtnaRCSC
2021-12-19 16:05:45,0.7,37.572,14.961,6.4,EtnaRCSC
2021-12-19 17:35:55,0.5,37.756,15.111,9.1,EtnaRCSC
2021-12-19 20:23:42,1.2,37.567,14.953,8.5,EtnaRCSC
2021-12-19 20:28:54,0.8,37.565,14.954,9.0,EtnaRCSC
2021-12-19 21:08:45,0.9,37.576,14.954,8.0,EtnaRCSC
2021-12-19 22:44:40,0.9,37.733,15.145,11.0,EtnaRCSC
2021-12-20 03:45:43,1.2,37.58,14.956,9.3,EtnaRCSC
2021-12-20 04:36:10,1.5,37.578,14.938,9.5,EtnaRCSC
2021-12-20 09:24:15,1.4,37.61,14.933,7.5,EtnaRCSC
2021-12-20 10:29:09,0.9,37.757,14.95,6.3,EtnaRCSC
2021-12-21 05:28:00,0.5,37.608,14.942,3.4,EtnaRCSC
2021-12-21 05:38:04,0.7,37.717,15.081,2.2,EtnaRCSC
2021-12-21 13:48:41,0.9,37.751,15.109,4.9,EtnaRCSC
2021-12-21 20:48:01,1.4,37.862,15.181,17.6,EtnaRCSC
2021-12-21 20:51:32,1.1,37.826,15.273,17.5,EtnaRCSC
2021-12-21 20:51:51,1.1,37.835,15.213,18.9,EtnaRCSC
2021-12-22 01:12:54,1.3,37.641,15.192,5.6,EtnaRCSC
2021-12-24 08:23:44,2.2,37.705,15.11,5.1,EtnaRCSC
2021-12-24 08:24:04,1.9,37.709,15.115,4.4,EtnaRCSC
2021-12-24 08:25:06,0.4,37.688,15.084,0.6,EtnaRCSC
2021-12-24 09:19:53,3.6,37.707,15.105,3.8,EtnaRCSC
2021-12-24 09:23:56,2.1,37.703,15.1,4.8,EtnaRCSC
2021-12-24 09:27:15,0.8,37.696,15.103,3.0,EtnaRCSC
2021-12-24 09:27:31,0.5,37.704,15.104,3.3,EtnaRCSC
2021-12-24 09:37:34,0.5,37.701,15.108,1.3,EtnaRCSC
2021-12-24 09:43:27,1.1,37.7,15.11,5.4,EtnaRCSC
2021-12-24 09:51:44,0.9,37.703,15.107,3.8,EtnaRCSC
2021-12-24 10:41:50,0.7,37.698,15.098,3.4,EtnaRCSC
2021-12-24 14:14:02,0.5,37.702,15.106,1.5,EtnaRCSC
2021-12-24 15:14:49,0.4,37.701,15.113,3.0,EtnaRCSC
2021-12-25 11:01:54,0.7,37.633,14.91,-0.2,EtnaRCSC
2021-12-25 17:27:32,1.1,37.579,14.947,8.2,EtnaRCSC
2021-12-26 09:03:15,0.7,37.741,15.06,5.3,EtnaRCSC
2021-12-26 12:35:57,0.6,37.702,15.078,0.0,EtnaRCSC
2021-12-26 20:23:24,0.5,37.739,15.113,4.8,EtnaRCSC
2021-12-27 04:06:24,0.6,37.672,15.165,4.2,EtnaRCSC
2021-12-27 04:21:46,1.4,37.626,15.2,10.0,EtnaRCSC
2021-12-27 04:25:34,1.7,37.66,15.17,6.8,EtnaRCSC
2021-12-27 04:30:27,0.7,37.666,15.167,5.7,EtnaRCSC
2021-12-27 04:45:13,1.6,37.636,15.185,10.1,EtnaRCSC
2021-12-27 04:48:19,1.0,37.734,15.049,2.1,EtnaRCSC
2021-12-27 05:33:21,1.5,37.681,15.162,2.6,EtnaRCSC
2021-12-27 05:42:34,0.9,37.67,15.173,4.4,EtnaRCSC
2021-12-27 09:11:43,1.5,37.636,15.178,5.0,EtnaRCSC
2021-12-28 02:51:41,1.6,37.755,15.053,3.1,EtnaRCSC
2021-12-28 19:34:25,1.3,37.736,15.117,7.0,EtnaRCSC
2021-12-28 19:37:28,1.1,37.73,15.113,5.6,EtnaRCSC
2021-12-29 08:22:31,1.6,37.739,15.12,5.8,EtnaRCSC
2021-12-29 17:43:00,1.1,37.607,14.909,7.6,EtnaRCSC
2022-01-01 11:00:00,0.5,37.702,14.97,3.6,EtnaRCSC
2022-01-01 12:44:10,1.3,37.647,15.033,9.1,EtnaRCSC
2022-01-01 23:00:55,1.6,37.806,14.905,22.4,EtnaRCSC
2022-01-02 20:34:06,1.2,37.878,14.972,20.5,EtnaRCSC
2022-01-02 20:37:08,1.2,37.856,14.967,26.6,EtnaRCSC
2022-01-02 20:38:22,1.1,37.868,14.972,23.5,EtnaRCSC
2022-01-02 20:45:29,1.6,37.873,14.973,21.7,EtnaRCSC
2022-01-02 20:48:07,1.5,37.854,14.969,24.4,EtnaRCSC
2022-01-02 20:58:32,1.4,37.855,14.977,26.0,EtnaRCSC
2022-01-02 20:59:38,1.0,37.864,14.969,24.2,EtnaRCSC
2022-01-02 21:02:25,2.3,37.868,14.973,22.6,EtnaRCSC
2022-01-02 21:03:34,1.3,37.867,14.973,24.2,EtnaRCSC
2022-01-02 21:09:24,1.4,37.851,14.968,25.7,EtnaRCSC
2022-01-02 21:21:52,1.7,37.863,14.967,28.4,EtnaRCSC
2022-01-02 21:31:57,1.1,37.872,14.965,25.6,EtnaRCSC
2022-01-02 21:42:18,1.8,37.861,14.98,24.3,EtnaRCSC
2022-01-02 22:40:35,1.3,37.878,14.982,22.1,EtnaRCSC
2022-01-02 22:42:38,1.3,37.846,14.979,30.5,EtnaRCSC
2022-01-02 22:59:01,1.6,37.842,14.975,27.0,EtnaRCSC
2022-01-02 23:19:11,0.8,37.672,14.975,4.7,EtnaRCSC
2022-01-02 23:21:25,1.9,37.857,14.972,23.4,EtnaRCSC
2022-01-02 23:50:41,1.6,37.864,14.964,25.2,EtnaRCSC
2022-01-03 00:06:52,1.3,37.884,14.98,19.8,EtnaRCSC
2022-01-03 00:23:49,1.3,37.867,14.965,23.8,EtnaRCSC
2022-01-03 00:26:39,1.1,37.868,14.973,23.3,EtnaRCSC
2022-01-03 00:40:12,1.1,37.866,14.966,25.2,EtnaRCSC
2022-01-03 03:57:15,1.8,37.851,14.973,24.3,EtnaRCSC
2022-01-03 07:54:11,1.1,37.881,14.975,23.0,EtnaRCSC
2022-01-03 08:31:13,1.3,37.87,14.98,24.0,EtnaRCSC
2022-01-03 09:09:25,1.6,37.874,14.978,22.2,EtnaRCSC
2022-01-03 09:19:09,1.8,37.867,14.975,21.7,EtnaRCSC
2022-01-03 09:19:42,1.5,37.872,14.981,23.5,EtnaRCSC
2022-01-03 09:21:03,1.6,37.87,14.98,22.5,EtnaRCSC
2022-01-03 09:30:02,2.1,37.854,14.979,24.5,EtnaRCSC
2022-01-03 09:56:33,1.5,37.87,14.979,22.2,EtnaRCSC
2022-01-03 10:08:38,1.4,37.872,14.974,24.1,EtnaRCSC
2022-01-03 10:22:07,1.5,37.823,14.97,29.8,EtnaRCSC
2022-01-03 10:29:19,1.5,37.886,14.98,21.9,EtnaRCSC
2022-01-03 11:20:53,1.3,37.863,14.982,25.4,EtnaRCSC
2022-01-03 12:03:29,1.3,37.883,14.976,21.3,EtnaRCSC
2022-01-03 12:04:28,1.7,37.865,14.969,22.9,EtnaRCSC
2022-01-03 12:25:08,1.8,37.869,14.97,25.9,EtnaRCSC
2022-01-03 12:48:25,1.2,37.879,14.974,22.0,EtnaRCSC
2022-01-03 13:22:30,1.3,37.867,14.961,24.8,EtnaRCSC
2022-01-03 16:14:12,2.0,37.858,14.978,24.0,EtnaRCSC
2022-01-03 16:19:30,1.3,37.874,14.976,21.8,EtnaRCSC
2022-01-03 16:47:58,1.8,37.869,14.97,22.1,EtnaRCSC
2022-01-03 16:50:14,1.3,37.875,14.974,22.5,EtnaRCSC
2022-01-03 16:56:46,1.7,37.839,14.973,26.8,EtnaRCSC
2022-01-03 16:59:14,1.2,37.871,14.975,23.9,EtnaRCSC
2022-01-03 19:15:09,1.4,37.876,14.98,22.8,EtnaRCSC
2022-01-03 19:42:21,1.9,37.854,14.976,25.5,EtnaRCSC
2022-01-03 20:27:01,1.2,37.872,14.973,24.1,EtnaRCSC
2022-01-03 23:38:53,1.2,37.874,14.976,23.2,EtnaRCSC
2022-01-03 23:51:36,1.2,37.846,14.98,26.2,EtnaRCSC
2022-01-04 00:12:10,1.4,37.862,14.97,24.7,EtnaRCSC
2022-01-04 01:15:35,2.0,37.838,15.0,29.8,EtnaRCSC
2022-01-04 03:54:45,1.8,37.847,14.972,24.4,EtnaRCSC
2022-01-04 03:55:19,1.8,37.893,14.949,23.8,EtnaRCSC
2022-01-04 04:07:53,1.2,37.848,14.982,26.4,EtnaRCSC
2022-01-04 05:04:56,1.3,37.861,14.98,24.4,EtnaRCSC
2022-01-04 05:06:03,1.5,37.849,14.98,26.2,EtnaRCSC
2022-01-04 05:31:41,2.1,37.861,14.981,23.6,EtnaRCSC
2022-01-04 06:07:26,1.4,37.844,14.983,26.5,EtnaRCSC
2022-01-04 06:43:00,2.0,37.867,14.979,22.7,EtnaRCSC
2022-01-04 07:40:07,2.1,37.87,14.977,20.8,EtnaRCSC
2022-01-04 07:40:48,1.6,37.863,14.973,21.6,EtnaRCSC
2022-01-04 07:53:30,1.5,37.865,14.983,24.6,EtnaRCSC
2022-01-04 08:58:16,1.5,37.879,14.974,21.3,EtnaRCSC
2022-01-04 09:10:52,1.6,37.867,14.988,28.5,EtnaRCSC
2022-01-04 09:17:56,2.0,37.85,14.978,23.5,EtnaRCSC
2022-01-04 10:33:09,1.5,37.85,14.987,26.0,EtnaRCSC
2022-01-04 18:23:02,1.3,37.854,14.988,25.4,EtnaRCSC
2022-01-04 18:53:15,1.0,37.744,15.074,4.3,EtnaRCSC
2022-01-04 18:55:21,1.4,37.872,14.965,25.7,EtnaRCSC
2022-01-04 19:43:30,1.3,37.861,14.97,24.3,EtnaRCSC
2022-01-04 23:10:06,1.3,37.868,14.984,26.3,EtnaRCSC
2022-01-05 08:37:39,1.3,37.866,14.973,25.4,EtnaRCSC
2022-01-05 16:26:25,1.3,37.677,15.094,4.8,EtnaRCSC
2022-01-06 00:34:54,1.5,37.861,14.963,24.3,EtnaRCSC
2022-01-06 12:20:02,0.5,37.749,15.035,2.4,EtnaRCSC
2022-01-07 08:15:17,1.9,37.864,14.973,28.4,EtnaRCSC
2022-01-07 10:55:12,1.3,37.635,14.955,2.8,EtnaRCSC
2022-01-08 22:45:46,0.7,37.698,15.079,5.8,EtnaRCSC
2022-01-09 01:34:15,0.9,37.751,14.988,0.2,EtnaRCSC
2022-01-09 14:48:06,1.1,37.631,14.959,10.0,EtnaRCSC
2022-01-11 16:59:19,1.0,37.847,15.027,6.8,EtnaRCSC
2022-01-12 00:53:09,1.6,37.667,14.795,14.0,EtnaRCSC
2022-01-12 01:36:59,0.9,37.711,15.115,4.6,EtnaRCSC
2022-01-12 02:22:50,0.9,37.832,15.04,6.4,EtnaRCSC
2022-01-12 23:46:19,1.0,37.601,14.914,8.0,EtnaRCSC
2022-01-15 03:59:10,0.5,37.613,14.965,-0.8,EtnaRCSC
2022-01-16 23:38:24,1.4,37.797,14.917,28.3,EtnaRCSC
2022-01-17 01:05:55,0.7,37.744,15.082,2.6,EtnaRCSC
2022-01-17 03:55:27,0.6,37.736,15.052,5.9,EtnaRCSC
2022-01-17 20:29:25,0.9,37.747,15.114,3.1,EtnaRCSC
2022-01-18 18:34:00,-0.1,37.686,14.994,-0.6,EtnaRCSC
2022-01-18 23:37:26,1.1,37.75,14.992,-0.2,EtnaRCSC
2022-01-20 08:28:58,0.8,37.706,15.179,8.2,EtnaRCSC
2022-01-21 12:14:15,1.4,37.739,15.16,9.4,EtnaRCSC
2022-01-21 12:28:33,0.7,37.696,15.206,5.7,EtnaRCSC
2022-01-22 02:41:13,0.8,37.605,15.025,4.3,EtnaRCSC
2022-01-24 00:15:51,1.0,37.672,15.0,7.4,EtnaRCSC
2022-01-24 21:06:39,1.0,37.729,15.123,6.0,EtnaRCSC
2022-01-25 07:52:14,0.8,37.737,15.102,6.3,EtnaRCSC
2022-01-26 22:31:21,1.0,37.747,15.051,7.5,EtnaRCSC
2022-01-27 01:58:49,0.8,37.725,15.098,9.8,EtnaRCSC
2022-01-27 03:02:27,0.3,37.676,15.09,-1.6,EtnaRCSC
2022-01-27 03:02:41,0.3,37.691,15.09,1.9,EtnaRCSC
2022-01-27 03:15:49,0.6,37.723,15.129,9.0,EtnaRCSC
2022-01-27 06:53:30,0.7,37.751,15.144,11.9,EtnaRCSC
2022-01-27 13:44:40,0.7,37.726,15.13,8.0,EtnaRCSC
2022-01-28 04:01:30,0.9,37.723,15.076,3.9,EtnaRCSC
2022-01-28 06:29:12,0.8,37.766,15.132,6.8,EtnaRCSC
2022-01-28 08:51:43,1.1,37.687,15.062,7.7,EtnaRCSC
2022-01-28 09:08:32,0.9,37.889,15.027,10.4,EtnaRCSC
2022-01-29 22:24:21,0.8,37.681,15.103,4.4,EtnaRCSC
2022-01-30 02:45:49,1.0,37.748,15.003,-1.6,EtnaRCSC
2022-01-30 15:04:08,2.0,37.76,14.76,23.6,EtnaRCSC
2022-01-31 01:46:10,1.1,37.627,14.918,9.7,EtnaRCSC
2022-01-31 01:46:20,1.5,37.613,14.931,6.5,EtnaRCSC
2022-01-31 01:50:15,1.0,37.651,14.879,9.7,EtnaRCSC
2022-01-31 05:14:20,1.6,37.63,15.252,27.4,EtnaRCSC
2022-01-31 09:22:34,0.8,37.668,14.975,3.9,EtnaRCSC
2022-01-31 12:30:48,2.4,37.752,15.091,5.4,EtnaRCSC
2022-01-31 12:33:57,1.1,37.743,15.095,5.6,EtnaRCSC
2022-01-31 12:36:07,1.3,37.743,15.097,6.6,EtnaRCSC
2022-01-31 12:40:29,1.2,37.747,15.096,6.4,EtnaRCSC
2022-01-31 12:53:34,1.2,37.746,15.102,5.3,EtnaRCSC
2022-01-31 13:03:58,1.3,37.746,15.099,5.2,EtnaRCSC
2022-01-31 13:25:24,0.8,37.741,15.094,6.6,EtnaRCSC
2022-01-31 17:37:00,1.0,37.748,15.103,5.9,EtnaRCSC
2022-02-01 13:55:41,0.4,37.686,15.007,0.7,EtnaRCSC
2022-02-04 06:19:21,1.5,37.737,15.091,3.6,EtnaRCSC
2022-02-04 14:50:26,0.7,37.739,15.103,5.8,EtnaRCSC
2022-02-05 07:23:59,3.4,37.677,15.185,9.7,EtnaRCSC
2022-02-05 12:26:42,0.6,37.729,15.087,4.1,EtnaRCSC
2022-02-07 08:29:25,0.6,37.75,15.091,4.8,EtnaRCSC
2022-02-08 02:46:31,0.6,37.737,14.988,4.7,EtnaRCSC
2022-02-10 23:36:44,1.4,37.755,14.995,0.2,EtnaRCSC
2022-02-10 23:44:42,1.0,37.753,15.0,-1.5,EtnaRCSC
2022-02-11 00:59:43,0.7,37.754,14.999,-0.2,EtnaRCSC
2022-02-12 14:06:35,1.3,37.827,15.166,17.4,EtnaRCSC
2022-02-14 15:21:28,0.6,37.747,15.05,2.9,EtnaRCSC
2022-02-17 23:35:20,1.3,37.742,15.134,10.6,EtnaRCSC
2022-02-20 17:51:36,0.9,37.722,15.079,5.2,EtnaRCSC
2022-02-21 05:44:40,0.8,37.667,14.975,4.2,EtnaRCSC
2022-02-24 01:00:03,0.5,37.729,15.005,-1.6,EtnaRCSC
2022-02-24 16:15:54,0.8,37.745,15.106,9.9,EtnaRCSC
2022-02-24 18:43:18,0.3,37.69,14.997,1.5,EtnaRCSC
2022-02-25 04:54:37,1.0,37.618,15.192,8.7,EtnaRCSC
2022-02-28 18:29:19,0.5,37.775,15.092,2.4,EtnaRCSC
2022-03-01 13:51:02,0.8,37.677,15.083,3.7,EtnaRCSC
2022-03-01 20:21:42,1.0,37.745,15.057,7.2,EtnaRCSC
2022-03-02 13:40:04,1.1,37.729,15.131,9.3,EtnaRCSC
2022-03-03 15:57:45,1.0,37.668,15.079,6.4,EtnaRCSC
2022-03-04 02:23:22,1.0,37.661,15.079,8.6,EtnaRCSC
2022-03-04 19:39:31,0.8,37.682,15.106,8.2,EtnaRCSC
2022-03-04 19:59:04,2.0,37.602,14.818,2.3,EtnaRCSC
2022-03-05 00:46:53,1.3,37.558,14.827,0.9,EtnaRCSC
2022-03-05 02:43:17,0.6,37.687,14.96,4.2,EtnaRCSC
2022-03-05 03:57:21,0.7,37.715,15.088,5.3,EtnaRCSC
2022-03-05 16:15:58,2.0,37.837,14.816,22.0,EtnaRCSC
2022-03-05 16:34:55,2.8,37.833,14.849,22.2,EtnaRCSC
2022-03-05 18:14:36,1.7,37.771,14.9,19.9,EtnaRCSC
2022-03-06 03:53:20,1.0,37.759,15.095,7.5,EtnaRCSC
2022-03-06 13:25:13,1.3,37.641,14.921,-0.8,EtnaRCSC
2022-03-07 00:31:59,0.3,37.756,15.09,2.3,EtnaRCSC
2022-03-07 01:14:24,0.9,37.706,15.266,9.3,EtnaRCSC
2022-03-07 19:20:08,0.6,37.682,15.116,-1.6,EtnaRCSC
2022-03-08 06:28:20,0.9,37.714,15.106,6.7,EtnaRCSC
2022-03-11 02:18:11,0.7,37.738,15.125,6.6,EtnaRCSC
2022-03-11 19:52:46,0.6,37.749,14.999,0.1,EtnaRCSC
2022-03-12 05:45:40,0.5,37.741,15.001,0.3,EtnaRCSC
2022-03-12 23:55:06,1.0,37.745,15.103,8.4,EtnaRCSC
2022-03-13 16:33:14,0.7,37.704,14.977,4.7,EtnaRCSC
2022-03-14 03:13:36,0.5,37.752,15.113,3.7,EtnaRCSC
2022-03-14 06:41:37,1.1,37.64,14.942,5.3,EtnaRCSC
2022-03-14 19:11:38,0.8,37.645,14.943,0.9,EtnaRCSC
2022-03-15 10:07:17,1.7,37.801,14.752,8.9,EtnaRCSC
2022-03-15 11:18:20,1.7,37.667,15.082,10.9,EtnaRCSC
2022-03-15 12:41:06,1.7,37.699,14.816,10.6,EtnaRCSC
2022-03-15 17:06:13,1.0,37.674,14.947,5.9,EtnaRCSC
2022-03-16 04:55:22,0.4,37.697,15.012,1.0,EtnaRCSC
2022-03-16 04:58:28,0.4,37.695,15.012,1.1,EtnaRCSC
2022-03-16 22:53:57,0.7,37.75,15.003,-0.7,EtnaRCSC
2022-03-18 13:51:14,3.3,37.696,14.966,9.8,EtnaRCSC
2022-03-18 18:03:27,0.8,37.741,15.06,1.4,EtnaRCSC
2022-03-18 18:04:25,1.0,37.734,15.08,4.6,EtnaRCSC
2022-03-20 03:58:06,1.5,37.574,14.824,1.0,EtnaRCSC
2022-03-20 16:49:06,1.5,37.764,15.12,13.5,EtnaRCSC
2022-03-20 16:53:41,1.7,37.777,15.106,12.5,EtnaRCSC
2022-03-22 04:38:34,1.4,37.854,15.262,10.1,EtnaRCSC
2022-03-26 02:01:05,0.9,37.607,14.961,9.8,EtnaRCSC
2022-03-27 16:41:55,0.8,37.741,15.078,4.5,EtnaRCSC
2022-03-30 06:14:53,2.4,37.714,14.921,3.2,EtnaRCSC
2022-03-30 07:01:58,0.8,37.713,14.916,2.2,EtnaRCSC
2022-03-30 07:43:31,1.5,37.898,14.97,28.3,EtnaRCSC
2022-03-30 07:44:38,1.5,37.897,14.966,28.7,EtnaRCSC
2022-03-30 13:10:45,0.9,37.72,14.916,4.4,EtnaRCSC
2022-03-30 14:18:11,1.0,37.718,14.906,4.4,EtnaRCSC
2022-03-31 05:11:50,1.0,37.721,14.916,3.5,EtnaRCSC
2022-03-31 16:09:55,1.1,37.743,15.098,8.0,EtnaRCSC
2022-04-02 08:20:32,1.2,37.748,15.0,0.2,EtnaRCSC
2022-04-03 23:38:21,1.1,37.744,15.032,4.3,EtnaRCSC
2022-04-03 23:40:19,0.9,37.745,15.054,3.5,EtnaRCSC
2022-04-05 05:29:28,0.7,37.713,14.92,2.4,EtnaRCSC
2022-04-05 13:13:21,1.0,37.711,14.918,3.0,EtnaRCSC
2022-04-05 20:00:54,1.0,37.669,15.097,7.5,EtnaRCSC
2022-04-06 05:55:39,0.9,37.736,14.924,8.4,EtnaRCSC
2022-04-07 17:46:08,1.7,37.746,14.947,16.0,EtnaRCSC
2022-04-07 17:51:28,1.4,37.73,14.925,15.5,EtnaRCSC
2022-04-08 09:07:07,1.3,37.7,14.887,6.9,EtnaRCSC
2022-04-09 00:33:49,0.8,37.781,15.059,-0.2,EtnaRCSC
2022-04-09 13:48:23,1.3,37.665,15.031,7.5,EtnaRCSC
2022-04-09 15:45:58,0.7,37.666,15.007,1.9,EtnaRCSC
2022-04-09 18:34:33,0.9,37.706,15.02,6.4,EtnaRCSC
2022-04-10 00:21:14,0.6,37.723,14.912,4.2,EtnaRCSC
2022-04-10 03:04:41,0.7,37.722,14.909,3.9,EtnaRCSC
2022-04-10 03:49:28,1.4,37.742,15.053,3.4,EtnaRCSC
2022-04-10 05:31:02,0.7,37.767,15.102,3.5,EtnaRCSC
2022-04-12 01:00:38,0.7,37.734,15.11,7.5,EtnaRCSC
2022-04-12 01:19:24,0.7,37.735,15.107,7.9,EtnaRCSC
2022-04-12 18:41:53,0.7,37.727,15.076,4.2,EtnaRCSC
2022-04-13 00:08:06,0.4,37.745,14.988,-1.5,EtnaRCSC
2022-04-13 22:05:13,0.6,37.749,14.991,0.0,EtnaRCSC
2022-04-14 01:17:00,0.7,37.745,15.05,3.1,EtnaRCSC
2022-04-15 10:39:18,1.2,37.627,14.946,0.3,EtnaRCSC
2022-04-16 02:25:16,1.0,37.698,15.096,7.4,EtnaRCSC
2022-04-17 00:17:00,1.1,37.748,15.153,5.4,EtnaRCSC
2022-04-17 00:18:09,1.7,37.748,15.155,6.2,EtnaRCSC
2022-04-17 09:30:41,1.0,37.714,15.03,10.3,EtnaRCSC
2022-04-19 14:01:01,1.3,37.75,14.999,0.2,EtnaRCSC
2022-04-19 15:08:05,1.0,37.681,14.958,4.2,EtnaRCSC
2022-04-19 15:26:24,0.8,37.736,15.127,4.8,EtnaRCSC
2022-04-23 17:16:12,0.7,37.723,15.118,4.1,EtnaRCSC
2022-04-25 02:59:18,0.8,37.737,15.069,3.9,EtnaRCSC
2022-04-25 07:20:03,0.8,37.746,15.05,3.9,EtnaRCSC
2022-04-25 08:23:57,0.8,37.754,15.058,3.3,EtnaRCSC
2022-04-25 08:27:01,0.8,37.745,15.058,4.6,EtnaRCSC
2022-04-25 08:28:47,0.7,37.749,15.049,2.1,EtnaRCSC
2022-04-25 22:30:01,0.6,37.668,15.105,2.3,EtnaRCSC
2022-04-26 09:19:14,0.9,37.686,14.836,2.8,EtnaRCSC
2022-04-26 16:11:26,1.1,37.749,15.003,3.3,EtnaRCSC
2022-04-27 03:49:23,1.1,37.682,14.795,17.3,EtnaRCSC
2022-04-27 11:57:38,0.7,37.749,14.994,-0.1,EtnaRCSC
2022-04-27 15:04:09,2.0,37.741,15.049,4.0,EtnaRCSC
2022-04-27 15:34:50,0.9,37.748,15.057,3.2,EtnaRCSC
2022-04-28 00:45:01,0.8,37.856,15.101,4.4,EtnaRCSC
2022-04-28 01:43:55,0.8,37.739,15.052,4.4,EtnaRCSC
2022-04-28 12:08:38,1.2,37.712,15.122,6.3,EtnaRCSC
2022-04-28 15:04:45,1.7,37.735,15.054,5.7,EtnaRCSC
2022-04-28 15:45:38,1.4,37.742,15.051,5.8,EtnaRCSC
2022-04-30 13:35:12,0.9,37.738,14.92,4.9,EtnaRCSC
2022-05-02 08:40:58,2.1,37.734,15.053,6.8,EtnaRCSC
2022-05-02 08:43:17,1.3,37.736,15.036,6.2,EtnaRCSC
2022-05-02 10:21:05,0.8,37.734,15.052,5.3,EtnaRCSC
2022-05-02 11:36:51,1.0,37.737,15.055,5.7,EtnaRCSC
2022-05-02 21:52:53,1.2,37.56,14.992,3.7,EtnaRCSC
2022-05-04 19:14:47,1.2,37.812,15.114,-1.6,EtnaRCSC
2022-05-05 00:16:57,1.1,37.71,15.115,4.2,EtnaRCSC
2022-05-07 09:06:00,2.2,37.811,15.127,-0.4,EtnaRCSC
2022-05-07 09:06:31,2.3,37.815,15.131,-0.4,EtnaRCSC
2022-05-07 09:10:02,2.0,37.813,15.127,-0.2,EtnaRCSC
2022-05-07 10:12:43,1.2,37.811,15.124,-0.7,EtnaRCSC
2022-05-08 12:39:58,1.6,37.708,14.944,23.0,EtnaRCSC
2022-05-08 13:13:08,1.9,37.719,15.084,3.6,EtnaRCSC
2022-05-08 13:29:49,1.2,37.711,15.093,3.8,EtnaRCSC
2022-05-08 14:21:51,0.9,37.692,15.116,3.6,EtnaRCSC
2022-05-09 17:00:33,1.3,37.743,15.051,4.4,EtnaRCSC
2022-05-11 03:48:39,1.3,37.729,15.054,3.7,EtnaRCSC
2022-05-11 10:25:33,1.4,37.744,15.05,3.5,EtnaRCSC
2022-05-12 08:18:18,1.9,37.768,15.166,4.8,EtnaRCSC
2022-05-15 19:53:18,1.4,37.754,14.788,6.9,EtnaRCSC
2022-05-15 22:07:01,1.6,37.66,14.963,10.2,EtnaRCSC
2022-05-18 17:22:00,1.5,37.775,15.157,4.6,EtnaRCSC
2022-05-19 22:32:09,1.5,37.743,15.083,4.5,EtnaRCSC
2022-05-19 23:26:39,2.3,37.74,15.083,4.8,EtnaRCSC
2022-05-20 00:00:00,1.7,37.744,15.079,5.4,EtnaRCSC
2022-05-20 00:00:04,2.4,37.752,15.073,5.1,EtnaRCSC
2022-05-20 08:21:09,1.4,37.832,14.771,20.8,EtnaRCSC
2022-05-22 20:47:26,1.4,37.74,15.152,3.6,EtnaRCSC
2022-05-30 20:28:50,1.8,37.622,15.061,10.3,EtnaRCSC
2022-06-02 23:43:26,1.3,37.759,14.848,2.1,EtnaRCSC
2022-06-03 00:03:17,1.6,37.73,14.799,8.6,EtnaRCSC
2022-06-03 19:20:18,1.2,37.696,15.079,3.8,EtnaRCSC
2022-06-06 03:25:36,1.9,37.745,15.053,4.6,EtnaRCSC
2022-06-06 03:29:50,1.4,37.743,15.059,5.0,EtnaRCSC
2022-06-06 03:34:57,1.2,37.752,15.053,1.2,EtnaRCSC
2022-06-06 03:36:01,1.3,37.745,15.05,2.3,EtnaRCSC
2022-06-06 04:01:47,2.0,37.716,15.139,14.2,EtnaRCSC
2022-06-07 05:04:12,1.7,37.77,14.762,23.9,EtnaRCSC
2022-06-08 04:42:10,1.3,37.802,15.11,12.1,EtnaRCSC
2022-06-13 01:10:06,1.5,37.695,15.204,9.9,EtnaRCSC
2022-06-13 12:27:36,1.3,37.758,15.164,7.4,EtnaRCSC
2022-06-13 12:28:55,1.4,37.758,15.14,9.1,EtnaRCSC
2022-06-14 20:03:35,1.2,37.669,15.126,14.4,EtnaRCSC
2022-06-16 15:27:08,1.2,37.755,14.998,0.4,EtnaRCSC
2022-06-16 22:34:11,1.2,37.755,15.045,4.7,EtnaRCSC
2022-06-16 23:02:50,1.1,37.765,15.082,4.2,EtnaRCSC
2022-06-17 00:24:01,1.1,37.759,15.08,3.3,EtnaRCSC
2022-06-18 12:49:08,0.8,37.813,15.076,0.5,EtnaRCSC
2022-06-20 10:58:33,1.1,37.748,15.114,7.9,EtnaRCSC
2022-06-21 14:40:06,1.4,37.74,15.088,6.1,EtnaRCSC
2022-06-21 14:51:16,1.1,37.739,15.087,4.5,EtnaRCSC
2022-06-21 17:46:37,1.5,37.822,15.06,11.6,EtnaRCSC
2022-06-23 06:32:45,1.5,37.641,14.888,6.3,EtnaRCSC
2022-06-23 13:36:14,1.7,37.685,15.063,9.5,EtnaRCSC
2022-06-23 13:36:53,1.8,37.67,15.037,11.7,EtnaRCSC
2022-06-24 01:38:32,1.7,37.674,15.061,7.6,EtnaRCSC
2022-07-02 17:39:53,1.2,37.703,15.083,7.0,EtnaRCSC
2022-07-05 17:00:55,1.6,37.77,15.058,7.7,EtnaRCSC
2022-07-07 00:48:25,1.5,37.746,15.025,7.5,EtnaRCSC
2022-07-07 00:49:06,1.4,37.774,15.041,8.2,EtnaRCSC
2022-07-07 12:08:47,1.8,37.724,14.956,8.1,EtnaRCSC
2022-07-09 00:06:36,1.9,37.599,15.174,27.2,EtnaRCSC
2022-07-09 03:03:08,1.2,37.682,15.082,7.9,EtnaRCSC
2022-07-13 09:08:16,1.1,37.735,15.133,9.6,EtnaRCSC
2022-07-15 15:33:10,1.7,37.761,15.126,5.7,EtnaRCSC
2022-07-15 16:15:34,1.5,37.765,15.123,11.6,EtnaRCSC
2022-07-15 21:10:44,1.5,37.763,15.135,5.8,EtnaRCSC
2022-07-15 21:15:45,1.3,37.767,15.137,4.9,EtnaRCSC
2022-07-17 02:58:33,1.4,37.758,15.068,12.8,EtnaRCSC
2022-07-17 20:53:41,1.8,37.739,14.955,6.9,EtnaRCSC
2022-07-18 19:18:10,1.2,37.689,15.123,4.8,EtnaRCSC
2022-07-19 13:50:58,1.4,37.625,14.964,9.3,EtnaRCSC
2022-07-26 08:58:00,1.2,37.856,15.168,7.2,EtnaRCSC
2022-07-26 12:34:53,1.1,37.846,15.18,9.0,EtnaRCSC
2022-07-27 01:38:50,1.3,37.635,14.925,-1.6,EtnaRCSC
2022-07-27 03:01:39,0.9,37.714,15.088,5.1,EtnaRCSC
2022-07-27 08:59:09,1.2,37.643,15.008,5.9,EtnaRCSC
2022-07-28 02:42:15,1.1,37.734,15.064,5.5,EtnaRCSC
2022-07-28 03:08:03,1.3,37.736,15.053,4.2,EtnaRCSC
2022-07-28 03:59:22,1.2,37.867,15.175,5.4,EtnaRCSC
2022-07-30 08:37:04,1.1,37.739,14.898,7.1,EtnaRCSC
2022-07-30 10:07:25,1.5,37.683,15.111,5.3,EtnaRCSC
2022-07-30 16:23:14,1.7,37.651,15.085,13.1,EtnaRCSC
2022-07-31 10:29:43,2.7,37.764,15.128,9.0,EtnaRCSC
2022-07-31 10:31:25,1.1,37.759,15.133,9.8,EtnaRCSC
2022-07-31 10:51:59,2.0,37.766,15.127,8.0,EtnaRCSC
2022-07-31 11:09:32,1.7,37.762,15.128,5.1,EtnaRCSC
2022-07-31 12:34:50,0.9,37.763,15.126,9.3,EtnaRCSC
2022-07-31 14:25:35,1.5,37.773,15.129,5.1,EtnaRCSC
2022-07-31 16:05:35,0.9,37.76,15.133,9.2,EtnaRCSC
2022-07-31 16:21:08,0.9,37.733,15.066,2.0,EtnaRCSC
2022-08-02 00:57:02,0.7,37.736,15.115,1.8,EtnaRCSC
2022-08-02 06:58:48,1.4,37.753,14.782,12.5,EtnaRCSC
2022-08-02 23:31:08,1.1,37.744,15.052,2.2,EtnaRCSC
2022-08-02 23:31:47,0.9,37.739,15.051,3.1,EtnaRCSC
2022-08-03 01:21:14,1.3,37.853,14.883,24.6,EtnaRCSC
2022-08-03 16:12:24,1.3,37.613,14.96,10.6,EtnaRCSC
2022-08-04 01:12:42,1.6,37.773,14.767,10.7,EtnaRCSC
2022-08-04 01:37:58,1.4,37.756,14.788,9.9,EtnaRCSC
2022-08-04 02:48:45,1.3,37.773,14.781,10.2,EtnaRCSC
2022-08-04 13:22:12,1.6,37.764,14.744,10.6,EtnaRCSC
2022-08-04 14:16:44,1.7,37.769,14.748,10.6,EtnaRCSC
2022-08-04 15:35:56,2.0,37.888,15.05,19.2,EtnaRCSC
2022-08-04 15:42:45,1.6,37.758,14.776,10.9,EtnaRCSC
2022-08-04 16:38:56,1.0,37.746,15.121,2.2,EtnaRCSC
2022-08-04 18:10:01,1.6,37.675,15.042,2.1,EtnaRCSC
2022-08-05 18:37:25,1.5,37.747,15.127,8.0,EtnaRCSC
2022-08-06 13:57:40,1.7,37.764,15.093,7.1,EtnaRCSC
2022-08-07 19:22:24,1.9,37.8,15.092,27.4,EtnaRCSC
2022-08-08 10:52:19,1.5,37.763,15.133,4.1,EtnaRCSC
2022-08-08 10:53:53,1.3,37.764,15.131,6.9,EtnaRCSC
2022-08-09 19:13:07,1.4,37.666,14.832,-1.6,EtnaRCSC
2022-08-10 17:13:24,1.1,37.752,15.075,3.9,EtnaRCSC
2022-08-14 23:58:01,1.2,37.731,14.939,4.9,EtnaRCSC
2022-08-16 03:18:23,0.9,37.776,15.082,4.5,EtnaRCSC
2022-08-17 17:38:18,1.1,37.743,15.074,4.4,EtnaRCSC
2022-08-19 23:50:17,1.2,37.712,14.81,3.7,EtnaRCSC
2022-08-23 01:17:34,0.8,37.766,15.049,-1.6,EtnaRCSC
2022-08-23 22:25:52,1.7,37.791,14.838,10.3,EtnaRCSC
2022-08-23 23:08:26,1.6,37.772,14.822,14.2,EtnaRCSC
2022-08-25 02:23:30,1.1,37.728,15.054,2.2,EtnaRCSC
2022-08-25 07:19:42,1.5,37.751,15.024,8.0,EtnaRCSC
2022-08-27 19:18:05,1.6,37.748,15.036,8.4,EtnaRCSC
2022-08-27 20:19:10,0.1,37.801,15.037,0.3,EtnaRCSC
2022-08-28 22:49:59,2.0,37.777,14.897,21.8,EtnaRCSC
2022-08-28 22:57:57,1.3,37.779,14.898,19.3,EtnaRCSC
2022-08-28 22:58:42,1.5,37.777,14.889,21.3,EtnaRCSC
2022-08-28 23:00:27,1.8,37.776,14.906,23.5,EtnaRCSC
2022-08-28 23:05:06,1.4,37.784,14.907,18.8,EtnaRCSC
2022-08-28 23:31:55,2.0,37.775,14.899,23.0,EtnaRCSC
2022-08-29 07:26:09,1.6,37.792,14.912,16.0,EtnaRCSC
2022-08-29 07:26:17,2.1,37.794,14.914,21.9,EtnaRCSC
2022-08-29 16:22:51,2.4,37.763,14.885,23.8,EtnaRCSC
2022-08-29 16:36:03,1.5,37.707,14.71,10.5,EtnaRCSC
2022-08-29 17:19:32,1.9,37.724,14.732,12.9,EtnaRCSC
2022-08-29 17:40:34,2.1,37.73,14.791,8.4,EtnaRCSC
2022-08-29 19:12:12,2.4,37.725,14.739,13.8,EtnaRCSC
2022-08-29 19:13:38,1.9,37.712,14.71,14.9,EtnaRCSC
2022-08-29 19:14:39,1.9,37.714,14.712,17.5,EtnaRCSC
2022-08-29 19:15:22,3.0,37.706,14.725,16.7,EtnaRCSC
2022-08-29 19:24:30,2.1,37.73,14.741,16.3,EtnaRCSC
2022-08-29 19:26:01,1.7,37.71,14.711,13.5,EtnaRCSC
2022-08-29 19:39:28,2.4,37.714,14.717,15.1,EtnaRCSC
2022-08-29 19:41:13,3.3,37.729,14.712,9.8,EtnaRCSC
2022-08-29 19:43:08,2.7,37.734,14.717,10.5,EtnaRCSC
2022-08-29 19:43:53,2.1,37.722,14.716,9.9,EtnaRCSC
2022-08-29 19:44:37,2.0,37.727,14.719,11.8,EtnaRCSC
2022-08-29 19:47:44,2.1,37.71,14.701,11.2,EtnaRCSC
2022-08-29 19:48:25,3.0,37.726,14.712,14.9,EtnaRCSC
2022-08-29 19:57:25,2.0,37.729,14.718,12.5,EtnaRCSC
2022-08-29 19:58:36,1.8,37.724,14.738,9.0,EtnaRCSC
2022-08-29 20:03:15,2.2,37.708,14.704,12.0,EtnaRCSC
2022-08-29 20:04:29,2.0,37.731,14.711,8.9,EtnaRCSC
2022-08-29 20:05:25,1.9,37.724,14.728,10.4,EtnaRCSC
2022-08-29 20:06:17,1.5,37.717,14.72,9.7,EtnaRCSC
2022-08-29 20:06:33,2.1,37.728,14.735,10.3,EtnaRCSC
2022-08-29 20:06:54,2.7,37.723,14.726,10.5,EtnaRCSC
2022-08-29 20:09:26,1.8,37.707,14.717,10.0,EtnaRCSC
2022-08-29 20:10:18,2.5,37.723,14.71,13.6,EtnaRCSC
2022-08-29 20:28:07,1.5,37.721,14.709,10.7,EtnaRCSC
2022-08-29 20:31:50,1.2,37.732,14.768,7.3,EtnaRCSC
2022-08-29 20:43:23,2.3,37.722,14.722,15.1,EtnaRCSC
2022-08-29 20:52:10,1.8,37.711,14.725,15.7,EtnaRCSC
2022-08-29 21:21:10,1.8,37.719,14.74,8.0,EtnaRCSC
2022-08-29 21:50:24,3.1,37.732,14.723,13.7,EtnaRCSC
2022-08-29 21:53:28,2.0,37.719,14.746,9.5,EtnaRCSC
2022-08-29 21:55:33,1.4,37.729,14.826,5.7,EtnaRCSC
2022-08-30 01:39:43,1.3,37.736,14.792,11.0,EtnaRCSC
2022-08-30 05:58:39,1.7,37.714,14.701,13.4,EtnaRCSC
2022-08-30 05:59:42,2.0,37.743,14.743,9.3,EtnaRCSC
2022-08-30 06:00:16,1.7,37.72,14.71,12.5,EtnaRCSC
2022-08-30 06:01:08,2.1,37.738,14.734,10.0,EtnaRCSC
2022-08-30 06:03:04,1.9,37.72,14.71,14.9,EtnaRCSC
2022-08-30 06:04:49,1.6,37.715,14.704,12.0,EtnaRCSC
2022-08-30 06:57:05,1.6,37.748,14.759,10.4,EtnaRCSC
2022-08-30 07:15:54,2.7,37.731,14.714,16.0,EtnaRCSC
2022-08-30 07:22:50,1.6,37.691,14.776,2.7,EtnaRCSC
2022-08-30 07:32:05,1.6,37.718,14.763,10.4,EtnaRCSC
2022-08-30 07:37:23,1.9,37.753,14.752,10.4,EtnaRCSC
2022-08-30 07:39:51,1.6,37.741,14.752,10.4,EtnaRCSC
2022-08-30 08:06:45,2.5,37.759,14.735,15.7,EtnaRCSC
2022-08-30 08:08:41,1.7,37.744,14.724,17.6,EtnaRCSC
2022-08-30 08:09:36,1.8,37.744,14.711,9.3,EtnaRCSC
2022-08-30 08:15:38,1.7,37.715,14.703,11.5,EtnaRCSC
2022-08-30 08:21:02,2.0,37.742,14.721,16.3,EtnaRCSC
2022-08-30 09:06:29,1.7,37.716,14.706,14.2,EtnaRCSC
2022-08-30 11:30:40,2.6,37.725,14.721,16.6,EtnaRCSC
2022-08-30 14:51:03,1.2,37.752,14.955,4.9,EtnaRCSC
2022-08-30 15:18:25,1.6,37.705,14.719,9.0,EtnaRCSC
2022-08-30 15:53:14,2.2,37.698,14.784,6.3,EtnaRCSC
2022-08-30 16:44:19,1.7,37.77,14.772,14.1,EtnaRCSC
2022-08-30 17:26:37,1.9,37.713,14.702,12.1,EtnaRCSC
2022-08-30 17:30:45,2.0,37.719,14.716,12.1,EtnaRCSC
2022-08-30 20:05:39,2.1,37.726,14.728,11.4,EtnaRCSC
2022-08-30 20:06:47,1.6,37.718,14.706,10.4,EtnaRCSC
2022-08-30 20:07:06,1.6,37.732,14.756,9.8,EtnaRCSC
2022-08-30 20:07:24,1.5,37.733,14.738,7.8,EtnaRCSC
2022-08-31 10:39:47,1.7,37.744,14.96,5.8,EtnaRCSC
2022-08-31 13:40:16,2.3,37.722,14.703,11.7,EtnaRCSC
2022-08-31 20:46:41,2.2,37.719,14.72,13.0,EtnaRCSC
2022-09-01 02:02:27,1.1,37.855,15.14,13.3,EtnaRCSC
2022-09-02 11:22:56,1.9,37.731,14.744,9.6,EtnaRCSC
2022-09-02 14:09:56,1.5,37.743,14.96,6.2,EtnaRCSC
2022-09-02 14:13:39,1.3,37.747,14.966,4.9,EtnaRCSC
2022-09-02 16:30:19,1.3,37.857,15.14,17.4,EtnaRCSC
2022-09-02 18:48:33,1.0,37.757,15.011,-1.6,EtnaRCSC
2022-09-02 19:07:49,1.4,37.727,14.752,8.9,EtnaRCSC
2022-09-02 19:09:52,1.4,37.744,14.747,6.6,EtnaRCSC
2022-09-02 19:34:03,1.1,37.861,15.16,12.7,EtnaRCSC
2022-09-02 21:46:09,1.2,37.849,15.147,16.4,EtnaRCSC
2022-09-02 22:50:05,1.2,37.859,15.134,14.4,EtnaRCSC
2022-09-03 00:39:07,1.6,37.745,14.737,10.4,EtnaRCSC
2022-09-03 00:39:31,1.7,37.752,14.738,12.4,EtnaRCSC
2022-09-03 14:43:24,1.2,37.683,14.968,7.2,EtnaRCSC
2022-09-04 02:51:42,1.3,37.871,15.122,13.4,EtnaRCSC
2022-09-05 12:27:42,1.3,37.758,15.078,5.8,EtnaRCSC
2022-09-06 09:08:09,1.7,37.781,14.753,17.5,EtnaRCSC
2022-09-06 14:42:08,1.3,37.775,15.081,8.8,EtnaRCSC
2022-09-07 02:35:19,1.6,37.749,14.741,10.0,EtnaRCSC
2022-09-07 05:51:11,1.3,37.775,15.086,10.3,EtnaRCSC
2022-09-08 16:12:23,1.0,37.742,15.087,3.3,EtnaRCSC
2022-09-08 17:17:30,1.3,37.857,15.158,12.5,EtnaRCSC
2022-09-08 18:23:48,1.6,37.739,14.957,5.8,EtnaRCSC
2022-09-08 18:42:34,1.7,37.855,15.152,14.5,EtnaRCSC
2022-09-08 23:15:17,0.8,37.806,15.112,5.2,EtnaRCSC
2022-09-11 06:31:11,1.9,37.745,15.044,13.3,EtnaRCSC
2022-09-11 07:07:46,1.8,37.743,15.064,17.4,EtnaRCSC
2022-09-12 04:14:40,1.9,37.818,14.95,22.4,EtnaRCSC
2022-09-12 04:43:07,2.1,37.811,14.965,17.7,EtnaRCSC
2022-09-12 05:01:58,1.7,37.748,14.945,26.3,EtnaRCSC
2022-09-12 23:44:10,1.8,37.736,14.751,9.2,EtnaRCSC
2022-09-12 23:45:12,2.1,37.747,14.75,9.8,EtnaRCSC
2022-09-12 23:46:39,1.0,37.734,14.743,9.0,EtnaRCSC
2022-09-12 23:56:38,1.8,37.748,14.748,9.4,EtnaRCSC
2022-09-12 23:57:47,2.5,37.743,14.754,10.2,EtnaRCSC
2022-09-13 13:11:06,1.4,37.644,14.945,6.5,EtnaRCSC
2022-09-13 18:19:22,1.1,37.747,15.154,6.8,EtnaRCSC
2022-09-14 01:49:12,1.5,37.624,14.954,9.4,EtnaRCSC
2022-09-14 04:24:57,1.4,37.723,15.056,4.2,EtnaRCSC
2022-09-14 09:09:45,1.0,37.791,15.08,1.2,EtnaRCSC
2022-09-15 03:12:41,1.1,37.693,15.087,3.1,EtnaRCSC
2022-09-17 19:18:25,1.4,37.744,15.082,4.3,EtnaRCSC
2022-09-18 03:13:25,2.9,37.747,14.75,9.5,EtnaRCSC
2022-09-19 14:51:19,1.0,37.812,15.031,1.3,EtnaRCSC
2022-09-20 17:41:48,1.7,37.851,15.157,5.3,EtnaRCSC
2022-09-20 19:52:27,1.2,37.735,15.06,3.0,EtnaRCSC
2022-09-20 22:55:30,1.7,37.65,14.933,3.3,EtnaRCSC
2022-09-20 22:56:48,1.5,37.631,14.948,5.3,EtnaRCSC
2022-09-20 23:14:56,1.3,37.628,14.922,10.6,EtnaRCSC
2022-09-20 23:24:35,1.5,37.621,14.934,8.6,EtnaRCSC
2022-09-21 01:01:02,1.2,37.636,14.931,7.6,EtnaRCSC
2022-09-21 02:22:56,1.3,37.645,14.938,0.3,EtnaRCSC
2022-09-21 04:20:07,1.4,37.634,14.925,9.7,EtnaRCSC
2022-09-21 05:52:14,1.8,37.637,14.926,9.4,EtnaRCSC
2022-09-21 09:59:40,1.3,37.733,15.16,5.8,EtnaRCSC
2022-09-21 14:14:49,1.3,37.752,14.979,5.7,EtnaRCSC
2022-09-21 21:51:04,2.4,37.66,14.946,2.4,EtnaRCSC
2022-09-22 02:21:28,3.6,37.568,14.862,2.3,EtnaRCSC
2022-09-23 00:19:06,1.4,37.733,14.957,6.5,EtnaRCSC
2022-09-26 13:54:30,1.4,37.73,14.916,8.0,EtnaRCSC
2022-09-26 14:07:55,1.5,37.73,14.923,8.2,EtnaRCSC
2022-09-27 01:44:27,0.9,37.743,15.077,2.7,EtnaRCSC
2022-09-27 02:36:36,1.3,37.665,15.017,9.5,EtnaRCSC
2022-09-27 17:16:03,0.3,37.806,15.052,-1.6,EtnaRCSC
2022-09-27 19:12:41,1.7,37.774,14.807,26.3,EtnaRCSC
2022-09-29 13:39:02,1.1,37.724,15.121,3.8,EtnaRCSC
2022-09-30 00:40:55,1.1,37.743,15.05,4.3,EtnaRCSC
2022-10-02 15:17:05,1.8,37.84,14.884,25.8,EtnaRCSC
2022-10-03 02:11:59,1.1,37.755,15.006,1.6,EtnaRCSC
2022-10-03 14:04:54,1.0,37.751,15.066,5.7,EtnaRCSC
2022-10-03 23:48:33,1.1,37.674,14.765,9.8,EtnaRCSC
2022-10-05 05:35:42,1.4,37.715,15.14,7.7,EtnaRCSC
2022-10-05 09:27:09,0.8,37.702,14.978,1.6,EtnaRCSC
2022-10-06 10:42:00,1.0,37.764,15.153,4.1,EtnaRCSC
2022-10-07 08:52:32,3.0,37.752,15.026,5.0,EtnaRCSC
2022-10-07 08:54:57,1.4,37.744,15.034,5.5,EtnaRCSC
2022-10-07 15:37:29,1.3,37.724,15.087,2.8,EtnaRCSC
2022-10-08 00:32:20,1.1,37.742,15.1,6.2,EtnaRCSC
2022-10-08 10:12:50,1.3,37.722,15.113,1.9,EtnaRCSC
2022-10-08 12:31:08,1.9,37.872,14.854,27.0,EtnaRCSC
2022-10-08 20:51:42,0.9,37.756,15.064,3.3,EtnaRCSC
2022-10-09 03:07:58,1.2,37.73,15.11,4.6,EtnaRCSC
2022-10-09 12:20:29,1.2,37.752,15.132,4.3,EtnaRCSC
2022-10-10 01:22:00,1.2,37.741,15.032,3.3,EtnaRCSC
2022-10-11 04:51:55,1.1,37.668,14.974,5.3,EtnaRCSC
2022-10-11 09:23:37,0.7,37.804,15.052,0.2,EtnaRCSC
2022-10-12 17:33:00,1.5,37.815,14.988,12.0,EtnaRCSC
2022-10-13 09:52:16,1.2,37.787,15.012,-1.6,EtnaRCSC
2022-10-14 13:38:30,1.9,37.728,15.046,8.4,EtnaRCSC
2022-10-16 05:46:38,1.2,37.744,15.077,6.4,EtnaRCSC
2022-10-16 17:17:25,1.1,37.756,15.037,5.0,EtnaRCSC
2022-10-16 21:01:44,1.2,37.688,15.096,9.6,EtnaRCSC
2022-10-17 15:28:17,1.1,37.796,15.111,7.4,EtnaRCSC
2022-10-18 11:27:06,1.1,37.755,14.894,3.9,EtnaRCSC
2022-10-19 01:57:52,1.6,37.743,15.129,7.6,EtnaRCSC
2022-10-19 15:46:40,1.6,37.828,14.944,23.2,EtnaRCSC
2022-10-19 15:47:29,1.7,37.819,14.964,23.6,EtnaRCSC
2022-10-20 03:16:52,1.0,37.757,15.128,3.9,EtnaRCSC
2022-10-20 19:10:06,1.1,37.739,14.934,4.8,EtnaRCSC
2022-10-21 05:32:36,1.4,37.638,14.954,6.8,EtnaRCSC
2022-10-21 05:35:27,1.5,37.623,14.964,9.8,EtnaRCSC
2022-10-21 05:52:32,1.8,37.619,14.965,9.1,EtnaRCSC
2022-10-21 15:43:16,1.7,37.637,14.953,4.6,EtnaRCSC
2022-10-21 16:58:46,1.6,37.626,14.956,8.6,EtnaRCSC
2022-10-23 13:44:59,1.5,37.791,15.196,5.5,EtnaRCSC
2022-10-23 15:30:17,2.3,37.791,15.199,6.2,EtnaRCSC
2022-10-23 15:30:59,1.0,37.796,15.184,4.7,EtnaRCSC
2022-10-23 17:03:33,0.9,37.814,15.193,8.8,EtnaRCSC
2022-10-23 18:06:32,0.9,37.779,15.185,3.2,EtnaRCSC
2022-10-24 00:01:35,1.4,37.734,14.738,13.0,EtnaRCSC
2022-10-24 00:01:57,1.3,37.708,14.741,8.3,EtnaRCSC
2022-10-24 06:13:33,1.3,37.789,15.197,5.5,EtnaRCSC
2022-10-24 06:14:52,1.5,37.788,15.2,6.6,EtnaRCSC
2022-10-24 09:15:02,0.4,37.799,15.052,-1.6,EtnaRCSC
2022-10-24 13:45:45,1.2,37.757,15.099,4.6,EtnaRCSC
2022-10-27 18:01:02,1.3,37.782,14.859,8.8,EtnaRCSC
2022-10-28 02:12:16,1.1,37.676,14.958,6.5,EtnaRCSC
2022-10-29 01:53:00,1.1,37.756,15.046,4.3,EtnaRCSC
2022-10-29 07:08:57,1.1,37.688,14.974,3.0,EtnaRCSC
2022-10-29 10:18:17,0.9,37.75,15.1,3.8,EtnaRCSC
2022-11-01 09:45:38,0.3,37.805,15.048,-0.1,EtnaRCSC
2022-11-01 09:47:13,0.5,37.806,15.052,0.3,EtnaRCSC
2022-11-01 10:06:39,0.5,37.805,15.05,0.1,EtnaRCSC
2022-11-01 13:21:40,1.2,37.737,15.084,6.5,EtnaRCSC
2022-11-02 17:37:32,1.1,37.755,15.127,8.0,EtnaRCSC
2022-11-04 01:48:44,0.8,37.766,15.088,2.7,EtnaRCSC
2022-11-04 01:57:23,0.9,37.677,15.038,0.7,EtnaRCSC
2022-11-04 03:18:35,1.1,37.702,15.071,1.8,EtnaRCSC
2022-11-04 10:54:33,1.0,37.731,15.097,6.9,EtnaRCSC
2022-11-04 13:16:20,1.9,37.719,14.763,28.5,EtnaRCSC
2022-11-04 16:39:44,1.2,37.762,15.003,2.4,EtnaRCSC
2022-11-05 04:30:15,0.9,37.757,15.056,2.3,EtnaRCSC
2022-11-06 14:46:36,0.5,37.804,15.051,0.2,EtnaRCSC
2022-11-06 14:46:58,0.9,37.806,15.046,-1.6,EtnaRCSC
2022-11-06 15:49:08,1.2,37.727,15.068,6.5,EtnaRCSC
2022-11-06 17:32:21,1.0,37.712,15.025,2.5,EtnaRCSC
2022-11-06 17:35:26,1.0,37.712,15.026,0.8,EtnaRCSC
2022-11-06 21:12:21,1.2,37.734,15.066,4.2,EtnaRCSC
2022-11-06 22:02:00,1.5,37.745,14.942,2.9,EtnaRCSC
2022-11-06 22:03:49,1.2,37.657,15.074,6.7,EtnaRCSC
2022-11-06 22:32:18,1.5,37.651,15.062,7.8,EtnaRCSC
2022-11-06 22:41:45,0.6,37.804,15.05,-0.4,EtnaRCSC
2022-11-06 23:32:11,1.3,37.67,15.074,6.3,EtnaRCSC
2022-11-07 05:55:30,1.2,37.762,15.155,8.7,EtnaRCSC
2022-11-07 06:24:26,1.1,37.764,15.109,10.4,EtnaRCSC
2022-11-07 22:22:38,1.7,37.76,14.746,16.9,EtnaRCSC
2022-11-07 22:23:14,1.8,37.743,14.738,14.6,EtnaRCSC
2022-11-08 04:45:16,1.1,37.735,15.057,1.8,EtnaRCSC
2022-11-08 06:05:26,1.2,37.725,14.982,6.4,EtnaRCSC
2022-11-08 07:40:24,1.2,37.748,15.053,9.3,EtnaRCSC
2022-11-08 20:23:02,0.5,37.772,15.108,1.8,EtnaRCSC
2022-11-09 09:36:02,1.1,37.683,15.079,4.2,EtnaRCSC
2022-11-10 18:42:30,1.0,37.733,14.909,4.6,EtnaRCSC
2022-11-12 05:41:46,1.6,37.788,15.097,12.0,EtnaRCSC
2022-11-12 05:46:30,1.3,37.785,15.097,13.3,EtnaRCSC
2022-11-12 10:37:14,1.0,37.855,15.166,6.8,EtnaRCSC
2022-11-13 01:00:46,1.4,37.654,14.958,9.6,EtnaRCSC
2022-11-13 17:43:10,1.3,37.761,15.02,3.9,EtnaRCSC
2022-11-14 20:09:36,1.1,37.795,15.178,5.4,EtnaRCSC
2022-11-15 00:12:05,1.2,37.746,15.002,1.7,EtnaRCSC
2022-11-15 00:14:31,1.1,37.746,15.001,1.9,EtnaRCSC
2022-11-15 00:16:17,1.1,37.747,14.998,1.9,EtnaRCSC
2022-11-15 00:17:44,1.1,37.747,15.008,2.1,EtnaRCSC
2022-11-15 00:19:42,1.4,37.743,15.001,1.7,EtnaRCSC
2022-11-15 00:21:12,0.7,37.749,14.993,-1.6,EtnaRCSC
2022-11-15 00:24:19,1.4,37.745,15.004,1.1,EtnaRCSC
2022-11-15 00:27:01,1.2,37.745,15.003,1.2,EtnaRCSC
2022-11-15 01:34:14,1.3,37.745,15.005,2.7,EtnaRCSC
2022-11-15 01:35:29,1.4,37.746,15.004,2.4,EtnaRCSC
2022-11-15 01:36:09,1.3,37.748,15.004,1.5,EtnaRCSC
2022-11-15 01:36:36,1.3,37.746,15.005,2.1,EtnaRCSC
2022-11-15 01:37:54,1.1,37.747,15.001,2.2,EtnaRCSC
2022-11-15 01:43:29,1.2,37.744,15.015,2.0,EtnaRCSC
2022-11-15 01:53:18,0.8,37.744,15.002,3.1,EtnaRCSC
2022-11-15 02:47:50,1.0,37.744,15.006,1.9,EtnaRCSC
2022-11-15 02:48:50,1.0,37.743,15.004,2.3,EtnaRCSC
2022-11-15 03:20:15,1.4,37.745,15.005,0.7,EtnaRCSC
2022-11-15 04:51:11,0.9,37.749,15.111,3.6,EtnaRCSC
2022-11-15 05:07:24,1.0,37.744,15.0,2.1,EtnaRCSC
2022-11-15 05:07:43,1.1,37.746,14.998,2.4,EtnaRCSC
2022-11-15 20:13:13,2.2,37.805,15.059,1.8,EtnaRCSC
2022-11-16 02:25:39,1.3,37.819,15.072,-1.2,EtnaRCSC
2022-11-16 10:58:17,1.2,37.857,15.17,7.8,EtnaRCSC
2022-11-16 11:47:53,1.2,37.851,15.174,7.9,EtnaRCSC
2022-11-16 13:39:31,1.1,37.817,15.075,0.3,EtnaRCSC
2022-11-19 00:30:49,0.9,37.807,15.05,-0.1,EtnaRCSC
2022-11-19 00:30:58,1.3,37.805,15.056,-0.1,EtnaRCSC
2022-11-19 00:31:27,1.0,37.808,15.048,-0.4,EtnaRCSC
2022-11-19 02:59:51,0.8,37.81,15.051,-0.3,EtnaRCSC
2022-11-19 03:00:00,1.1,37.81,15.051,-0.3,EtnaRCSC
2022-11-23 08:08:47,1.2,37.747,15.04,1.5,EtnaRCSC
2022-11-25 04:47:06,1.7,37.817,15.064,-1.5,EtnaRCSC
2022-11-25 04:49:53,1.8,37.81,15.064,-0.8,EtnaRCSC
2022-11-25 04:51:18,0.5,37.819,15.068,-1.4,EtnaRCSC
2022-11-25 05:49:51,1.8,37.885,14.979,29.6,EtnaRCSC
2022-11-25 09:38:00,1.7,37.813,14.849,30.9,EtnaRCSC
2022-11-25 09:39:21,2.3,37.855,14.915,26.8,EtnaRCSC
2022-11-25 17:02:33,1.4,37.709,15.087,8.4,EtnaRCSC
2022-11-26 08:17:33,1.2,37.744,15.035,5.8,EtnaRCSC
2022-11-28 03:17:30,0.9,37.668,15.102,1.6,EtnaRCSC
2022-11-28 07:44:28,1.0,37.792,14.919,4.2,EtnaRCSC
2022-11-28 07:53:15,1.0,37.796,14.923,3.4,EtnaRCSC
2022-11-28 14:45:41,1.1,37.734,15.055,3.4,EtnaRCSC
2022-11-28 14:57:14,1.8,37.831,14.935,28.5,EtnaRCSC
2022-11-28 15:44:11,0.5,37.802,15.042,-0.2,EtnaRCSC
2022-11-28 19:57:23,1.9,37.846,14.855,31.5,EtnaRCSC
2022-11-29 00:21:53,1.1,37.722,14.724,4.7,EtnaRCSC
2022-11-29 00:42:16,1.3,37.741,15.121,18.7,EtnaRCSC
2022-11-29 02:58:12,1.1,37.785,15.145,7.6,EtnaRCSC
2022-11-29 10:26:16,1.3,37.764,15.166,9.0,EtnaRCSC
2022-11-29 11:46:25,1.0,37.765,15.165,9.8,EtnaRCSC
2022-11-29 14:24:06,0.4,37.803,15.039,-0.3,EtnaRCSC
2022-11-30 00:51:44,1.5,37.801,15.024,9.9,EtnaRCSC
2022-11-30 13:18:23,1.1,37.851,15.037,14.5,EtnaRCSC
2022-11-30 13:50:43,1.0,37.848,15.034,14.5,EtnaRCSC
2022-12-01 01:18:23,1.3,37.803,14.843,6.9,EtnaRCSC
2022-12-01 12:32:58,1.5,37.72,14.931,7.9,EtnaRCSC
2022-12-01 15:19:42,1.4,37.745,15.052,10.9,EtnaRCSC
2022-12-02 00:37:07,0.8,37.674,15.031,0.2,EtnaRCSC
2022-12-02 10:10:13,1.4,37.717,14.971,7.5,EtnaRCSC
2022-12-02 21:05:15,1.3,37.643,14.989,8.0,EtnaRCSC
2022-12-02 21:14:06,0.9,37.757,15.151,5.3,EtnaRCSC
2022-12-02 21:19:03,1.0,37.754,15.135,6.4,EtnaRCSC
2022-12-03 00:49:39,1.4,37.637,14.992,10.8,EtnaRCSC
2022-12-03 10:54:18,1.6,37.746,15.158,6.8,EtnaRCSC
2022-12-04 04:25:24,0.8,37.799,15.057,0.2,EtnaRCSC
2022-12-04 14:27:51,0.9,37.754,15.148,4.0,EtnaRCSC
2022-12-05 11:36:33,1.4,37.76,15.083,3.4,EtnaRCSC
2022-12-05 15:10:26,0.9,37.754,15.089,2.4,EtnaRCSC
2022-12-06 05:28:32,1.0,37.741,15.156,6.3,EtnaRCSC
2022-12-06 15:26:03,1.1,37.725,15.061,7.5,EtnaRCSC
2022-12-07 07:11:42,2.5,37.746,15.162,8.4,EtnaRCSC
2022-12-07 07:14:37,1.4,37.715,15.207,5.7,EtnaRCSC
2022-12-07 07:19:41,1.4,37.743,15.181,7.9,EtnaRCSC
2022-12-07 09:22:07,1.5,37.735,15.181,8.6,EtnaRCSC
2022-12-08 03:02:57,2.5,37.566,14.854,2.5,EtnaRCSC
2022-12-08 05:29:34,1.0,37.677,14.943,5.8,EtnaRCSC
2022-12-08 11:47:38,1.6,37.674,15.174,8.9,EtnaRCSC
2022-12-08 14:04:44,1.1,37.747,15.065,3.2,EtnaRCSC
2022-12-08 16:18:37,1.5,37.553,14.853,9.3,EtnaRCSC
2022-12-09 00:32:23,1.4,37.749,15.054,4.0,EtnaRCSC
2022-12-11 03:59:23,1.6,37.759,14.761,16.6,EtnaRCSC
2022-12-11 15:30:02,0.8,37.802,15.036,0.1,EtnaRCSC
2022-12-12 03:30:13,1.3,37.718,14.961,6.4,EtnaRCSC
2022-12-12 04:58:26,1.3,37.745,15.151,8.0,EtnaRCSC
2022-12-12 05:15:46,1.2,37.877,15.039,10.2,EtnaRCSC
2022-12-12 08:09:56,1.2,37.678,14.933,-0.6,EtnaRCSC
2022-12-12 08:41:02,2.0,37.89,14.933,27.2,EtnaRCSC
2022-12-12 10:30:15,1.7,37.894,14.942,27.0,EtnaRCSC
2022-12-13 04:34:10,0.9,37.65,14.833,6.0,EtnaRCSC
2022-12-14 01:26:19,0.8,37.819,15.044,-0.6,EtnaRCSC
2022-12-14 03:37:39,1.3,37.675,14.904,-1.3,EtnaRCSC
2022-12-14 12:07:21,1.1,37.747,15.036,3.9,EtnaRCSC
2022-12-16 12:34:55,1.5,37.649,14.952,9.2,EtnaRCSC
2022-12-16 14:35:01,1.1,37.749,15.05,3.0,EtnaRCSC
2022-12-16 19:12:11,1.3,37.635,14.962,9.3,EtnaRCSC
2022-12-17 04:52:59,1.0,37.684,14.991,3.6,EtnaRCSC
2022-12-17 20:33:57,1.3,37.753,15.083,7.3,EtnaRCSC
2022-12-17 21:24:04,1.3,37.66,15.159,7.1,EtnaRCSC
2022-12-18 05:04:28,1.7,37.677,14.936,-0.6,EtnaRCSC
2022-12-18 05:58:37,1.7,37.875,15.026,23.5,EtnaRCSC
2022-12-18 05:59:34,1.6,37.885,15.029,20.6,EtnaRCSC
2022-12-18 23:34:26,1.3,37.745,15.035,4.2,EtnaRCSC
2022-12-19 07:19:26,1.4,37.729,15.063,4.0,EtnaRCSC
2022-12-19 09:59:26,2.2,37.72,15.074,2.4,EtnaRCSC
2022-12-19 10:31:13,1.3,37.702,15.084,2.8,EtnaRCSC
2022-12-21 01:39:41,1.7,37.745,15.038,3.3,EtnaRCSC
2022-12-24 00:31:49,1.2,37.683,15.043,7.3,EtnaRCSC
2022-12-24 06:06:52,1.2,37.652,14.956,5.0,EtnaRCSC
2022-12-24 12:30:13,1.2,37.677,15.042,6.2,EtnaRCSC
2022-12-24 12:32:14,0.8,37.73,15.073,5.0,EtnaRCSC
2022-12-24 23:23:11,0.9,37.751,14.997,-1.6,EtnaRCSC
2022-12-24 23:32:24,1.0,37.658,14.952,5.7,EtnaRCSC
2022-12-25 04:46:58,1.5,37.782,15.207,7.5,EtnaRCSC
2022-12-25 07:50:23,1.5,37.585,15.187,16.1,EtnaRCSC
2022-12-26 01:48:53,0.7,37.749,15.046,2.1,EtnaRCSC
2022-12-26 14:20:12,1.1,37.696,15.076,9.5,EtnaRCSC
2022-12-26 15:17:43,1.2,37.698,15.219,-1.6,EtnaRCSC
2022-12-27 22:27:57,0.8,37.747,15.158,6.5,EtnaRCSC
2022-12-28 11:09:23,1.1,37.664,14.95,6.7,EtnaRCSC
2022-12-28 14:16:58,0.7,37.815,15.023,2.7,EtnaRCSC
2022-12-29 04:15:41,0.8,37.744,15.092,6.8,EtnaRCSC
2022-12-29 22:55:21,1.7,37.773,14.918,25.2,EtnaRCSC
2022-12-31 07:53:42,0.9,37.745,15.116,8.0,EtnaRCSC
2023-01-01 00:11:21,2.1,37.644,14.958,1.7,EtnaRCSC
2023-01-01 10:28:53,2.8,37.647,14.957,1.4,EtnaRCSC
2023-01-01 12:29:07,1.1,37.626,14.961,6.7,EtnaRCSC
2023-01-02 01:18:43,0.7,37.65,14.942,2.9,EtnaRCSC
2023-01-02 18:02:08,1.1,37.762,14.837,7.9,EtnaRCSC
2023-01-03 05:58:24,1.5,37.741,14.995,3.6,EtnaRCSC
2023-01-05 02:49:46,0.7,37.748,15.075,2.9,EtnaRCSC
2023-01-05 04:37:44,0.9,37.739,15.079,6.0,EtnaRCSC
2023-01-05 04:54:33,1.0,37.739,15.104,5.2,EtnaRCSC
2023-01-05 19:19:42,1.2,37.602,14.979,10.4,EtnaRCSC
2023-01-06 00:43:48,1.0,37.586,14.961,8.2,EtnaRCSC
2023-01-06 18:54:51,1.1,37.717,14.786,6.5,EtnaRCSC
2023-01-06 23:47:44,1.2,37.788,14.989,22.3,EtnaRCSC
2023-01-06 23:54:32,1.4,37.808,14.982,18.9,EtnaRCSC
2023-01-07 00:03:46,1.6,37.819,15.004,18.5,EtnaRCSC
2023-01-07 00:11:12,1.3,37.81,14.999,21.7,EtnaRCSC
2023-01-07 04:37:17,1.1,37.82,15.009,4.2,EtnaRCSC
2023-01-07 08:06:15,0.4,37.761,15.136,1.4,EtnaRCSC
2023-01-07 17:07:10,1.3,37.664,15.025,3.9,EtnaRCSC
2023-01-08 00:17:57,1.5,37.704,14.951,20.0,EtnaRCSC
2023-01-08 23:48:12,0.7,37.741,15.112,7.2,EtnaRCSC
2023-01-11 06:27:02,1.7,37.621,15.036,15.7,EtnaRCSC
2023-01-11 16:00:02,1.2,37.736,15.08,8.6,EtnaRCSC
2023-01-11 16:01:08,1.0,37.72,15.141,10.6,EtnaRCSC
2023-01-11 16:05:07,1.1,37.713,15.138,9.9,EtnaRCSC
2023-01-11 16:22:44,1.0,37.727,15.119,8.9,EtnaRCSC
2023-01-11 16:46:47,1.1,37.741,15.11,8.4,EtnaRCSC
2023-01-11 17:36:29,0.9,37.752,15.091,8.1,EtnaRCSC
2023-01-11 17:48:24,1.2,37.745,15.108,7.3,EtnaRCSC
2023-01-11 17:50:41,1.0,37.751,15.097,7.9,EtnaRCSC
2023-01-11 19:19:22,0.9,37.768,15.076,7.2,EtnaRCSC
2023-01-11 19:20:27,1.1,37.751,15.091,8.5,EtnaRCSC
2023-01-11 19:27:43,0.9,37.741,15.069,6.9,EtnaRCSC
2023-01-11 21:51:58,0.9,37.756,15.092,9.5,EtnaRCSC
2023-01-12 00:51:34,1.1,37.806,15.056,-0.4,EtnaRCSC
2023-01-12 00:51:53,0.6,37.811,15.067,-1.6,EtnaRCSC
2023-01-12 00:53:13,0.9,37.807,15.055,-0.7,EtnaRCSC
2023-01-12 14:22:40,2.3,37.65,14.864,2.1,EtnaRCSC
2023-01-12 14:40:20,1.8,37.659,14.866,-0.7,EtnaRCSC
2023-01-12 19:31:56,1.0,37.634,14.873,5.7,EtnaRCSC
2023-01-13 02:35:04,1.1,37.742,14.972,12.2,EtnaRCSC
2023-01-13 02:38:58,1.2,37.619,14.874,6.2,EtnaRCSC
2023-01-13 14:52:07,0.9,37.741,15.08,5.3,EtnaRCSC
2023-01-13 18:33:50,1.2,37.612,14.846,6.0,EtnaRCSC
2023-01-15 08:04:00,1.6,37.696,14.979,13.8,EtnaRCSC
2023-01-16 03:39:15,0.5,37.731,15.114,2.9,EtnaRCSC
2023-01-17 08:32:27,1.5,37.735,14.951,6.9,EtnaRCSC
2023-01-22 02:35:13,0.8,37.73,15.101,4.0,EtnaRCSC
2023-01-22 02:49:29,1.5,37.73,15.105,3.4,EtnaRCSC
2023-01-22 17:19:45,0.4,37.759,15.105,2.2,EtnaRCSC
2023-01-23 09:00:20,1.3,37.705,15.133,11.9,EtnaRCSC
2023-01-23 09:04:40,1.5,37.721,15.037,15.3,EtnaRCSC
2023-01-23 09:07:22,1.1,37.714,15.148,13.0,EtnaRCSC
2023-01-23 11:13:34,1.8,37.87,14.832,10.2,EtnaRCSC
2023-01-23 23:01:32,0.4,37.734,15.11,1.4,EtnaRCSC
2023-01-25 08:40:41,0.8,37.791,15.025,2.3,EtnaRCSC
2023-01-25 08:52:08,1.0,37.707,15.132,7.3,EtnaRCSC
2023-01-26 08:27:30,1.1,37.697,15.095,6.6,EtnaRCSC
2023-01-26 10:01:53,1.2,37.765,15.14,4.3,EtnaRCSC
2023-01-26 10:11:29,1.1,37.757,15.145,6.8,EtnaRCSC
2023-01-26 10:25:00,0.7,37.75,15.152,5.6,EtnaRCSC
2023-01-26 16:31:19,0.9,37.761,15.145,4.2,EtnaRCSC
2023-01-29 02:00:28,1.6,37.724,14.736,18.9,EtnaRCSC
2023-01-30 10:28:29,1.5,37.83,14.916,30.4,EtnaRCSC
2023-01-30 10:28:57,1.6,37.865,14.93,26.9,EtnaRCSC
2023-01-30 22:09:34,1.5,37.721,14.894,11.7,EtnaRCSC
2023-01-30 22:12:28,1.4,37.744,15.079,4.3,EtnaRCSC
2023-02-01 04:36:24,1.6,37.766,15.075,10.7,EtnaRCSC
2023-02-02 02:51:06,0.9,37.673,15.169,3.5,EtnaRCSC
2023-02-02 06:38:07,1.9,37.69,15.162,3.8,EtnaRCSC
2023-02-05 17:18:57,2.4,37.739,14.77,16.5,EtnaRCSC
2023-02-05 17:19:54,1.6,37.738,14.769,18.0,EtnaRCSC
2023-02-05 19:14:05,1.7,37.736,14.759,27.1,EtnaRCSC
2023-02-05 19:24:24,1.3,37.741,14.76,15.8,EtnaRCSC
2023-02-05 20:06:27,1.5,37.747,14.757,15.6,EtnaRCSC
2023-02-05 20:48:59,1.8,37.735,14.75,16.8,EtnaRCSC
2023-02-05 20:49:20,3.6,37.74,14.765,17.1,EtnaRCSC
2023-02-05 20:52:25,1.5,37.755,14.763,19.2,EtnaRCSC
2023-02-05 20:53:01,1.6,37.705,14.759,22.8,EtnaRCSC
2023-02-05 20:53:30,1.4,37.732,14.746,25.8,EtnaRCSC
2023-02-05 20:54:37,1.4,37.729,14.748,18.1,EtnaRCSC
2023-02-05 20:54:54,1.6,37.745,14.751,13.8,EtnaRCSC
2023-02-05 20:55:35,1.3,37.749,14.748,14.4,EtnaRCSC
2023-02-05 20:56:36,1.6,37.719,14.742,14.6,EtnaRCSC
2023-02-05 20:57:14,1.9,37.733,14.749,16.6,EtnaRCSC
2023-02-05 20:57:44,1.2,37.737,14.776,10.3,EtnaRCSC
2023-02-05 21:02:15,2.5,37.737,14.755,16.3,EtnaRCSC
2023-02-05 21:10:50,1.2,37.741,14.769,16.9,EtnaRCSC
2023-02-05 22:02:11,1.3,37.729,14.759,17.2,EtnaRCSC
2023-02-05 23:25:57,1.2,37.741,14.744,14.8,EtnaRCSC
2023-02-05 23:37:11,1.1,37.723,14.767,11.1,EtnaRCSC
2023-02-06 00:12:12,1.4,37.739,14.748,13.8,EtnaRCSC
2023-02-06 03:20:36,1.6,37.739,14.768,17.0,EtnaRCSC
2023-02-06 03:41:05,1.4,37.76,14.747,16.9,EtnaRCSC
2023-02-06 04:31:31,1.7,37.652,14.881,-1.6,EtnaRCSC
2023-02-06 11:13:11,0.9,37.753,14.969,5.0,EtnaRCSC
2023-02-06 14:21:36,1.8,37.705,14.773,24.4,EtnaRCSC
2023-02-07 03:55:52,1.5,37.746,14.766,17.1,EtnaRCSC
2023-02-07 12:34:19,1.0,37.73,15.075,5.7,EtnaRCSC
2023-02-07 13:58:45,1.6,37.726,14.771,16.9,EtnaRCSC
2023-02-08 19:20:36,1.3,37.805,15.264,8.3,EtnaRCSC
2023-02-12 17:09:45,1.3,37.783,15.121,11.4,EtnaRCSC
2023-02-13 02:09:06,1.3,37.72,14.986,9.8,EtnaRCSC
2023-02-13 10:22:27,1.8,37.644,14.956,0.9,EtnaRCSC
2023-02-14 14:27:28,1.9,37.863,14.869,14.8,EtnaRCSC
2023-02-14 16:11:41,0.9,37.737,15.068,1.3,EtnaRCSC
2023-02-18 07:08:39,1.2,37.632,14.988,2.4,EtnaRCSC
2023-02-18 09:25:32,1.1,37.623,15.07,-1.6,EtnaRCSC
2023-02-20 07:58:53,1.0,37.729,15.103,5.8,EtnaRCSC
2023-02-20 19:13:16,0.3,37.803,15.054,0.6,EtnaRCSC
2023-02-22 00:45:23,1.3,37.746,15.234,2.8,EtnaRCSC
2023-02-22 23:14:45,0.9,37.717,14.777,13.6,EtnaRCSC
2023-02-22 23:24:32,1.4,37.725,14.766,16.2,EtnaRCSC
2023-02-22 23:28:05,1.0,37.722,14.768,13.5,EtnaRCSC
2023-02-23 05:43:04,1.5,37.627,14.979,3.3,EtnaRCSC
2023-02-24 00:01:48,1.0,37.58,14.965,5.5,EtnaRCSC
2023-02-24 00:14:54,1.4,37.638,14.997,2.4,EtnaRCSC
2023-02-24 08:52:46,0.8,37.756,14.799,3.5,EtnaRCSC
2023-02-24 08:52:46,0.9,37.752,14.813,4.1,EtnaRCSC
2023-02-24 11:03:21,1.2,37.883,14.922,-1.6,EtnaRCSC
2023-02-24 21:04:39,1.3,37.745,14.796,8.9,EtnaRCSC
2023-02-24 23:25:58,0.6,37.666,15.031,-0.6,EtnaRCSC
2023-02-25 01:34:07,0.7,37.754,15.13,2.7,EtnaRCSC
2023-02-25 03:14:02,1.1,37.761,15.132,4.0,EtnaRCSC
2023-02-25 03:18:47,0.6,37.699,15.096,5.1,EtnaRCSC
2023-02-26 02:18:43,1.5,37.68,15.108,5.2,EtnaRCSC
2023-02-27 21:02:07,0.8,37.753,15.04,4.0,EtnaRCSC
2023-02-28 04:36:42,1.6,37.672,15.1,2.1,EtnaRCSC
2023-02-28 10:40:14,1.9,37.73,15.093,6.8,EtnaRCSC
2023-02-28 11:16:22,3.2,37.734,15.092,6.5,EtnaRCSC
2023-03-01 00:21:08,2.3,37.742,14.759,13.7,EtnaRCSC
2023-03-01 00:50:32,2.0,37.741,14.768,15.3,EtnaRCSC
2023-03-01 02:46:07,0.8,37.668,14.971,5.0,EtnaRCSC
2023-03-01 07:30:06,1.9,37.731,14.928,27.1,EtnaRCSC
2023-03-01 15:07:10,1.3,37.86,15.007,12.4,EtnaRCSC
2023-03-01 16:05:56,1.3,37.861,15.007,13.3,EtnaRCSC
2023-03-01 16:30:01,1.5,37.861,15.004,13.7,EtnaRCSC
2023-03-01 16:58:39,1.2,37.862,15.003,12.8,EtnaRCSC
2023-03-01 17:22:22,1.0,37.868,14.999,12.9,EtnaRCSC
2023-03-01 17:29:20,0.8,37.861,15.018,10.8,EtnaRCSC
2023-03-01 19:06:12,1.1,37.859,14.997,14.1,EtnaRCSC
2023-03-03 02:02:38,1.0,37.752,15.132,4.4,EtnaRCSC
2023-03-03 02:40:30,1.2,37.714,15.101,6.9,EtnaRCSC
2023-03-03 03:55:44,1.0,37.751,15.117,6.7,EtnaRCSC
2023-03-03 14:31:44,1.0,37.744,14.948,6.2,EtnaRCSC
2023-03-04 02:16:40,0.9,37.674,15.183,5.2,EtnaRCSC
2023-03-04 15:29:49,1.5,37.517,15.239,25.4,EtnaRCSC
2023-03-08 19:15:04,1.2,37.73,15.09,5.9,EtnaRCSC
2023-03-09 17:35:41,1.4,37.736,14.973,7.5,EtnaRCSC
2023-03-10 01:07:07,1.0,37.763,15.103,7.3,EtnaRCSC
2023-03-11 10:32:23,0.7,37.79,15.039,1.5,EtnaRCSC
2023-03-11 12:11:54,1.1,37.695,15.104,4.7,EtnaRCSC
2023-03-13 14:58:14,0.8,37.801,15.001,3.5,EtnaRCSC
2023-03-14 10:34:33,2.2,37.816,14.92,26.5,EtnaRCSC
2023-03-16 00:45:04,1.7,37.697,15.093,4.6,EtnaRCSC
2023-03-17 02:12:57,1.4,37.629,14.837,-0.5,EtnaRCSC
2023-03-17 08:21:29,3.0,37.896,14.935,19.9,EtnaRCSC
2023-03-17 10:03:20,2.2,37.896,14.932,19.9,EtnaRCSC
2023-03-17 22:02:19,0.8,37.744,15.105,2.2,EtnaRCSC
2023-03-18 16:09:27,1.7,37.799,14.747,24.6,EtnaRCSC
2023-03-18 16:10:04,1.9,37.793,14.714,23.3,EtnaRCSC
2023-03-19 01:00:57,1.0,37.767,15.049,5.3,EtnaRCSC
2023-03-19 08:04:04,0.9,37.77,15.097,3.1,EtnaRCSC
2023-03-19 18:35:12,1.2,37.674,15.006,4.5,EtnaRCSC
2023-03-19 20:03:28,0.8,37.781,15.049,2.0,EtnaRCSC
2023-03-20 02:04:11,0.9,37.674,15.102,2.3,EtnaRCSC
2023-03-20 03:08:08,0.6,37.751,15.122,3.7,EtnaRCSC
2023-03-21 17:54:56,1.4,37.749,15.002,0.0,EtnaRCSC
2023-03-22 03:29:39,0.8,37.674,15.111,3.6,EtnaRCSC
2023-03-22 09:59:56,1.2,37.738,15.083,5.7,EtnaRCSC
2023-03-22 10:13:33,1.3,37.73,15.099,6.0,EtnaRCSC
2023-03-22 19:09:26,1.0,37.722,15.095,5.0,EtnaRCSC
2023-03-23 03:16:28,1.1,37.892,15.071,6.5,EtnaRCSC
2023-03-23 03:52:08,0.8,37.748,15.101,4.0,EtnaRCSC
2023-03-23 04:14:10,1.0,37.684,14.969,3.5,EtnaRCSC
2023-03-23 06:41:41,1.0,37.742,15.074,5.0,EtnaRCSC
2023-03-23 07:10:23,1.0,37.758,15.084,2.3,EtnaRCSC
2023-03-23 13:41:20,1.3,37.815,15.06,8.5,EtnaRCSC
2023-03-23 14:54:01,1.2,37.777,15.125,4.5,EtnaRCSC
2023-03-23 19:32:38,1.3,37.715,15.086,5.7,EtnaRCSC
2023-03-24 16:55:33,1.3,37.871,14.9,19.2,EtnaRCSC
2023-03-24 17:04:36,1.1,37.682,15.098,-1.3,EtnaRCSC
2023-03-25 19:42:03,1.1,37.746,15.053,2.9,EtnaRCSC
2023-03-25 19:43:41,1.0,37.743,15.045,3.0,EtnaRCSC
2023-03-26 00:28:26,0.7,37.676,15.101,2.0,EtnaRCSC
2023-03-26 06:30:37,1.1,37.743,15.049,3.4,EtnaRCSC
2023-03-26 06:43:20,1.2,37.739,15.066,7.8,EtnaRCSC
2023-03-26 09:35:32,1.3,37.851,15.036,13.9,EtnaRCSC
2023-03-26 11:49:03,1.6,37.854,15.033,11.6,EtnaRCSC
2023-03-26 11:49:34,1.8,37.846,15.052,15.2,EtnaRCSC
2023-03-26 12:06:11,1.4,37.843,15.036,14.8,EtnaRCSC
2023-03-26 12:23:02,1.2,37.851,15.038,14.7,EtnaRCSC
2023-03-26 12:37:02,1.6,37.856,15.043,13.5,EtnaRCSC
2023-03-26 12:48:48,1.2,37.852,15.036,12.7,EtnaRCSC
2023-03-26 12:50:02,2.8,37.849,15.035,11.4,EtnaRCSC
2023-03-26 12:53:50,1.0,37.859,15.033,10.4,EtnaRCSC
2023-03-26 12:54:09,1.2,37.862,15.042,11.0,EtnaRCSC
2023-03-26 13:07:09,1.9,37.854,15.035,11.3,EtnaRCSC
2023-03-26 13:09:11,1.3,37.847,15.038,14.3,EtnaRCSC
2023-03-26 13:09:52,1.3,37.853,15.037,11.6,EtnaRCSC
2023-03-26 13:26:38,1.2,37.847,15.032,13.5,EtnaRCSC
2023-03-26 13:32:53,1.1,37.842,15.038,15.5,EtnaRCSC
2023-03-26 13:54:44,1.2,37.853,15.032,14.0,EtnaRCSC
2023-03-26 13:56:29,1.7,37.857,15.037,11.2,EtnaRCSC
2023-03-26 14:01:41,1.0,37.862,15.033,10.1,EtnaRCSC
2023-03-26 14:35:16,1.0,37.849,15.04,11.1,EtnaRCSC
2023-03-26 14:51:37,0.8,37.863,15.035,10.1,EtnaRCSC
2023-03-26 15:04:42,1.3,37.845,15.032,12.0,EtnaRCSC
2023-03-26 17:47:15,1.6,37.847,15.036,13.3,EtnaRCSC
2023-03-26 22:26:28,1.6,37.865,15.035,9.4,EtnaRCSC
2023-03-26 23:25:14,1.2,37.855,15.034,11.2,EtnaRCSC
2023-03-27 00:49:53,1.0,37.85,15.036,14.7,EtnaRCSC
2023-03-28 00:30:33,1.4,37.854,15.039,13.9,EtnaRCSC
2023-03-28 01:07:42,1.5,37.873,15.036,9.9,EtnaRCSC
2023-03-29 23:57:10,1.1,37.815,15.017,2.1,EtnaRCSC
2023-03-30 08:31:27,1.4,37.755,14.747,9.3,EtnaRCSC
2023-04-03 06:19:08,1.4,37.728,14.891,6.7,EtnaRCSC
2023-04-04 17:21:39,1.7,37.75,15.001,-0.6,EtnaRCSC
2023-04-05 13:08:26,1.6,37.624,15.091,10.1,EtnaRCSC
2023-04-07 04:33:27,1.2,37.856,15.038,11.3,EtnaRCSC
2023-04-08 14:42:10,0.9,37.732,15.063,3.1,EtnaRCSC
2023-04-08 14:49:49,1.0,37.73,15.069,3.5,EtnaRCSC
2023-04-08 14:51:45,1.3,37.732,15.067,3.5,EtnaRCSC
2023-04-08 14:52:20,1.3,37.732,15.065,3.5,EtnaRCSC
2023-04-08 14:56:57,1.5,37.733,15.067,3.6,EtnaRCSC
2023-04-08 14:57:51,1.0,37.73,15.066,3.5,EtnaRCSC
2023-04-08 14:58:29,1.5,37.734,15.07,3.4,EtnaRCSC
2023-04-08 14:59:26,0.9,37.731,15.063,3.1,EtnaRCSC
2023-04-08 15:00:15,1.1,37.73,15.067,3.5,EtnaRCSC
2023-04-09 01:00:20,1.2,37.728,15.081,4.4,EtnaRCSC
2023-04-09 02:52:59,0.6,37.74,15.092,4.4,EtnaRCSC
2023-04-09 14:40:02,1.3,37.705,14.914,13.1,EtnaRCSC
2023-04-09 22:11:35,1.0,37.776,15.07,3.1,EtnaRCSC
2023-04-10 02:00:25,0.7,37.783,15.065,4.2,EtnaRCSC
2023-04-10 03:14:34,1.2,37.743,15.105,7.5,EtnaRCSC
2023-04-10 03:16:02,1.3,37.743,15.106,7.3,EtnaRCSC
2023-04-10 05:37:22,1.0,37.743,15.111,6.4,EtnaRCSC
2023-04-11 18:47:18,1.1,37.729,15.089,3.8,EtnaRCSC
2023-04-11 23:18:54,1.1,37.737,15.092,4.9,EtnaRCSC
2023-04-12 00:12:34,1.7,37.731,15.057,14.7,EtnaRCSC
2023-04-12 00:14:24,1.3,37.707,15.059,16.1,EtnaRCSC
2023-04-14 23:41:26,1.4,37.729,15.054,7.3,EtnaRCSC
2023-04-14 23:41:57,1.1,37.724,15.052,8.5,EtnaRCSC
2023-04-15 03:28:53,1.0,37.721,15.151,2.4,EtnaRCSC
2023-04-15 15:51:58,1.4,37.728,14.917,6.6,EtnaRCSC
2023-04-15 17:36:29,0.8,37.732,14.916,4.6,EtnaRCSC
2023-04-16 22:36:18,-0.1,37.805,15.054,-1.3,EtnaRCSC
2023-04-16 23:05:03,1.1,37.807,15.047,-1.5,EtnaRCSC
2023-04-16 23:05:40,1.6,37.813,15.055,-1.6,EtnaRCSC
2023-04-16 23:06:23,0.8,37.802,15.055,-0.6,EtnaRCSC
2023-04-16 23:07:58,2.0,37.803,15.057,0.2,EtnaRCSC
2023-04-16 23:08:41,2.4,37.816,15.053,-1.3,EtnaRCSC
2023-04-16 23:09:07,1.6,37.808,15.053,-0.7,EtnaRCSC
2023-04-16 23:10:22,0.5,37.805,15.056,0.1,EtnaRCSC
2023-04-16 23:13:04,0.3,37.813,15.056,-0.5,EtnaRCSC
2023-04-16 23:14:21,0.2,37.805,15.057,0.2,EtnaRCSC
2023-04-16 23:16:49,0.9,37.81,15.055,-0.3,EtnaRCSC
2023-04-16 23:23:47,1.1,37.806,15.053,-0.3,EtnaRCSC
2023-04-17 00:08:54,1.0,37.808,15.055,-0.3,EtnaRCSC
2023-04-17 13:52:14,0.6,37.811,15.052,-0.8,EtnaRCSC
2023-04-17 13:52:33,0.9,37.81,15.053,-0.6,EtnaRCSC
2023-04-18 05:04:35,0.1,37.804,15.058,-0.8,EtnaRCSC
2023-04-18 16:25:06,0.2,37.824,15.067,-1.6,EtnaRCSC
2023-04-19 04:47:30,1.0,37.734,15.073,5.0,EtnaRCSC
2023-04-19 07:06:33,0.9,37.727,15.092,5.9,EtnaRCSC
2023-04-19 22:46:02,1.0,37.711,15.094,3.0,EtnaRCSC
2023-04-19 23:05:07,0.8,37.706,15.096,1.3,EtnaRCSC
2023-04-20 02:01:47,0.9,37.673,14.944,4.4,EtnaRCSC
2023-04-20 16:42:23,1.1,37.664,14.937,3.4,EtnaRCSC
2023-04-21 04:30:32,1.3,37.737,14.902,8.0,EtnaRCSC
2023-04-21 04:31:52,1.2,37.732,14.883,8.6,EtnaRCSC
2023-04-21 12:06:24,4.5,37.568,15.165,20.1,EtnaRCSC
2023-04-21 12:27:38,1.8,37.53,15.193,21.5,EtnaRCSC
2023-04-21 13:10:53,1.6,37.524,15.273,18.7,EtnaRCSC
2023-04-21 15:44:21,1.3,37.661,14.942,1.9,EtnaRCSC
2023-04-22 13:02:17,0.9,37.775,14.814,6.3,EtnaRCSC
2023-04-22 15:50:18,0.6,37.749,15.096,2.0,EtnaRCSC
2023-04-23 12:31:49,1.3,37.665,15.151,3.1,EtnaRCSC
2023-04-24 16:37:22,1.3,37.75,15.109,5.2,EtnaRCSC
2023-04-25 02:34:23,0.6,37.791,15.067,0.1,EtnaRCSC
2023-04-25 22:12:15,1.2,37.74,15.084,5.3,EtnaRCSC
2023-04-26 00:46:52,1.2,37.756,15.014,1.3,EtnaRCSC
2023-04-26 08:42:09,1.2,37.747,14.997,-1.6,EtnaRCSC
2023-04-28 13:26:11,2.0,37.812,14.917,26.6,EtnaRCSC
2023-04-29 19:01:42,1.0,37.753,15.087,4.5,EtnaRCSC
2023-04-30 12:36:20,1.1,37.714,15.07,2.1,EtnaRCSC
2023-04-30 12:37:34,1.1,37.713,15.076,3.3,EtnaRCSC
2023-05-01 15:27:52,1.6,37.689,15.111,5.9,EtnaRCSC
2023-05-02 18:08:12,0.9,37.709,15.087,3.9,EtnaRCSC
2023-05-02 20:39:02,1.1,37.75,15.049,3.8,EtnaRCSC
2023-05-03 02:21:23,1.7,37.706,14.931,20.0,EtnaRCSC
2023-05-03 18:44:17,1.3,37.762,15.096,10.8,EtnaRCSC
2023-05-04 01:48:20,1.0,37.701,14.952,4.1,EtnaRCSC
2023-05-04 05:51:04,0.6,37.749,15.081,2.0,EtnaRCSC
2023-05-04 10:28:28,0.6,37.744,15.093,2.5,EtnaRCSC
2023-05-04 20:56:37,1.2,37.733,14.979,6.3,EtnaRCSC
2023-05-04 22:39:31,2.2,37.741,15.053,4.7,EtnaRCSC
2023-05-04 22:40:59,1.2,37.74,15.051,4.8,EtnaRCSC
2023-05-04 23:25:45,1.2,37.741,15.056,5.0,EtnaRCSC
2023-05-05 04:16:43,0.3,37.819,15.06,-1.6,EtnaRCSC
2023-05-05 04:45:46,1.4,37.731,15.058,6.8,EtnaRCSC
2023-05-05 08:44:21,0.7,37.736,15.113,5.2,EtnaRCSC
2023-05-06 10:30:30,0.7,37.761,15.045,2.2,EtnaRCSC
2023-05-06 19:49:09,1.0,37.748,15.066,3.9,EtnaRCSC
2023-05-06 20:02:51,0.8,37.753,15.063,1.9,EtnaRCSC
2023-05-06 22:23:50,1.1,37.746,15.039,1.9,EtnaRCSC
2023-05-07 01:09:32,1.1,37.749,15.055,3.9,EtnaRCSC
2023-05-07 04:08:34,1.0,37.732,15.041,5.3,EtnaRCSC
2023-05-07 09:40:40,1.0,37.689,15.094,4.9,EtnaRCSC
2023-05-07 17:36:17,1.3,37.758,15.111,7.5,EtnaRCSC
2023-05-08 00:29:11,0.9,37.747,15.047,2.1,EtnaRCSC
2023-05-08 18:56:31,1.2,37.777,15.106,2.1,EtnaRCSC
2023-05-08 21:34:48,1.5,37.896,15.056,13.3,EtnaRCSC
2023-05-09 06:13:12,1.2,37.882,15.037,10.2,EtnaRCSC
2023-05-10 01:52:34,2.1,37.664,15.164,-1.6,EtnaRCSC
2023-05-10 01:53:54,2.3,37.663,15.163,-1.6,EtnaRCSC
2023-05-10 02:21:22,2.1,37.662,15.167,-1.6,EtnaRCSC
2023-05-10 23:13:14,0.9,37.731,15.107,3.5,EtnaRCSC
2023-05-10 23:52:22,0.6,37.727,15.096,3.9,EtnaRCSC
2023-05-12 02:15:52,1.1,37.718,15.214,3.2,EtnaRCSC
2023-05-12 13:40:54,2.1,37.706,15.265,2.9,EtnaRCSC
2023-05-12 19:18:59,1.0,37.738,15.073,3.2,EtnaRCSC
2023-05-13 02:26:37,0.8,37.713,15.192,4.9,EtnaRCSC
2023-05-13 12:45:16,1.6,37.576,14.939,17.2,EtnaRCSC
2023-05-15 12:58:27,1.2,37.808,14.889,16.8,EtnaRCSC
2023-05-16 22:52:55,0.8,37.716,14.814,2.4,EtnaRCSC
2023-05-17 14:11:47,1.4,37.668,15.186,1.3,EtnaRCSC
2023-05-17 16:01:55,1.7,37.742,15.059,3.0,EtnaRCSC
2023-05-18 01:22:56,3.3,37.673,15.149,-1.6,EtnaRCSC
2023-05-18 01:26:24,2.5,37.67,15.16,-1.6,EtnaRCSC
2023-05-18 01:32:45,1.6,37.667,15.157,-1.6,EtnaRCSC
2023-05-18 01:34:00,1.5,37.699,15.171,6.3,EtnaRCSC
2023-05-18 02:27:38,2.2,37.671,15.164,-1.6,EtnaRCSC
2023-05-18 02:49:46,1.4,37.672,15.149,1.5,EtnaRCSC
2023-05-18 03:12:32,1.3,37.676,15.15,1.5,EtnaRCSC
2023-05-18 04:17:31,2.3,37.667,15.169,-0.8,EtnaRCSC
2023-05-18 07:09:57,2.0,37.75,15.056,4.4,EtnaRCSC
2023-05-18 14:44:54,1.6,37.744,15.007,1.0,EtnaRCSC
2023-05-18 14:45:40,1.6,37.745,15.005,1.7,EtnaRCSC
2023-05-18 14:49:31,1.6,37.744,15.006,0.8,EtnaRCSC
2023-05-18 14:50:16,1.9,37.743,15.007,1.0,EtnaRCSC
2023-05-18 14:51:16,1.8,37.744,15.005,0.7,EtnaRCSC
2023-05-18 14:52:00,1.7,37.743,15.009,0.8,EtnaRCSC
2023-05-18 14:52:47,1.8,37.743,15.007,1.2,EtnaRCSC
2023-05-18 14:53:13,1.5,37.745,15.006,0.7,EtnaRCSC
2023-05-18 15:00:29,1.9,37.742,15.005,1.2,EtnaRCSC
2023-05-18 15:03:02,1.8,37.741,15.012,1.0,EtnaRCSC
2023-05-18 15:04:05,1.8,37.744,15.008,0.8,EtnaRCSC
2023-05-18 15:05:22,1.8,37.742,15.01,1.1,EtnaRCSC
2023-05-19 01:45:56,1.8,37.749,14.999,-0.2,EtnaRCSC
2023-05-20 05:29:42,1.6,37.743,15.054,5.7,EtnaRCSC
2023-05-21 13:03:08,0.9,37.744,14.977,-1.6,EtnaRCSC
2023-05-21 13:13:19,0.9,37.746,14.981,-1.6,EtnaRCSC
2023-05-21 16:13:17,1.0,37.751,14.983,-1.6,EtnaRCSC
2023-05-21 16:13:29,1.3,37.748,14.965,-1.6,EtnaRCSC
2023-05-21 16:38:28,1.1,37.754,15.001,-1.6,EtnaRCSC
2023-05-21 20:17:42,1.3,37.751,14.968,-1.6,EtnaRCSC
2023-05-21 20:18:55,1.0,37.761,15.009,-1.6,EtnaRCSC
2023-05-21 21:20:56,1.4,37.741,15.033,-1.1,EtnaRCSC
2023-05-22 10:30:17,0.7,37.671,14.949,3.5,EtnaRCSC
2023-05-22 12:52:11,0.9,37.749,15.117,10.2,EtnaRCSC
2023-05-22 16:58:24,0.9,37.635,14.961,10.4,EtnaRCSC
2023-05-22 17:40:54,0.8,37.638,14.956,6.6,EtnaRCSC
2023-05-22 19:46:56,1.0,37.688,15.069,6.9,EtnaRCSC
2023-05-22 23:06:18,0.4,37.756,14.982,-1.6,EtnaRCSC
2023-05-23 00:59:19,0.6,37.75,14.983,-1.6,EtnaRCSC
2023-05-23 05:09:34,0.7,37.755,14.988,-1.6,EtnaRCSC
2023-05-23 17:00:05,0.8,37.648,14.877,3.4,EtnaRCSC
2023-05-23 17:14:26,0.7,37.648,14.874,3.8,EtnaRCSC
2023-05-25 08:55:35,0.5,37.806,15.042,0.1,EtnaRCSC
2023-05-25 17:39:21,0.3,37.746,15.023,-1.6,EtnaRCSC
2023-05-25 23:32:35,0.9,37.753,15.145,3.5,EtnaRCSC
2023-05-26 01:02:04,0.7,37.728,15.142,9.2,EtnaRCSC
2023-05-26 01:08:29,0.9,37.576,15.044,6.0,EtnaRCSC
2023-05-26 09:29:15,0.7,37.709,15.088,2.4,EtnaRCSC
2023-05-27 00:47:18,1.0,37.804,15.05,-0.2,EtnaRCSC
2023-05-28 04:34:41,2.8,37.745,15.062,4.4,EtnaRCSC
2023-05-28 04:35:40,1.4,37.737,15.056,5.4,EtnaRCSC
2023-05-28 04:36:15,0.8,37.746,15.059,4.2,EtnaRCSC
2023-05-28 04:36:46,0.5,37.74,15.053,3.6,EtnaRCSC
2023-05-28 04:38:42,0.6,37.751,15.05,1.8,EtnaRCSC
2023-05-28 04:41:24,0.5,37.741,15.054,3.4,EtnaRCSC
2023-05-28 04:42:13,1.7,37.744,15.055,3.8,EtnaRCSC
2023-05-28 04:43:57,1.8,37.743,15.054,4.0,EtnaRCSC
2023-05-28 04:44:13,2.9,37.742,15.057,4.3,EtnaRCSC
2023-05-28 04:44:23,3.9,37.749,15.059,4.2,EtnaRCSC
2023-05-28 04:46:47,1.3,37.741,15.074,7.7,EtnaRCSC
2023-05-28 04:48:49,0.9,37.732,15.062,5.8,EtnaRCSC
2023-05-28 04:50:13,0.7,37.742,15.069,5.5,EtnaRCSC
2023-05-28 04:50:51,2.2,37.741,15.051,3.7,EtnaRCSC
2023-05-28 04:51:37,2.6,37.74,15.053,4.6,EtnaRCSC
2023-05-28 04:53:16,0.7,37.744,15.068,5.4,EtnaRCSC
2023-05-28 04:53:43,2.1,37.746,15.054,2.5,EtnaRCSC
2023-05-28 04:56:07,1.4,37.75,15.059,4.9,EtnaRCSC
2023-05-28 04:58:45,0.9,37.749,15.071,5.4,EtnaRCSC
2023-05-28 04:59:07,1.3,37.741,15.058,7.5,EtnaRCSC
2023-05-28 04:59:50,0.9,37.735,15.066,5.0,EtnaRCSC
2023-05-28 05:01:46,0.9,37.736,15.066,7.6,EtnaRCSC
2023-05-28 05:03:25,0.7,37.742,15.077,7.3,EtnaRCSC
2023-05-28 05:04:11,1.1,37.741,15.066,7.9,EtnaRCSC
2023-05-28 05:05:02,2.3,37.738,15.054,4.5,EtnaRCSC
2023-05-28 05:07:41,0.9,37.733,15.068,6.8,EtnaRCSC
2023-05-28 05:09:33,0.5,37.738,15.045,4.2,EtnaRCSC
2023-05-28 05:11:50,0.7,37.737,15.057,4.9,EtnaRCSC
2023-05-28 05:12:58,1.2,37.752,15.063,5.7,EtnaRCSC
2023-05-28 05:13:21,1.5,37.761,15.066,3.3,EtnaRCSC
2023-05-28 05:13:57,1.2,37.739,15.058,4.9,EtnaRCSC
2023-05-28 05:14:23,1.2,37.751,15.062,5.3,EtnaRCSC
2023-05-28 05:15:59,0.7,37.743,15.055,4.2,EtnaRCSC
2023-05-28 05:16:04,1.7,37.758,15.063,4.2,EtnaRCSC
2023-05-28 05:16:16,2.0,37.74,15.062,9.5,EtnaRCSC
2023-05-28 05:18:20,0.9,37.74,15.081,8.1,EtnaRCSC
2023-05-28 05:23:39,1.7,37.755,15.068,4.3,EtnaRCSC
2023-05-28 05:24:44,1.0,37.739,15.065,8.5,EtnaRCSC
2023-05-28 05:24:59,1.4,37.749,15.063,7.1,EtnaRCSC
2023-05-28 05:25:11,1.0,37.753,15.069,6.7,EtnaRCSC
2023-05-28 05:27:44,0.6,37.748,15.058,5.7,EtnaRCSC
2023-05-28 05:27:57,1.0,37.742,15.091,8.0,EtnaRCSC
2023-05-28 05:28:05,1.0,37.735,15.096,8.7,EtnaRCSC
2023-05-28 05:28:36,0.6,37.749,15.062,5.6,EtnaRCSC
2023-05-28 05:29:28,0.5,37.755,15.077,4.0,EtnaRCSC
2023-05-28 05:40:01,0.7,37.75,15.065,5.9,EtnaRCSC
2023-05-28 05:40:47,1.3,37.741,15.054,4.0,EtnaRCSC
2023-05-28 05:47:05,0.8,37.735,15.074,6.1,EtnaRCSC
2023-05-28 05:48:26,1.0,37.748,15.062,5.7,EtnaRCSC
2023-05-28 06:01:38,0.9,37.739,15.048,3.6,EtnaRCSC
2023-05-28 06:02:00,1.2,37.752,15.062,3.3,EtnaRCSC
2023-05-28 06:04:15,1.0,37.742,15.084,7.3,EtnaRCSC
2023-05-28 06:12:04,1.6,37.743,15.052,3.9,EtnaRCSC
2023-05-28 06:15:40,1.5,37.741,15.059,4.9,EtnaRCSC
2023-05-28 06:16:28,0.7,37.728,15.067,6.1,EtnaRCSC
2023-05-28 06:17:35,0.9,37.737,15.061,4.7,EtnaRCSC
2023-05-28 06:20:23,1.3,37.745,15.055,3.1,EtnaRCSC
2023-05-28 06:26:19,0.7,37.729,15.042,4.6,EtnaRCSC
2023-05-28 06:36:37,0.9,37.74,15.067,6.4,EtnaRCSC
2023-05-28 08:29:40,1.1,37.725,15.056,6.0,EtnaRCSC
2023-05-28 08:58:24,1.1,37.728,15.075,7.4,EtnaRCSC
2023-05-28 11:31:01,1.0,37.741,15.06,4.5,EtnaRCSC
2023-05-28 12:10:26,0.2,37.802,15.043,-0.3,EtnaRCSC
2023-05-28 15:20:40,0.9,37.73,15.066,5.8,EtnaRCSC
2023-05-28 15:40:48,1.3,37.752,14.985,14.9,EtnaRCSC
2023-05-28 15:47:33,1.2,37.745,14.983,15.0,EtnaRCSC
2023-05-28 19:27:17,0.7,37.75,15.068,4.4,EtnaRCSC
2023-05-28 20:30:21,1.1,37.75,15.084,7.4,EtnaRCSC
2023-05-29 00:01:13,1.1,37.746,14.95,7.5,EtnaRCSC
2023-05-29 01:48:19,0.6,37.739,15.056,2.2,EtnaRCSC
2023-05-29 05:46:07,0.8,37.744,15.067,4.5,EtnaRCSC
2023-05-29 15:01:09,0.8,37.743,15.065,5.6,EtnaRCSC
2023-05-29 15:35:40,0.6,37.757,15.106,6.7,EtnaRCSC
2023-05-29 17:11:33,-0.3,37.797,15.05,0.1,EtnaRCSC
2023-05-29 18:48:27,1.0,37.748,15.116,10.5,EtnaRCSC
2023-05-29 21:16:10,0.6,37.679,14.983,3.1,EtnaRCSC
2023-05-30 07:16:53,0.8,37.739,15.124,3.7,EtnaRCSC
2023-05-30 14:21:36,0.7,37.742,15.053,3.7,EtnaRCSC
2023-05-30 15:34:31,0.8,37.691,15.061,3.6,EtnaRCSC
2023-05-31 04:46:46,1.4,37.576,14.936,0.0,EtnaRCSC
2023-05-31 04:52:39,1.6,37.56,14.863,7.6,EtnaRCSC
2023-06-02 00:39:18,0.5,37.645,14.94,2.0,EtnaRCSC
2023-06-03 17:12:46,1.4,37.675,15.144,2.2,EtnaRCSC
2023-06-03 19:20:45,0.8,37.793,15.057,0.4,EtnaRCSC
2023-06-04 01:57:57,1.9,37.671,15.139,-1.6,EtnaRCSC
2023-06-04 15:57:33,0.3,37.808,15.06,1.7,EtnaRCSC
2023-06-04 16:24:10,2.5,37.757,14.94,17.9,EtnaRCSC
2023-06-04 16:24:58,2.3,37.769,14.945,16.1,EtnaRCSC
2023-06-04 16:26:01,2.3,37.781,14.936,18.0,EtnaRCSC
2023-06-04 16:28:21,2.7,37.764,14.931,17.6,EtnaRCSC
2023-06-04 16:31:42,1.6,37.766,14.924,17.7,EtnaRCSC
2023-06-04 16:32:23,2.0,37.765,14.939,16.8,EtnaRCSC
2023-06-04 16:32:55,2.0,37.751,14.941,17.3,EtnaRCSC
2023-06-04 16:39:46,1.8,37.773,14.932,15.6,EtnaRCSC
2023-06-04 16:43:58,2.4,37.772,14.924,16.2,EtnaRCSC
2023-06-04 16:46:01,1.9,37.757,14.925,22.5,EtnaRCSC
2023-06-04 16:47:20,1.9,37.729,14.884,26.0,EtnaRCSC
2023-06-04 16:50:01,1.7,37.75,14.949,14.2,EtnaRCSC
2023-06-04 16:59:09,1.9,37.742,14.944,22.0,EtnaRCSC
2023-06-04 17:05:13,2.4,37.75,14.953,17.0,EtnaRCSC
2023-06-04 17:10:59,1.7,37.755,14.935,20.8,EtnaRCSC
2023-06-04 17:15:46,2.4,37.774,14.925,16.9,EtnaRCSC
2023-06-04 17:18:39,2.0,37.717,14.92,21.5,EtnaRCSC
2023-06-04 17:26:57,1.9,37.745,14.936,24.2,EtnaRCSC
2023-06-04 17:33:21,1.5,37.737,14.963,19.5,EtnaRCSC
2023-06-04 17:37:16,2.2,37.754,14.941,21.7,EtnaRCSC
2023-06-04 17:44:09,1.8,37.733,14.938,23.6,EtnaRCSC
2023-06-04 17:47:37,2.0,37.734,14.935,22.0,EtnaRCSC
2023-06-04 17:50:47,2.7,37.749,14.921,21.5,EtnaRCSC
2023-06-04 18:07:01,1.6,37.749,14.921,18.4,EtnaRCSC
2023-06-04 18:15:57,1.4,37.742,14.964,12.2,EtnaRCSC
2023-06-04 18:18:29,1.3,37.745,14.954,14.6,EtnaRCSC
2023-06-04 18:22:06,2.3,37.762,14.933,18.0,EtnaRCSC
2023-06-04 18:25:22,1.8,37.714,14.915,25.0,EtnaRCSC
2023-06-04 18:32:18,1.9,37.734,14.926,21.4,EtnaRCSC
2023-06-04 18:37:10,1.8,37.753,14.926,19.3,EtnaRCSC
2023-06-04 18:38:06,2.4,37.762,14.93,17.6,EtnaRCSC
2023-06-04 18:39:36,1.6,37.76,14.941,22.4,EtnaRCSC
2023-06-04 18:42:05,2.0,37.769,14.933,16.8,EtnaRCSC
2023-06-04 18:44:44,1.9,37.733,14.932,20.1,EtnaRCSC
2023-06-04 18:54:25,1.8,37.753,14.954,19.4,EtnaRCSC
2023-06-04 18:54:40,2.3,37.747,14.935,20.3,EtnaRCSC
2023-06-04 19:01:18,1.6,37.754,14.906,22.5,EtnaRCSC
2023-06-04 19:10:03,1.5,37.767,14.953,20.0,EtnaRCSC
2023-06-04 19:13:51,2.1,37.755,14.921,17.5,EtnaRCSC
2023-06-04 19:14:37,1.9,37.701,14.963,24.5,EtnaRCSC
2023-06-04 19:19:46,2.0,37.755,14.903,20.3,EtnaRCSC
2023-06-04 19:23:47,2.2,37.76,14.917,19.3,EtnaRCSC
2023-06-04 19:31:38,1.6,37.734,14.936,22.4,EtnaRCSC
2023-06-04 19:56:02,2.0,37.747,14.937,22.8,EtnaRCSC
2023-06-04 20:28:39,1.6,37.776,14.918,16.4,EtnaRCSC
2023-06-04 21:33:27,1.9,37.741,14.922,25.9,EtnaRCSC
2023-06-04 21:39:20,1.4,37.762,14.934,15.9,EtnaRCSC
2023-06-05 00:33:09,1.0,37.674,14.973,6.1,EtnaRCSC
2023-06-05 00:41:22,1.4,37.732,14.949,17.2,EtnaRCSC
2023-06-05 00:48:06,1.4,37.753,14.915,27.7,EtnaRCSC
2023-06-05 05:14:03,1.3,37.752,14.937,13.0,EtnaRCSC
2023-06-05 08:07:10,1.7,37.747,14.898,26.5,EtnaRCSC
2023-06-06 13:20:45,0.6,37.737,15.041,0.0,EtnaRCSC
2023-06-07 02:31:58,0.7,37.747,15.068,4.6,EtnaRCSC
2023-06-07 02:53:39,0.8,37.662,14.939,5.4,EtnaRCSC
2023-06-07 03:57:48,0.7,37.816,14.883,1.3,EtnaRCSC
2023-06-08 08:55:03,0.9,37.723,15.073,8.9,EtnaRCSC
2023-06-08 14:28:24,1.1,37.762,15.084,5.4,EtnaRCSC
2023-06-08 14:40:12,1.3,37.747,15.095,5.0,EtnaRCSC
2023-06-08 23:17:47,1.2,37.797,15.093,13.9,EtnaRCSC
2023-06-08 23:18:57,1.1,37.793,15.096,15.4,EtnaRCSC
2023-06-09 17:47:55,0.8,37.742,15.031,0.1,EtnaRCSC
2023-06-09 22:39:52,0.7,37.666,14.905,4.1,EtnaRCSC
2023-06-10 02:48:05,0.9,37.673,14.888,4.0,EtnaRCSC
2023-06-10 23:50:51,0.7,37.745,15.053,4.0,EtnaRCSC
2023-06-11 00:13:24,0.8,37.743,15.058,5.6,EtnaRCSC
2023-06-13 00:55:54,0.8,37.717,15.119,4.0,EtnaRCSC
2023-06-13 01:49:22,0.8,37.716,15.114,4.1,EtnaRCSC
2023-06-14 08:02:53,0.3,37.782,15.057,-1.1,EtnaRCSC
2023-06-15 18:59:09,1.1,37.751,14.978,-0.7,EtnaRCSC
2023-06-15 19:21:53,1.8,37.753,15.05,5.0,EtnaRCSC
2023-06-16 04:33:28,2.7,37.681,15.168,7.1,EtnaRCSC
2023-06-17 06:06:20,0.7,37.794,15.039,-0.3,EtnaRCSC
2023-06-17 23:42:02,0.9,37.684,14.97,4.2,EtnaRCSC
2023-06-18 15:21:14,1.1,37.723,15.113,3.7,EtnaRCSC
2023-06-19 18:03:22,1.1,37.83,14.996,11.4,EtnaRCSC
2023-06-21 01:25:09,1.1,37.74,14.935,7.2,EtnaRCSC
2023-06-21 03:30:48,1.1,37.755,15.029,8.4,EtnaRCSC
2023-06-21 03:32:08,1.2,37.758,15.039,6.5,EtnaRCSC
2023-06-21 16:56:32,1.6,37.716,14.963,9.5,EtnaRCSC
2023-06-21 17:32:36,1.0,37.722,14.949,5.5,EtnaRCSC
2023-06-23 14:48:13,1.4,37.714,14.945,9.4,EtnaRCSC
2023-06-23 22:47:40,1.5,37.719,15.112,5.4,EtnaRCSC
2023-06-23 22:48:57,0.4,37.727,15.142,1.7,EtnaRCSC
2023-06-23 22:51:32,0.7,37.704,15.105,4.3,EtnaRCSC
2023-06-23 22:52:11,1.1,37.71,15.102,6.1,EtnaRCSC
2023-06-23 22:53:20,0.6,37.727,15.124,4.3,EtnaRCSC
2023-06-24 00:02:08,0.8,37.715,15.119,4.4,EtnaRCSC
2023-06-24 05:32:29,1.0,37.714,15.123,4.0,EtnaRCSC
2023-06-24 11:44:20,1.0,37.736,15.082,4.8,EtnaRCSC
2023-06-24 11:48:31,1.9,37.744,15.078,4.6,EtnaRCSC
2023-06-24 11:55:32,0.9,37.736,15.076,6.6,EtnaRCSC
2023-06-25 07:00:14,0.8,37.729,15.082,0.3,EtnaRCSC
2023-06-25 12:30:33,0.6,37.78,15.112,2.4,EtnaRCSC
2023-06-25 21:59:17,1.1,37.74,15.107,3.7,EtnaRCSC
2023-06-26 08:14:17,0.9,37.759,15.159,4.4,EtnaRCSC
2023-06-26 13:49:59,1.2,37.743,15.036,6.1,EtnaRCSC
2023-06-26 22:07:43,1.1,37.752,14.886,10.7,EtnaRCSC
2023-06-27 00:37:30,0.9,37.677,15.08,-0.4,EtnaRCSC
2023-06-27 01:23:15,1.0,37.7,14.853,3.8,EtnaRCSC
2023-06-27 03:15:19,1.4,37.791,14.899,20.9,EtnaRCSC
2023-06-27 04:28:45,1.2,37.813,14.89,17.3,EtnaRCSC
2023-06-27 07:13:57,1.6,37.635,14.951,15.2,EtnaRCSC
2023-06-27 16:03:23,0.8,37.704,15.126,-1.6,EtnaRCSC
2023-06-27 16:03:39,1.2,37.683,15.119,6.1,EtnaRCSC
2023-06-27 16:26:32,1.4,37.695,15.112,3.0,EtnaRCSC
2023-06-27 16:27:15,1.4,37.691,15.115,3.3,EtnaRCSC
2023-06-27 16:27:45,1.9,37.686,15.115,5.2,EtnaRCSC
2023-06-27 16:28:16,1.8,37.698,15.109,3.3,EtnaRCSC
2023-06-27 16:31:51,1.2,37.662,15.108,11.0,EtnaRCSC
2023-06-27 16:34:24,1.1,37.689,15.114,3.2,EtnaRCSC
2023-06-27 16:45:12,1.5,37.678,15.114,10.4,EtnaRCSC
2023-06-27 16:51:47,1.2,37.688,15.111,4.2,EtnaRCSC
2023-06-27 17:37:38,1.0,37.684,15.12,3.6,EtnaRCSC
2023-06-27 19:32:49,1.3,37.646,15.148,14.5,EtnaRCSC
2023-06-27 22:12:46,3.1,37.706,15.105,2.3,EtnaRCSC
2023-06-27 22:17:20,0.7,37.69,15.126,3.5,EtnaRCSC
2023-06-27 22:21:12,1.2,37.652,15.124,7.4,EtnaRCSC
2023-06-27 22:23:53,1.1,37.683,15.117,6.5,EtnaRCSC
2023-06-27 22:24:20,0.9,37.689,15.127,7.2,EtnaRCSC
2023-06-27 22:26:43,0.7,37.685,15.135,5.7,EtnaRCSC
2023-06-27 22:27:05,1.3,37.674,15.116,10.8,EtnaRCSC
2023-06-27 22:30:26,1.3,37.666,15.141,13.6,EtnaRCSC
2023-06-27 22:31:29,1.5,37.675,15.131,8.7,EtnaRCSC
2023-06-27 22:39:29,1.3,37.67,15.117,8.8,EtnaRCSC
2023-06-27 22:40:52,1.5,37.683,15.118,6.7,EtnaRCSC
2023-06-27 22:41:32,1.9,37.68,15.118,10.9,EtnaRCSC
2023-06-27 22:42:29,1.3,37.653,15.127,14.2,EtnaRCSC
2023-06-27 22:44:07,1.4,37.672,15.117,9.9,EtnaRCSC
2023-06-27 23:03:52,1.5,37.673,15.125,9.3,EtnaRCSC
2023-06-27 23:11:51,0.7,37.687,15.118,4.1,EtnaRCSC
2023-06-27 23:24:05,0.9,37.683,15.125,7.1,EtnaRCSC
2023-06-27 23:35:51,0.9,37.683,15.119,5.8,EtnaRCSC
2023-06-27 23:41:20,1.5,37.665,15.144,13.0,EtnaRCSC
2023-06-27 23:48:03,1.2,37.643,15.154,14.9,EtnaRCSC
2023-06-28 01:37:28,1.5,37.695,15.103,0.5,EtnaRCSC
2023-06-28 01:38:19,1.2,37.643,15.132,13.4,EtnaRCSC
2023-06-28 01:54:35,0.9,37.687,15.097,0.3,EtnaRCSC
2023-06-28 01:56:15,1.0,37.687,15.102,2.5,EtnaRCSC
2023-06-28 01:59:44,1.3,37.66,15.14,14.2,EtnaRCSC
2023-06-28 22:32:10,1.2,37.74,14.941,14.1,EtnaRCSC
2023-06-29 15:42:52,1.4,37.674,15.11,8.3,EtnaRCSC
2023-06-29 17:29:21,2.0,37.698,15.108,2.7,EtnaRCSC
2023-06-29 17:40:01,1.1,37.657,15.102,8.8,EtnaRCSC
2023-06-29 17:46:24,1.1,37.646,15.115,8.5,EtnaRCSC
2023-06-29 17:46:41,1.1,37.732,15.115,5.0,EtnaRCSC
2023-06-29 17:51:12,1.2,37.755,14.929,16.0,EtnaRCSC
2023-06-29 18:54:34,2.5,37.702,15.103,3.1,EtnaRCSC
2023-06-29 18:57:55,1.9,37.68,15.117,6.7,EtnaRCSC
2023-06-29 19:00:53,2.1,37.703,15.105,2.9,EtnaRCSC
2023-06-29 19:46:30,0.9,37.675,15.118,7.7,EtnaRCSC
2023-06-29 19:54:16,1.7,37.659,15.139,8.5,EtnaRCSC
2023-06-29 19:55:04,1.0,37.675,15.114,6.2,EtnaRCSC
2023-06-29 20:08:19,2.9,37.698,15.104,2.8,EtnaRCSC
2023-06-29 20:12:29,0.9,37.686,15.116,4.2,EtnaRCSC
2023-06-29 20:14:15,1.3,37.668,15.108,8.3,EtnaRCSC
2023-06-29 20:19:43,2.1,37.681,15.113,10.4,EtnaRCSC
2023-06-29 20:20:46,1.2,37.659,15.107,10.6,EtnaRCSC
2023-06-29 20:25:57,1.4,37.681,15.114,5.5,EtnaRCSC
2023-06-29 20:35:05,1.0,37.668,15.106,7.1,EtnaRCSC
2023-06-29 20:40:04,1.1,37.671,15.104,9.7,EtnaRCSC
2023-06-29 20:42:27,1.0,37.673,15.105,9.0,EtnaRCSC
2023-06-29 20:49:06,1.5,37.67,15.115,10.5,EtnaRCSC
2023-06-29 21:06:17,1.0,37.683,15.099,3.3,EtnaRCSC
2023-06-29 22:02:15,1.1,37.67,15.107,9.5,EtnaRCSC
2023-06-30 08:24:18,1.3,37.691,15.133,6.0,EtnaRCSC
2023-06-30 18:46:36,1.1,37.693,15.117,10.5,EtnaRCSC
2023-06-30 19:53:17,1.1,37.735,15.059,7.6,EtnaRCSC
2023-07-02 12:14:10,1.1,37.728,14.945,6.7,EtnaRCSC
2023-07-02 19:22:53,1.0,37.738,15.07,3.6,EtnaRCSC
2023-07-03 02:03:38,1.1,37.756,15.071,3.8,EtnaRCSC
2023-07-03 04:00:18,1.3,37.751,15.065,4.2,EtnaRCSC
2023-07-03 09:58:12,0.8,37.747,15.098,3.4,EtnaRCSC
2023-07-05 04:07:11,4.1,37.802,14.727,22.3,EtnaRCSC
2023-07-05 04:08:45,3.2,37.798,14.722,15.8,EtnaRCSC
2023-07-05 04:10:41,1.9,37.812,14.729,14.2,EtnaRCSC
2023-07-05 04:11:26,1.9,37.802,14.707,23.5,EtnaRCSC
2023-07-05 04:12:13,1.7,37.809,14.74,25.1,EtnaRCSC
2023-07-05 04:13:40,1.7,37.802,14.719,18.0,EtnaRCSC
2023-07-05 04:15:14,1.7,37.797,14.716,21.0,EtnaRCSC
2023-07-05 04:23:52,1.8,37.808,14.719,27.1,EtnaRCSC
2023-07-05 04:28:22,1.8,37.798,14.724,23.9,EtnaRCSC
2023-07-05 04:30:38,1.4,37.808,14.733,28.1,EtnaRCSC
2023-07-05 04:33:12,1.5,37.79,14.736,28.0,EtnaRCSC
2023-07-05 04:53:26,1.6,37.8,14.736,27.7,EtnaRCSC
2023-07-05 05:06:10,1.7,37.804,14.738,26.9,EtnaRCSC
2023-07-05 05:15:23,2.1,37.809,14.729,14.6,EtnaRCSC
2023-07-05 07:17:59,2.0,37.807,14.73,27.8,EtnaRCSC
2023-07-05 09:18:32,2.3,37.796,14.725,21.7,EtnaRCSC
2023-07-05 10:03:40,1.9,37.798,14.723,22.4,EtnaRCSC
2023-07-05 10:22:15,1.5,37.784,14.733,28.2,EtnaRCSC
2023-07-05 11:38:11,1.8,37.807,14.727,29.1,EtnaRCSC
2023-07-05 15:18:44,1.7,37.803,14.731,25.0,EtnaRCSC
2023-07-05 17:50:09,1.7,37.799,14.733,25.4,EtnaRCSC
2023-07-06 20:10:41,1.1,37.736,15.05,3.1,EtnaRCSC
2023-07-07 02:14:36,0.7,37.735,15.099,3.6,EtnaRCSC
2023-07-07 03:10:39,0.9,37.658,15.086,-1.6,EtnaRCSC
2023-07-08 10:04:04,0.9,37.731,15.152,6.3,EtnaRCSC
2023-07-08 20:27:49,1.2,37.704,15.005,3.7,EtnaRCSC
2023-07-08 20:27:49,1.3,37.694,15.004,5.7,EtnaRCSC
2023-07-08 21:37:19,0.9,37.808,14.936,4.4,EtnaRCSC
2023-07-09 03:38:23,1.1,37.888,15.061,13.1,EtnaRCSC
2023-07-09 15:08:10,1.0,37.729,15.095,6.0,EtnaRCSC
2023-07-10 16:53:14,1.3,37.752,15.026,4.0,EtnaRCSC
2023-07-10 17:55:04,1.1,37.752,15.03,3.4,EtnaRCSC
2023-07-13 21:28:42,1.0,37.754,14.817,3.6,EtnaRCSC
2023-07-14 11:49:22,0.6,37.815,15.065,-1.6,EtnaRCSC
2023-07-14 12:39:55,1.0,37.813,15.065,-1.0,EtnaRCSC
2023-07-14 15:31:20,1.0,37.688,15.087,1.7,EtnaRCSC
2023-07-14 23:03:09,1.4,37.761,15.259,8.9,EtnaRCSC
2023-07-15 10:16:09,1.7,37.764,15.229,9.7,EtnaRCSC
2023-07-16 01:10:00,1.2,37.711,14.977,7.2,EtnaRCSC
2023-07-16 10:11:15,1.0,37.682,15.055,7.7,EtnaRCSC
2023-07-16 12:22:17,1.4,37.652,15.015,4.2,EtnaRCSC
2023-07-16 13:29:23,2.3,37.804,14.957,21.9,EtnaRCSC
2023-07-16 13:30:05,1.7,37.754,14.964,24.1,EtnaRCSC
2023-07-16 13:32:10,1.7,37.789,14.953,29.9,EtnaRCSC
2023-07-16 16:16:30,1.2,37.749,15.029,5.8,EtnaRCSC
2023-07-16 16:48:39,0.7,37.686,15.149,1.8,EtnaRCSC
2023-07-16 23:11:19,0.6,37.804,15.04,-0.1,EtnaRCSC
2023-07-17 03:25:32,0.8,37.756,15.013,0.1,EtnaRCSC
2023-07-17 17:12:49,1.7,37.741,15.071,3.4,EtnaRCSC
2023-07-17 17:47:56,1.1,37.738,15.074,4.4,EtnaRCSC
2023-07-17 17:52:17,1.1,37.726,15.079,6.6,EtnaRCSC
2023-07-17 21:47:40,1.6,37.742,15.082,6.9,EtnaRCSC
2023-07-18 05:21:50,0.8,37.751,15.024,-1.4,EtnaRCSC
2023-07-18 17:48:39,0.8,37.765,14.833,4.7,EtnaRCSC
2023-07-18 20:15:39,1.0,37.742,15.068,5.0,EtnaRCSC
2023-07-21 03:35:56,1.0,37.757,15.142,7.2,EtnaRCSC
2023-07-21 05:08:11,1.3,37.683,15.112,4.0,EtnaRCSC
2023-07-21 05:28:13,1.1,37.67,15.111,8.7,EtnaRCSC
2023-07-21 17:51:49,2.0,37.668,15.176,5.7,EtnaRCSC
2023-07-21 18:38:34,0.8,37.752,14.997,-1.6,EtnaRCSC
2023-07-21 19:49:31,1.1,37.682,15.111,6.0,EtnaRCSC
2023-07-21 20:48:37,1.0,37.657,15.17,5.1,EtnaRCSC
2023-07-21 23:14:36,1.3,37.832,15.088,7.7,EtnaRCSC
2023-07-22 04:20:45,0.9,37.755,15.112,5.2,EtnaRCSC
2023-07-23 15:01:07,1.4,37.73,14.954,6.7,EtnaRCSC
2023-07-23 15:07:27,1.7,37.731,14.955,6.4,EtnaRCSC
2023-07-24 02:55:44,2.5,37.727,15.072,3.1,EtnaRCSC
2023-07-24 03:01:19,3.1,37.73,15.07,2.6,EtnaRCSC
2023-07-24 03:16:01,0.9,37.729,15.079,4.8,EtnaRCSC
2023-07-24 04:25:53,1.1,37.673,14.968,6.8,EtnaRCSC
2023-07-24 06:33:09,1.1,37.713,15.095,5.6,EtnaRCSC
2023-07-24 09:37:27,0.5,37.779,15.113,1.0,EtnaRCSC
2023-07-26 11:28:23,1.4,37.787,15.073,12.9,EtnaRCSC
2023-07-26 12:00:36,1.4,37.801,15.059,11.2,EtnaRCSC
2023-07-26 16:23:37,0.7,37.763,15.011,-1.3,EtnaRCSC
2023-07-27 22:45:32,1.3,37.82,14.787,22.8,EtnaRCSC
2023-07-27 23:51:09,0.5,37.728,15.123,1.3,EtnaRCSC
2023-07-28 01:28:29,1.2,37.754,15.032,2.4,EtnaRCSC
2023-07-28 01:50:27,1.3,37.756,15.033,2.9,EtnaRCSC
2023-07-28 06:16:38,1.0,37.741,15.103,6.6,EtnaRCSC
2023-07-28 06:53:40,1.2,37.727,15.085,5.0,EtnaRCSC
2023-07-28 17:06:32,1.1,37.726,15.084,5.7,EtnaRCSC
2023-07-29 03:26:51,1.2,37.803,14.993,10.4,EtnaRCSC
2023-07-29 04:44:19,1.3,37.741,15.067,3.8,EtnaRCSC
2023-07-31 01:18:33,1.2,37.625,14.86,8.3,EtnaRCSC
2023-07-31 18:05:14,0.7,37.756,15.099,3.8,EtnaRCSC
2023-08-01 06:49:25,1.1,37.729,15.105,6.9,EtnaRCSC
2023-08-01 19:05:22,1.1,37.745,15.033,3.8,EtnaRCSC
2023-08-01 23:56:13,1.4,37.719,14.974,5.0,EtnaRCSC
2023-08-03 05:36:59,1.3,37.714,15.098,5.5,EtnaRCSC
2023-08-03 10:28:45,1.0,37.742,15.101,5.1,EtnaRCSC
2023-08-03 16:03:12,0.7,37.667,14.946,2.2,EtnaRCSC
2023-08-04 07:19:24,0.9,37.777,15.105,3.3,EtnaRCSC
2023-08-04 09:08:17,1.4,37.767,15.086,15.5,EtnaRCSC
2023-08-05 06:24:31,1.3,37.731,15.134,7.6,EtnaRCSC
2023-08-05 21:54:00,0.9,37.788,15.116,3.2,EtnaRCSC
2023-08-06 02:39:15,1.2,37.873,15.166,17.4,EtnaRCSC
2023-08-06 06:31:24,1.2,37.751,14.995,8.5,EtnaRCSC
2023-08-06 18:37:58,1.0,37.812,15.172,9.4,EtnaRCSC
2023-08-07 01:20:13,1.0,37.698,14.994,5.1,EtnaRCSC
2023-08-07 05:31:44,1.1,37.859,15.196,20.4,EtnaRCSC
2023-08-08 09:52:55,1.1,37.75,14.936,5.0,EtnaRCSC
2023-08-08 15:42:08,0.5,37.802,15.045,-1.6,EtnaRCSC
2023-08-08 15:42:33,1.2,37.803,15.043,-1.6,EtnaRCSC
2023-08-08 21:49:03,0.8,37.754,14.824,5.4,EtnaRCSC
2023-08-10 18:41:19,1.2,37.74,15.109,5.3,EtnaRCSC
2023-08-11 03:49:07,1.3,37.689,15.077,3.0,EtnaRCSC
2023-08-11 14:00:47,1.1,37.744,15.004,1.5,EtnaRCSC
2023-08-11 16:59:22,1.0,37.77,15.089,9.0,EtnaRCSC
2023-08-12 20:54:45,0.9,37.731,15.094,5.2,EtnaRCSC
2023-08-14 13:22:10,1.3,37.892,14.91,36.7,EtnaRCSC
2023-08-14 20:51:26,1.1,37.756,15.116,4.1,EtnaRCSC
2023-08-14 21:04:26,1.3,37.754,15.11,4.3,EtnaRCSC
2023-08-14 21:17:08,0.9,37.754,15.118,3.7,EtnaRCSC
2023-08-14 21:18:46,1.0,37.748,15.114,3.7,EtnaRCSC
2023-08-15 03:22:23,1.2,37.668,15.108,7.5,EtnaRCSC
2023-08-15 10:51:06,0.9,37.755,15.119,2.8,EtnaRCSC
2023-08-15 16:25:08,0.8,37.713,15.115,5.2,EtnaRCSC
2023-08-17 17:34:16,1.7,37.864,14.705,10.8,EtnaRCSC
2023-08-17 19:33:24,2.1,37.866,14.712,9.3,EtnaRCSC
2023-08-18 16:37:36,1.2,37.75,14.931,6.3,EtnaRCSC
2023-08-19 11:10:57,2.5,37.872,14.708,12.2,EtnaRCSC
2023-08-19 11:32:42,1.6,37.864,14.708,14.0,EtnaRCSC
2023-08-21 21:52:19,1.2,37.736,15.087,6.2,EtnaRCSC
2023-08-21 23:14:24,1.4,37.862,15.155,16.1,EtnaRCSC
2023-08-21 23:17:09,2.1,37.878,15.15,15.7,EtnaRCSC
2023-08-21 23:17:50,1.0,37.873,15.16,13.9,EtnaRCSC
2023-08-21 23:19:23,1.5,37.851,15.174,17.4,EtnaRCSC
2023-08-21 23:22:12,1.4,37.855,15.164,16.9,EtnaRCSC
2023-08-21 23:22:47,1.3,37.837,15.199,18.4,EtnaRCSC
2023-08-21 23:43:38,1.1,37.871,15.162,15.3,EtnaRCSC
2023-08-21 23:45:24,2.6,37.88,15.154,15.7,EtnaRCSC
2023-08-21 23:51:08,1.3,37.848,15.187,18.5,EtnaRCSC
2023-08-21 23:56:09,1.3,37.865,15.181,15.2,EtnaRCSC
2023-08-22 03:54:44,1.7,37.872,15.17,14.4,EtnaRCSC
2023-08-22 04:32:21,1.2,37.848,15.196,19.2,EtnaRCSC
2023-08-22 07:21:31,1.5,37.86,15.173,17.4,EtnaRCSC
2023-08-22 12:23:52,0.7,37.688,14.817,1.8,EtnaRCSC
2023-08-23 12:30:00,1.5,37.653,15.064,11.2,EtnaRCSC
2023-08-23 12:31:43,1.5,37.668,15.066,11.2,EtnaRCSC
2023-08-23 12:39:16,1.5,37.69,15.047,15.6,EtnaRCSC
2023-08-23 12:47:11,1.5,37.67,15.064,9.4,EtnaRCSC
2023-08-23 16:25:34,1.4,37.786,15.063,12.6,EtnaRCSC
2023-08-23 16:26:18,1.7,37.793,15.07,11.5,EtnaRCSC
2023-08-24 04:24:38,1.3,37.851,15.168,17.7,EtnaRCSC
2023-08-24 09:30:39,0.5,37.759,15.09,2.2,EtnaRCSC
2023-08-24 09:56:52,1.1,37.75,15.043,7.5,EtnaRCSC
2023-08-24 18:00:29,1.3,37.856,15.181,17.6,EtnaRCSC
2023-08-25 19:36:55,1.3,37.878,15.143,13.2,EtnaRCSC
2023-08-25 21:08:33,1.0,37.871,15.137,9.5,EtnaRCSC
2023-08-26 23:02:10,0.8,37.742,15.064,5.0,EtnaRCSC
2023-08-28 12:48:33,1.1,37.73,14.934,4.6,EtnaRCSC
2023-08-28 23:21:49,0.9,37.724,15.084,3.9,EtnaRCSC
2023-08-29 17:51:59,2.0,37.679,14.982,12.6,EtnaRCSC
2023-08-29 17:56:41,1.8,37.675,14.966,11.9,EtnaRCSC
2023-08-29 20:13:20,1.5,37.692,14.945,15.5,EtnaRCSC
2023-08-29 22:18:05,2.2,37.861,15.155,15.4,EtnaRCSC
2023-08-30 14:49:37,2.1,37.781,14.957,25.4,EtnaRCSC
2023-08-30 15:59:24,1.8,37.769,14.944,27.3,EtnaRCSC
2023-08-30 16:10:08,1.8,37.776,14.942,23.7,EtnaRCSC
2023-08-30 16:13:08,1.9,37.783,14.953,22.1,EtnaRCSC
2023-08-30 16:14:10,1.6,37.762,14.946,24.3,EtnaRCSC
2023-08-30 16:23:10,1.6,37.78,14.95,21.5,EtnaRCSC
2023-08-30 16:27:32,2.4,37.778,14.949,23.4,EtnaRCSC
2023-08-30 16:27:45,2.8,37.777,14.958,24.1,EtnaRCSC
2023-08-30 16:27:59,2.9,37.766,14.94,20.8,EtnaRCSC
2023-08-30 16:32:16,1.8,37.759,14.936,22.2,EtnaRCSC
2023-08-30 16:52:55,1.8,37.77,14.953,24.6,EtnaRCSC
2023-08-30 17:59:05,1.7,37.778,14.95,22.2,EtnaRCSC
2023-08-30 21:28:54,1.4,37.77,14.941,21.8,EtnaRCSC
2023-08-31 03:08:34,1.2,37.806,15.045,-0.5,EtnaRCSC
2023-09-01 07:10:22,1.8,37.769,14.874,20.9,EtnaRCSC
2023-09-01 09:08:33,1.4,37.78,14.888,19.8,EtnaRCSC
2023-09-01 09:15:12,2.3,37.79,14.885,17.9,EtnaRCSC
2023-09-01 09:31:21,1.5,37.79,14.882,17.0,EtnaRCSC
2023-09-01 11:08:07,1.9,37.795,14.872,17.5,EtnaRCSC
2023-09-01 20:03:40,1.3,37.74,15.106,6.6,EtnaRCSC
2023-09-01 20:53:13,1.4,37.688,15.036,4.5,EtnaRCSC
2023-09-01 20:55:14,1.2,37.702,15.015,5.5,EtnaRCSC
2023-09-01 20:56:11,1.4,37.698,15.03,2.5,EtnaRCSC
2023-09-02 07:21:17,1.3,37.849,15.178,16.8,EtnaRCSC
2023-09-02 23:45:13,1.1,37.667,15.042,5.5,EtnaRCSC
2023-09-04 22:10:46,1.1,37.737,15.046,3.3,EtnaRCSC
2023-09-04 22:21:18,1.1,37.731,15.074,5.1,EtnaRCSC
2023-09-05 23:48:42,1.0,37.74,15.06,4.1,EtnaRCSC
2023-09-05 23:51:59,1.8,37.747,15.044,3.7,EtnaRCSC
2023-09-05 23:59:42,1.7,37.745,15.047,3.9,EtnaRCSC
2023-09-06 00:41:46,1.7,37.741,15.049,3.9,EtnaRCSC
2023-09-06 01:16:05,1.2,37.738,15.053,4.0,EtnaRCSC
2023-09-06 01:16:19,1.0,37.729,15.04,6.2,EtnaRCSC
2023-09-06 01:34:21,1.4,37.743,15.047,3.5,EtnaRCSC
2023-09-06 01:37:33,1.1,37.725,15.046,6.3,EtnaRCSC
2023-09-06 01:38:10,1.3,37.734,15.047,4.4,EtnaRCSC
2023-09-06 02:39:21,1.2,37.735,15.048,4.3,EtnaRCSC
2023-09-06 17:15:53,1.1,37.73,15.057,5.0,EtnaRCSC
2023-09-06 17:30:43,1.5,37.709,15.095,11.9,EtnaRCSC
2023-09-06 17:33:05,1.5,37.738,15.045,4.1,EtnaRCSC
2023-09-06 17:33:44,1.2,37.733,15.057,5.4,EtnaRCSC
2023-09-06 20:39:56,1.4,37.744,15.049,2.9,EtnaRCSC
2023-09-08 00:24:12,0.8,37.74,15.084,2.9,EtnaRCSC
2023-09-08 09:19:24,1.3,37.767,15.109,7.6,EtnaRCSC
2023-09-08 15:04:18,0.9,37.733,15.126,3.9,EtnaRCSC
2023-09-08 21:43:22,1.7,37.737,15.042,3.7,EtnaRCSC
2023-09-08 22:14:11,1.5,37.736,15.046,3.9,EtnaRCSC
2023-09-10 00:34:54,1.0,37.759,15.128,4.9,EtnaRCSC
2023-09-10 05:09:37,1.2,37.73,14.798,2.8,EtnaRCSC
2023-09-10 14:23:17,1.1,37.729,14.797,3.5,EtnaRCSC
2023-09-10 18:46:36,1.4,37.674,14.996,7.9,EtnaRCSC
2023-09-11 08:27:19,1.7,37.788,14.877,18.0,EtnaRCSC
2023-09-11 14:57:56,1.2,37.725,14.962,8.5,EtnaRCSC
2023-09-11 22:58:03,1.0,37.737,14.912,6.3,EtnaRCSC
2023-09-12 02:12:41,1.2,37.706,15.023,3.2,EtnaRCSC
2023-09-12 06:59:23,1.0,37.735,15.093,2.9,EtnaRCSC
2023-09-12 22:04:22,0.9,37.699,15.107,4.6,EtnaRCSC
2023-09-13 23:34:00,1.3,37.741,15.044,4.9,EtnaRCSC
2023-09-14 15:22:20,1.4,37.766,15.128,6.2,EtnaRCSC
2023-09-16 05:27:06,1.6,37.634,14.917,9.2,EtnaRCSC
2023-09-17 04:27:17,1.4,37.738,14.875,14.1,EtnaRCSC
2023-09-17 04:36:59,2.3,37.741,14.831,12.8,EtnaRCSC
2023-09-17 19:26:04,2.2,37.715,14.961,9.0,EtnaRCSC
2023-09-17 19:37:49,1.7,37.714,14.958,9.2,EtnaRCSC
2023-09-18 03:24:43,1.0,37.716,15.077,8.3,EtnaRCSC
2023-09-18 03:32:07,0.9,37.677,15.054,3.2,EtnaRCSC
2023-09-18 10:24:51,1.1,37.738,15.05,4.1,EtnaRCSC
2023-09-18 22:51:20,1.0,37.679,15.171,6.3,EtnaRCSC
2023-09-18 23:44:38,0.9,37.683,15.178,4.0,EtnaRCSC
2023-09-18 23:53:38,1.5,37.685,15.01,16.2,EtnaRCSC
2023-09-19 08:45:05,2.3,37.648,14.94,-1.6,EtnaRCSC
2023-09-19 11:31:10,1.7,37.648,14.933,0.4,EtnaRCSC
2023-09-19 11:38:23,2.0,37.639,14.946,-0.7,EtnaRCSC
2023-09-19 13:36:42,1.0,37.744,15.03,1.4,EtnaRCSC
2023-09-19 14:18:00,1.3,37.744,15.059,5.7,EtnaRCSC
2023-09-19 20:37:03,1.5,37.674,15.06,9.6,EtnaRCSC
2023-09-19 20:39:21,1.4,37.673,15.051,10.1,EtnaRCSC
2023-09-20 03:33:34,1.6,37.668,15.058,8.5,EtnaRCSC
2023-09-20 03:50:01,1.8,37.667,14.982,19.8,EtnaRCSC
2023-09-20 10:21:26,1.2,37.727,15.106,9.9,EtnaRCSC
2023-09-20 23:06:01,0.8,37.809,15.064,-0.7,EtnaRCSC
2023-09-20 23:06:36,0.6,37.806,15.063,-0.5,EtnaRCSC
2023-09-21 11:34:28,0.9,37.737,15.061,2.0,EtnaRCSC
2023-09-21 16:13:10,1.7,37.696,15.109,3.4,EtnaRCSC
2023-09-23 02:55:47,1.1,37.746,15.069,4.0,EtnaRCSC
2023-09-23 12:49:15,1.0,37.74,15.094,4.2,EtnaRCSC
2023-09-24 13:01:01,2.2,37.659,14.849,-1.6,EtnaRCSC
2023-09-25 01:14:12,1.8,37.703,15.075,20.0,EtnaRCSC
2023-09-25 06:57:58,1.1,37.757,15.039,3.6,EtnaRCSC
2023-09-26 00:59:55,1.3,37.788,15.074,10.6,EtnaRCSC
2023-09-26 01:36:40,1.4,37.777,15.086,11.1,EtnaRCSC
2023-09-27 16:22:17,1.5,37.652,14.849,2.1,EtnaRCSC
2023-09-27 21:38:29,1.3,37.75,15.035,6.5,EtnaRCSC
2023-09-27 21:40:33,1.1,37.753,15.029,4.3,EtnaRCSC
2023-09-27 21:56:58,1.2,37.739,15.066,6.8,EtnaRCSC
2023-09-29 03:32:52,1.6,37.64,14.815,1.7,EtnaRCSC
2023-09-29 05:24:04,1.4,37.629,14.878,3.2,EtnaRCSC
2023-09-29 06:27:46,1.5,37.705,14.97,8.1,EtnaRCSC
2023-09-30 02:23:46,1.6,37.78,15.043,19.6,EtnaRCSC
2023-09-30 02:26:12,1.9,37.788,15.042,20.3,EtnaRCSC
2023-09-30 16:39:47,1.0,37.743,15.135,7.7,EtnaRCSC
2023-10-01 02:17:05,0.7,37.732,15.095,3.1,EtnaRCSC
2023-10-01 03:50:19,2.1,37.814,14.872,26.7,EtnaRCSC
2023-10-01 20:09:13,1.3,37.794,15.053,9.6,EtnaRCSC
2023-10-02 02:14:22,1.7,37.71,14.943,18.6,EtnaRCSC
2023-10-02 02:26:04,1.6,37.71,14.938,19.6,EtnaRCSC
2023-10-02 06:57:00,0.8,37.72,15.13,10.0,EtnaRCSC
2023-10-02 08:19:39,1.3,37.731,14.918,5.9,EtnaRCSC
2023-10-03 15:36:36,1.5,37.75,14.952,7.7,EtnaRCSC
2023-10-04 01:15:07,0.9,37.762,15.021,2.4,EtnaRCSC
2023-10-04 03:55:07,0.6,37.783,15.1,-1.6,EtnaRCSC
2023-10-04 16:19:17,1.2,37.652,14.931,4.6,EtnaRCSC
2023-10-04 17:50:37,2.0,37.635,14.906,2.9,EtnaRCSC
2023-10-04 18:09:46,1.6,37.614,14.894,3.1,EtnaRCSC
2023-10-05 05:23:58,2.1,37.678,15.171,5.9,EtnaRCSC
2023-10-05 05:24:22,1.5,37.691,15.18,3.8,EtnaRCSC
2023-10-05 07:05:47,1.3,37.654,15.185,9.6,EtnaRCSC
2023-10-05 07:26:17,2.7,37.658,15.186,8.9,EtnaRCSC
2023-10-05 07:28:02,1.6,37.655,15.2,8.4,EtnaRCSC
2023-10-05 07:41:13,1.7,37.687,15.169,3.4,EtnaRCSC
2023-10-05 20:58:04,1.3,37.644,15.202,7.5,EtnaRCSC
2023-10-07 22:01:26,1.6,37.676,14.963,3.9,EtnaRCSC
2023-10-08 01:44:33,0.8,37.746,15.042,-0.5,EtnaRCSC
2023-10-09 05:52:25,1.5,37.729,15.001,7.6,EtnaRCSC
2023-10-09 16:36:41,1.0,37.761,15.033,3.5,EtnaRCSC
2023-10-09 20:15:18,0.8,37.739,15.003,0.7,EtnaRCSC
2023-10-10 13:03:42,1.0,37.747,14.999,1.0,EtnaRCSC
2023-10-10 13:05:22,1.2,37.742,14.996,1.0,EtnaRCSC
2023-10-10 13:10:06,1.3,37.747,14.989,2.2,EtnaRCSC
2023-10-10 13:13:44,1.3,37.746,15.003,0.5,EtnaRCSC
2023-10-10 13:15:36,1.0,37.746,14.996,1.6,EtnaRCSC
2023-10-10 13:17:07,1.1,37.749,14.992,1.5,EtnaRCSC
2023-10-10 13:18:43,1.2,37.749,14.997,1.4,EtnaRCSC
2023-10-10 13:22:40,1.1,37.748,14.994,2.0,EtnaRCSC
2023-10-10 13:35:00,1.2,37.751,14.991,1.6,EtnaRCSC
2023-10-13 04:58:29,1.5,37.684,15.146,15.5,EtnaRCSC
2023-10-13 16:07:13,1.4,37.752,15.023,3.8,EtnaRCSC
2023-10-14 15:46:25,1.1,37.747,14.938,3.0,EtnaRCSC
2023-10-15 17:56:23,1.2,37.838,15.106,2.4,EtnaRCSC
2023-10-16 14:27:28,1.1,37.726,15.065,4.8,EtnaRCSC
2023-10-16 17:05:47,1.8,37.758,14.959,22.3,EtnaRCSC
2023-10-16 20:56:17,1.2,37.746,15.028,7.0,EtnaRCSC
2023-10-16 22:11:28,1.3,37.75,15.023,-0.8,EtnaRCSC
2023-10-16 22:11:30,1.4,37.749,15.024,3.9,EtnaRCSC
2023-10-17 15:25:07,1.8,37.832,15.078,10.3,EtnaRCSC
2023-10-17 15:29:46,1.2,37.826,15.094,10.2,EtnaRCSC
2023-10-17 15:45:08,0.8,37.836,15.089,8.0,EtnaRCSC
2023-10-17 15:50:47,1.2,37.826,15.094,10.1,EtnaRCSC
2023-10-17 15:51:02,1.3,37.836,15.077,9.7,EtnaRCSC
2023-10-17 15:52:57,1.3,37.807,15.106,16.0,EtnaRCSC
2023-10-17 15:53:15,1.1,37.833,15.095,10.1,EtnaRCSC
2023-10-17 16:16:25,1.1,37.83,15.079,10.6,EtnaRCSC
2023-10-17 16:19:30,1.2,37.828,15.078,11.0,EtnaRCSC
2023-10-17 16:32:24,1.3,37.827,15.079,10.7,EtnaRCSC
2023-10-17 16:33:26,1.2,37.828,15.083,10.8,EtnaRCSC
2023-10-17 16:52:51,1.3,37.831,15.083,10.4,EtnaRCSC
2023-10-17 17:46:34,1.2,37.824,15.096,10.9,EtnaRCSC
2023-10-17 18:48:52,0.9,37.83,15.072,9.9,EtnaRCSC
2023-10-17 19:51:21,1.2,37.833,15.084,10.3,EtnaRCSC
2023-10-17 20:27:50,0.9,37.827,15.089,10.1,EtnaRCSC
2023-10-18 00:13:50,1.3,37.686,14.934,-1.6,EtnaRCSC
2023-10-18 02:14:59,0.9,37.682,14.937,-1.6,EtnaRCSC
2023-10-18 15:49:15,1.2,37.629,14.82,3.0,EtnaRCSC
2023-10-18 18:46:30,1.2,37.619,14.866,8.2,EtnaRCSC
2023-10-19 17:30:19,2.0,37.653,14.859,0.2,EtnaRCSC
2023-10-19 17:36:00,1.5,37.623,14.837,6.0,EtnaRCSC
2023-10-19 20:49:12,1.6,37.672,15.036,9.3,EtnaRCSC
2023-10-22 00:45:27,1.5,37.673,15.04,12.4,EtnaRCSC
2023-10-22 16:00:31,1.1,37.677,15.061,3.1,EtnaRCSC
2023-10-24 02:30:04,1.7,37.749,15.006,2.3,EtnaRCSC
2023-10-24 22:50:01,1.1,37.77,15.09,6.5,EtnaRCSC
2023-10-25 22:15:47,1.1,37.704,14.941,4.0,EtnaRCSC
2023-10-27 01:04:41,1.3,37.713,14.975,8.3,EtnaRCSC
2023-10-27 14:48:45,1.3,37.748,15.0,0.5,EtnaRCSC
2023-10-27 15:31:56,0.8,37.75,14.997,0.9,EtnaRCSC
2023-10-27 17:33:06,0.8,37.623,14.933,3.4,EtnaRCSC
2023-10-28 04:42:03,0.9,37.669,14.91,-0.3,EtnaRCSC
2023-10-29 00:55:09,1.1,37.751,14.999,1.2,EtnaRCSC
2023-10-29 13:00:31,1.6,37.728,15.095,4.2,EtnaRCSC
2023-10-29 13:10:28,0.9,37.729,15.112,3.0,EtnaRCSC
2023-10-29 13:45:53,1.2,37.763,15.201,15.0,EtnaRCSC
2023-10-29 15:03:51,2.0,37.754,15.009,1.3,EtnaRCSC
2023-10-29 15:15:33,1.1,37.67,15.094,4.3,EtnaRCSC
2023-10-29 16:51:18,1.5,37.726,15.096,4.4,EtnaRCSC
2023-10-29 16:57:38,1.8,37.725,15.094,4.3,EtnaRCSC
2023-10-29 20:12:41,0.8,37.734,15.102,3.9,EtnaRCSC
2023-10-29 22:31:27,1.7,37.722,15.096,25.5,EtnaRCSC
2023-10-30 00:02:18,1.5,37.798,14.904,21.2,EtnaRCSC
2023-10-30 02:26:40,1.6,37.74,15.036,3.3,EtnaRCSC
2023-10-30 18:23:17,0.8,37.76,15.117,4.1,EtnaRCSC
2023-10-31 03:39:25,1.3,37.816,14.929,21.6,EtnaRCSC
2023-10-31 16:51:53,1.0,37.745,15.087,4.6,EtnaRCSC
2023-10-31 23:42:42,1.0,37.743,15.091,6.0,EtnaRCSC
2023-10-31 23:44:07,1.2,37.745,15.091,3.8,EtnaRCSC
2023-10-31 23:55:12,0.8,37.753,15.1,3.8,EtnaRCSC
2023-11-01 00:56:13,1.2,37.749,15.033,4.2,EtnaRCSC
2023-11-01 02:22:06,0.9,37.755,15.003,0.9,EtnaRCSC
2023-11-02 14:07:58,1.3,37.673,15.027,4.9,EtnaRCSC
2023-11-02 15:40:00,0.6,37.702,14.95,1.4,EtnaRCSC
2023-11-02 16:36:35,0.9,37.708,14.951,0.2,EtnaRCSC
2023-11-02 18:27:46,1.1,37.747,15.0,-0.5,EtnaRCSC
2023-11-05 06:48:35,1.4,37.728,14.972,8.7,EtnaRCSC
2023-11-07 22:16:07,0.9,37.749,15.108,6.4,EtnaRCSC
2023-11-08 15:30:40,1.2,37.738,15.068,6.7,EtnaRCSC
2023-11-08 15:32:14,1.1,37.744,15.057,3.4,EtnaRCSC
2023-11-09 04:51:48,0.6,37.769,15.12,3.6,EtnaRCSC
2023-11-09 05:47:07,1.4,37.767,15.119,4.2,EtnaRCSC
2023-11-10 05:25:21,1.9,37.809,15.053,16.1,EtnaRCSC
2023-11-10 20:47:21,0.9,37.771,15.098,6.2,EtnaRCSC
2023-11-10 21:23:02,2.1,37.805,14.766,26.1,EtnaRCSC
2023-11-11 05:12:24,1.5,37.785,14.936,11.2,EtnaRCSC
2023-11-11 08:54:43,1.4,37.725,14.908,10.3,EtnaRCSC
2023-11-11 09:05:11,1.4,37.712,14.995,8.1,EtnaRCSC
2023-11-11 16:12:31,1.0,37.745,15.109,5.9,EtnaRCSC
2023-11-12 06:59:12,1.1,37.759,15.054,3.0,EtnaRCSC
2023-11-15 20:42:53,1.4,37.761,15.127,7.0,EtnaRCSC
2023-11-16 16:00:04,1.1,37.648,14.934,5.1,EtnaRCSC
2023-11-16 19:22:55,1.0,37.639,14.94,3.8,EtnaRCSC
2023-11-17 02:06:46,1.1,37.748,15.068,5.5,EtnaRCSC
2023-11-17 21:49:48,1.4,37.744,15.086,4.8,EtnaRCSC
2023-11-18 08:49:20,1.0,37.78,15.103,2.2,EtnaRCSC
2023-11-18 21:52:48,1.5,37.715,14.965,10.4,EtnaRCSC
2023-11-20 04:28:49,1.1,37.799,15.058,7.5,EtnaRCSC
2023-11-23 09:05:00,1.2,37.752,15.109,2.3,EtnaRCSC
2023-11-23 10:46:26,1.9,37.743,15.063,2.7,EtnaRCSC
2023-11-23 13:36:25,1.2,37.752,15.0,-0.4,EtnaRCSC
2023-11-23 21:34:57,1.8,37.607,15.167,19.3,EtnaRCSC
2023-11-24 13:26:28,1.8,37.649,15.121,12.4,EtnaRCSC
2023-11-24 21:14:00,1.4,37.87,15.168,12.9,EtnaRCSC
2023-11-27 02:50:51,1.7,37.862,15.223,24.2,EtnaRCSC
2023-11-27 06:33:28,1.5,37.746,15.076,7.7,EtnaRCSC
2023-11-27 15:39:40,1.1,37.747,15.099,6.1,EtnaRCSC
2023-11-27 18:40:05,0.6,37.747,15.102,4.7,EtnaRCSC
2023-11-28 00:33:42,1.3,37.768,15.038,1.9,EtnaRCSC
2023-11-29 19:14:20,1.6,37.752,14.794,8.4,EtnaRCSC
2023-11-29 22:39:05,1.2,37.756,15.035,5.0,EtnaRCSC
2023-11-30 06:52:58,2.3,37.813,15.098,-1.0,EtnaRCSC
2023-11-30 18:00:39,1.2,37.76,15.027,7.7,EtnaRCSC
2023-11-30 20:36:35,0.6,37.755,15.012,6.7,EtnaRCSC
2023-12-01 16:50:02,1.8,37.684,15.119,4.1,EtnaRCSC
2023-12-02 01:12:56,1.7,37.645,14.9,15.0,EtnaRCSC
2023-12-03 02:42:20,0.9,37.679,15.042,2.1,EtnaRCSC
2023-12-03 02:49:42,0.9,37.685,14.991,2.7,EtnaRCSC
2023-12-04 19:09:10,1.7,37.812,14.884,23.3,EtnaRCSC
2023-12-06 00:53:49,1.3,37.682,15.094,0.6,EtnaRCSC
2023-12-07 16:00:08,1.4,37.628,14.935,-1.6,EtnaRCSC
2023-12-07 16:02:34,1.5,37.621,14.889,12.0,EtnaRCSC
2023-12-07 16:40:41,1.2,37.613,14.944,6.0,EtnaRCSC
2023-12-07 17:01:18,1.6,37.649,14.908,5.8,EtnaRCSC
2023-12-08 04:17:02,1.1,37.628,14.932,-1.6,EtnaRCSC
2023-12-09 10:36:56,1.7,37.621,14.914,9.4,EtnaRCSC
2023-12-10 00:23:35,1.0,37.794,15.074,5.8,EtnaRCSC
2023-12-10 09:13:32,2.8,37.639,14.939,1.4,EtnaRCSC
2023-12-10 10:13:20,1.7,37.621,14.919,8.7,EtnaRCSC
2023-12-10 15:36:38,1.7,37.632,14.941,-1.6,EtnaRCSC
2023-12-10 20:16:45,1.4,37.673,15.15,4.8,EtnaRCSC
2023-12-10 20:19:50,1.6,37.671,15.169,3.5,EtnaRCSC
2023-12-10 20:59:43,1.2,37.755,15.139,1.9,EtnaRCSC
2023-12-10 22:39:49,2.3,37.755,15.123,6.8,EtnaRCSC
2023-12-10 22:54:39,1.9,37.756,15.128,5.6,EtnaRCSC
2023-12-11 06:02:16,1.5,37.616,14.92,9.4,EtnaRCSC
2023-12-11 11:03:08,2.9,37.817,15.071,-1.5,EtnaRCSC
2023-12-12 15:32:37,1.4,37.644,15.06,11.0,EtnaRCSC
2023-12-12 15:43:22,1.6,37.643,15.063,11.5,EtnaRCSC
2023-12-12 17:02:15,1.4,37.659,15.066,14.6,EtnaRCSC
2023-12-12 17:52:59,1.4,37.652,15.066,13.8,EtnaRCSC
2023-12-12 18:07:20,1.6,37.641,14.953,0.8,EtnaRCSC
2023-12-12 19:45:00,1.6,37.654,15.064,14.7,EtnaRCSC
2023-12-13 09:36:47,1.7,37.636,14.931,4.3,EtnaRCSC
2023-12-14 11:35:31,2.5,37.797,14.772,20.3,EtnaRCSC
2023-12-14 12:18:02,1.5,37.759,14.754,19.6,EtnaRCSC
2023-12-14 14:31:28,1.6,37.738,14.799,18.0,EtnaRCSC
2023-12-15 06:22:50,1.1,37.772,15.156,4.6,EtnaRCSC
2023-12-15 08:09:33,1.4,37.652,14.958,6.6,EtnaRCSC
2023-12-17 02:13:35,0.9,37.737,15.071,2.6,EtnaRCSC
2023-12-17 10:08:55,1.3,37.629,14.926,-1.4,EtnaRCSC
2023-12-18 22:27:26,0.9,37.677,15.106,2.9,EtnaRCSC
2023-12-20 09:30:57,1.1,37.809,15.016,3.1,EtnaRCSC
2023-12-22 17:45:51,1.0,37.765,15.031,3.9,EtnaRCSC
2023-12-22 19:04:51,1.4,37.646,14.954,14.4,EtnaRCSC
2023-12-22 19:17:50,1.3,37.646,14.93,14.9,EtnaRCSC
2023-12-22 22:40:25,1.6,37.803,14.943,20.0,EtnaRCSC
2023-12-23 09:35:47,1.3,37.713,14.975,6.9,EtnaRCSC
2023-12-23 09:58:10,1.2,37.648,14.938,6.9,EtnaRCSC
2023-12-24 15:30:33,1.1,37.792,15.115,12.4,EtnaRCSC
2023-12-24 17:25:20,1.4,37.758,15.031,4.8,EtnaRCSC
2023-12-24 21:10:38,1.6,37.636,14.935,0.5,EtnaRCSC
2023-12-24 21:53:35,0.9,37.713,15.069,3.1,EtnaRCSC
2023-12-26 03:40:44,0.7,37.762,15.115,4.2,EtnaRCSC
2023-12-27 10:25:57,1.6,37.699,15.057,7.0,EtnaRCSC
2023-12-27 10:26:40,1.4,37.679,15.071,8.4,EtnaRCSC
2023-12-27 10:32:38,1.8,37.702,15.05,8.7,EtnaRCSC
2023-12-28 18:05:40,0.8,37.799,15.213,5.5,EtnaRCSC
2023-12-28 18:10:33,1.2,37.803,15.191,4.5,EtnaRCSC
2023-12-28 19:00:56,1.4,37.796,15.267,6.7,EtnaRCSC
2023-12-28 19:23:12,1.0,37.749,15.05,4.3,EtnaRCSC
2023-12-28 19:35:56,1.4,37.799,15.25,6.2,EtnaRCSC
2023-12-28 20:07:48,1.2,37.796,15.246,5.6,EtnaRCSC
2023-12-28 20:18:50,0.9,37.8,15.248,4.1,EtnaRCSC
2023-12-28 20:32:53,1.0,37.795,15.248,4.1,EtnaRCSC
2023-12-28 21:51:03,1.3,37.801,15.243,6.0,EtnaRCSC
2023-12-30 05:35:32,1.8,37.734,15.131,10.2,EtnaRCSC
2023-12-30 05:36:18,1.4,37.715,15.128,13.2,EtnaRCSC
2023-12-30 13:31:24,0.3,37.787,15.213,3.9,EtnaRCSC
2023-12-30 13:35:55,1.0,37.818,15.283,6.4,EtnaRCSC
2023-12-30 13:47:34,0.8,37.803,15.243,5.2,EtnaRCSC
2023-12-30 16:17:50,0.8,37.793,15.25,5.9,EtnaRCSC
2023-12-31 03:53:49,0.9,37.749,15.0,-1.5,EtnaRCSC
2024-01-01 03:13:47,0.8,37.697,14.981,2.4,EtnaRCSC
2024-01-03 05:57:47,1.4,37.639,14.864,10.0,EtnaRCSC
2024-01-03 06:00:20,1.7,37.601,14.92,8.7,EtnaRCSC
2024-01-03 06:22:42,1.5,37.599,14.916,7.1,EtnaRCSC
2024-01-03 20:26:12,1.9,37.871,14.895,22.0,EtnaRCSC
2024-01-05 23:43:13,1.0,37.695,14.962,3.3,EtnaRCSC
2024-01-06 00:39:11,1.0,37.694,14.966,3.4,EtnaRCSC
2024-01-06 00:53:18,1.2,37.694,14.965,3.7,EtnaRCSC
2024-01-06 01:02:32,0.9,37.699,14.969,3.7,EtnaRCSC
2024-01-06 01:03:01,1.3,37.696,14.961,3.3,EtnaRCSC
2024-01-06 01:05:05,0.8,37.698,14.955,1.8,EtnaRCSC
2024-01-06 01:08:30,0.7,37.695,14.96,3.1,EtnaRCSC
2024-01-06 01:11:55,0.6,37.704,14.953,-0.9,EtnaRCSC
2024-01-06 02:00:30,0.8,37.692,14.968,3.9,EtnaRCSC
2024-01-06 02:01:33,0.6,37.699,14.963,2.6,EtnaRCSC
2024-01-06 02:06:27,0.7,37.693,14.963,3.4,EtnaRCSC
2024-01-06 02:07:28,0.9,37.694,14.956,2.0,EtnaRCSC
2024-01-06 02:43:52,1.2,37.693,14.962,3.2,EtnaRCSC
2024-01-07 08:45:53,1.1,37.691,14.969,3.6,EtnaRCSC
2024-01-07 08:53:34,1.1,37.688,14.972,4.2,EtnaRCSC
2024-01-07 13:50:47,1.0,37.71,14.974,3.6,EtnaRCSC
2024-01-07 14:08:19,1.0,37.702,14.995,5.3,EtnaRCSC
2024-01-08 03:50:53,1.3,37.748,15.119,6.8,EtnaRCSC
2024-01-08 19:50:27,1.4,37.699,15.133,7.2,EtnaRCSC
2024-01-08 22:19:58,1.3,37.707,15.133,5.5,EtnaRCSC
2024-01-09 06:49:53,1.4,37.649,14.994,11.1,EtnaRCSC
2024-01-09 07:15:29,0.9,37.751,15.033,1.9,EtnaRCSC
2024-01-10 02:30:55,0.8,37.761,15.127,6.3,EtnaRCSC
2024-01-11 05:51:58,1.2,37.677,14.952,11.0,EtnaRCSC
2024-01-11 23:00:45,0.5,37.806,15.04,0.9,EtnaRCSC
2024-01-13 01:32:42,1.3,37.72,14.957,8.2,EtnaRCSC
2024-01-14 03:59:40,1.4,37.743,14.861,14.3,EtnaRCSC
2024-01-14 23:34:06,1.1,37.506,14.957,19.9,EtnaRCSC
2024-01-16 07:18:24,0.8,37.681,14.967,2.8,EtnaRCSC
2024-01-17 21:50:41,1.3,37.741,14.875,14.4,EtnaRCSC
2024-01-17 22:02:28,1.4,37.748,14.871,16.0,EtnaRCSC
2024-01-17 22:05:26,1.8,37.732,14.893,16.0,EtnaRCSC
2024-01-17 22:07:33,1.7,37.74,14.889,15.1,EtnaRCSC
2024-01-17 22:35:00,1.3,37.746,14.876,13.6,EtnaRCSC
2024-01-17 22:59:47,1.7,37.733,14.894,15.1,EtnaRCSC
2024-01-17 23:16:03,1.5,37.742,14.885,16.3,EtnaRCSC
2024-01-17 23:24:35,1.6,37.742,14.897,16.1,EtnaRCSC
2024-01-18 00:32:08,1.4,37.744,14.881,14.6,EtnaRCSC
2024-01-18 00:35:43,1.5,37.748,14.883,15.8,EtnaRCSC
2024-01-18 00:45:35,1.4,37.736,14.875,14.5,EtnaRCSC
2024-01-18 00:46:34,1.6,37.739,14.891,15.8,EtnaRCSC
2024-01-18 01:08:18,1.4,37.744,14.878,14.8,EtnaRCSC
2024-01-18 01:25:26,1.3,37.743,14.869,14.0,EtnaRCSC
2024-01-18 02:28:19,1.3,37.745,14.877,14.5,EtnaRCSC
2024-01-18 02:45:31,1.7,37.737,14.891,16.2,EtnaRCSC
2024-01-18 04:45:03,2.4,37.742,14.891,15.0,EtnaRCSC
2024-01-18 05:08:14,1.8,37.741,14.881,16.8,EtnaRCSC
2024-01-18 08:17:42,1.6,37.744,14.886,17.3,EtnaRCSC
2024-01-18 23:46:35,1.3,37.737,14.878,14.9,EtnaRCSC
2024-01-18 23:47:15,1.4,37.742,14.873,14.9,EtnaRCSC
2024-01-18 23:48:07,1.4,37.742,14.873,14.7,EtnaRCSC
2024-01-20 06:55:52,1.3,37.81,15.048,10.3,EtnaRCSC
2024-01-20 08:40:07,1.0,37.746,15.091,4.4,EtnaRCSC
2024-01-20 23:37:35,1.5,37.688,14.958,11.7,EtnaRCSC
2024-01-21 01:36:11,1.1,37.757,15.063,4.8,EtnaRCSC
2024-01-21 17:52:55,1.5,37.729,15.131,9.1,EtnaRCSC
2024-01-22 00:50:49,1.3,37.724,15.046,3.6,EtnaRCSC
2024-01-22 01:05:32,1.1,37.724,15.036,3.5,EtnaRCSC
2024-01-22 10:09:55,1.6,37.842,14.861,8.8,EtnaRCSC
2024-01-23 04:26:57,1.7,37.534,15.003,20.3,EtnaRCSC
2024-01-23 09:43:11,2.2,37.601,14.903,7.8,EtnaRCSC
2024-01-23 18:49:02,2.4,37.59,14.867,10.4,EtnaRCSC
2024-01-23 20:17:59,1.3,37.745,15.047,3.9,EtnaRCSC
2024-01-24 20:22:09,0.9,37.801,15.04,0.8,EtnaRCSC
2024-01-26 19:07:35,1.3,37.625,14.938,5.6,EtnaRCSC
2024-01-27 01:04:24,0.8,37.765,15.111,3.9,EtnaRCSC
2024-01-27 05:10:51,1.1,37.719,14.945,6.8,EtnaRCSC
2024-01-27 06:33:22,1.0,37.657,15.102,1.1,EtnaRCSC
2024-01-27 14:43:23,0.9,37.746,15.054,2.7,EtnaRCSC
2024-01-28 11:03:02,1.6,37.719,14.95,7.5,EtnaRCSC
2024-01-28 20:38:28,1.2,37.741,15.072,6.5,EtnaRCSC
2024-01-29 20:49:16,1.0,37.745,15.05,3.7,EtnaRCSC
2024-01-30 19:01:20,1.2,37.687,14.962,4.9,EtnaRCSC
2024-01-31 16:52:33,1.1,37.76,14.821,5.2,EtnaRCSC
2024-01-31 23:10:07,1.5,37.639,14.856,16.0,EtnaRCSC
2024-02-01 12:31:32,1.5,37.751,15.106,7.3,EtnaRCSC
2024-02-01 16:05:07,1.2,37.727,15.096,2.0,EtnaRCSC
2024-02-01 22:56:17,0.9,37.686,14.968,3.0,EtnaRCSC
2024-02-02 03:08:38,1.4,37.616,15.029,5.1,EtnaRCSC
2024-02-02 13:02:16,1.6,37.517,15.006,15.0,EtnaRCSC
2024-02-04 03:29:34,1.0,37.696,14.968,3.5,EtnaRCSC
2024-02-06 11:33:04,0.9,37.673,15.1,1.2,EtnaRCSC
2024-02-07 01:57:59,0.8,37.688,14.983,2.1,EtnaRCSC
2024-02-11 05:26:41,1.7,37.663,14.93,16.2,EtnaRCSC
2024-02-11 14:25:50,1.5,37.672,14.928,13.6,EtnaRCSC
2024-02-12 10:15:27,1.0,37.68,14.969,4.0,EtnaRCSC
2024-02-12 11:45:34,1.5,37.762,14.805,10.3,EtnaRCSC
2024-02-13 03:39:35,1.1,37.755,15.055,1.1,EtnaRCSC
2024-02-13 05:04:39,1.0,37.752,15.066,3.7,EtnaRCSC
2024-02-14 02:23:42,1.5,37.65,14.952,12.7,EtnaRCSC
2024-02-14 02:35:39,0.6,37.646,14.922,0.2,EtnaRCSC
2024-02-14 03:18:45,1.4,37.55,14.962,14.8,EtnaRCSC
2024-02-14 21:01:09,1.4,37.731,14.965,8.9,EtnaRCSC
2024-02-16 02:47:09,0.7,37.747,15.046,2.6,EtnaRCSC
2024-02-16 14:55:56,1.1,37.749,15.054,3.7,EtnaRCSC
2024-02-16 18:09:47,1.7,37.682,14.856,17.8,EtnaRCSC
2024-02-17 02:33:54,1.3,37.724,14.989,5.6,EtnaRCSC
2024-02-17 02:47:11,1.3,37.722,14.992,5.6,EtnaRCSC
2024-02-17 02:52:07,1.2,37.723,14.968,4.9,EtnaRCSC
2024-02-17 02:52:52,1.2,37.724,14.971,5.5,EtnaRCSC
2024-02-17 02:53:28,1.1,37.719,14.97,6.3,EtnaRCSC
2024-02-17 02:53:37,1.1,37.713,14.972,7.6,EtnaRCSC
2024-02-17 18:10:07,0.8,37.701,15.098,3.0,EtnaRCSC
2024-02-18 10:48:22,0.6,37.807,15.041,1.4,EtnaRCSC
2024-02-18 16:12:03,1.3,37.726,15.078,5.5,EtnaRCSC
2024-02-18 16:20:41,1.1,37.73,15.072,4.5,EtnaRCSC
2024-02-18 16:22:35,1.8,37.735,15.063,3.6,EtnaRCSC
2024-02-18 16:23:41,1.1,37.729,15.076,5.4,EtnaRCSC
2024-02-18 16:26:44,0.9,37.733,15.068,3.3,EtnaRCSC
2024-02-18 22:35:38,0.8,37.675,15.12,5.4,EtnaRCSC
2024-02-19 07:18:11,0.5,37.805,15.053,0.1,EtnaRCSC
2024-02-19 08:07:55,1.1,37.738,15.052,8.6,EtnaRCSC
2024-02-19 08:59:15,0.8,37.741,15.029,4.7,EtnaRCSC
2024-02-19 17:48:25,0.8,37.804,15.052,-1.6,EtnaRCSC
2024-02-20 12:03:33,1.5,37.876,14.772,30.3,EtnaRCSC
2024-02-21 05:52:06,1.2,37.682,14.968,4.4,EtnaRCSC
2024-02-21 10:29:07,1.7,37.723,14.916,5.8,EtnaRCSC
2024-02-21 10:49:30,1.2,37.724,14.902,5.8,EtnaRCSC
2024-02-25 07:32:11,1.2,37.755,15.039,2.4,EtnaRCSC
2024-02-25 09:12:33,0.7,37.759,15.104,2.9,EtnaRCSC
2024-02-25 22:02:29,1.6,37.661,15.062,9.9,EtnaRCSC
2024-02-25 22:02:49,1.5,37.672,15.064,11.9,EtnaRCSC
2024-02-26 11:35:42,1.2,37.811,15.055,-1.6,EtnaRCSC
2024-02-27 20:32:52,0.8,37.745,15.102,6.2,EtnaRCSC
2024-02-29 15:24:40,2.0,37.685,15.051,8.3,EtnaRCSC
2024-02-29 23:06:08,1.4,37.681,15.045,10.3,EtnaRCSC
2024-02-29 23:43:54,1.3,37.735,14.918,6.2,EtnaRCSC
2024-02-29 23:44:15,1.3,37.73,14.919,7.4,EtnaRCSC
2024-03-03 23:27:40,1.0,37.743,15.039,4.1,EtnaRCSC
2024-03-04 17:08:29,1.6,37.737,15.034,3.6,EtnaRCSC
2024-03-04 19:50:18,1.1,37.739,15.055,4.3,EtnaRCSC
2024-03-07 01:34:56,1.0,37.691,15.027,8.3,EtnaRCSC
2024-03-07 01:35:30,1.0,37.674,15.005,5.2,EtnaRCSC
2024-03-08 04:55:57,1.9,37.732,14.863,25.4,EtnaRCSC
2024-03-08 05:27:51,1.4,37.736,14.847,24.9,EtnaRCSC
2024-03-08 14:15:27,0.7,37.661,15.1,1.2,EtnaRCSC
2024-03-08 18:05:00,1.2,37.656,15.209,7.7,EtnaRCSC
2024-03-08 18:48:18,0.6,37.76,15.045,5.0,EtnaRCSC
2024-03-08 22:48:35,0.7,37.681,14.986,5.3,EtnaRCSC
2024-03-09 17:16:25,0.6,37.798,15.049,0.0,EtnaRCSC
2024-03-09 18:08:29,1.0,37.791,15.026,2.0,EtnaRCSC
2024-03-09 20:37:31,0.8,37.743,15.056,5.2,EtnaRCSC
2024-03-09 22:24:43,0.8,37.65,14.968,4.9,EtnaRCSC
2024-03-09 22:25:05,1.0,37.68,14.973,4.3,EtnaRCSC
2024-03-10 21:57:46,1.1,37.729,14.979,9.0,EtnaRCSC
2024-03-11 02:14:26,1.6,37.823,14.977,27.7,EtnaRCSC
2024-03-11 17:14:07,1.9,37.7,15.034,5.5,EtnaRCSC
2024-03-11 21:04:16,1.1,37.751,15.022,4.5,EtnaRCSC
2024-03-12 00:24:26,0.8,37.816,15.064,-0.3,EtnaRCSC
2024-03-12 12:28:46,1.1,37.75,15.027,4.9,EtnaRCSC
2024-03-12 14:09:07,1.0,37.783,15.001,1.9,EtnaRCSC
2024-03-13 11:40:04,2.2,37.746,15.058,3.4,EtnaRCSC
2024-03-13 11:42:02,1.0,37.747,15.059,5.4,EtnaRCSC
2024-03-13 11:44:30,1.0,37.745,15.06,4.5,EtnaRCSC
2024-03-13 14:11:05,1.0,37.736,15.074,6.5,EtnaRCSC
2024-03-13 16:47:17,1.6,37.751,14.963,8.6,EtnaRCSC
2024-03-13 16:55:26,0.9,37.75,15.064,5.1,EtnaRCSC
2024-03-13 21:10:37,1.0,37.71,14.946,6.3,EtnaRCSC
2024-03-14 08:15:40,1.5,37.714,14.987,8.6,EtnaRCSC
2024-03-14 08:58:07,0.8,37.712,15.006,9.7,EtnaRCSC
2024-03-14 09:31:19,0.7,37.717,14.97,4.1,EtnaRCSC
2024-03-15 05:03:54,1.3,37.714,14.988,6.9,EtnaRCSC
2024-03-15 16:19:29,0.4,37.815,15.081,-1.6,EtnaRCSC
2024-03-16 07:12:05,0.9,37.717,15.105,6.4,EtnaRCSC
2024-03-16 08:14:25,1.3,37.681,15.122,6.1,EtnaRCSC
2024-03-16 08:15:14,0.9,37.728,14.972,8.7,EtnaRCSC
2024-03-16 12:03:35,2.2,37.697,14.913,22.3,EtnaRCSC
2024-03-16 12:41:58,1.4,37.726,14.912,20.1,EtnaRCSC
2024-03-16 13:23:12,1.7,37.681,15.079,14.4,EtnaRCSC
2024-03-16 13:58:18,1.1,37.727,14.885,11.7,EtnaRCSC
2024-03-16 20:11:34,1.5,37.725,14.84,19.7,EtnaRCSC
2024-03-16 20:26:44,1.6,37.713,14.892,21.8,EtnaRCSC
2024-03-16 20:28:42,2.0,37.706,14.906,21.5,EtnaRCSC
2024-03-17 02:02:35,0.9,37.677,15.029,4.3,EtnaRCSC
2024-03-17 10:33:07,1.0,37.756,15.044,4.7,EtnaRCSC
2024-03-17 11:20:53,1.1,37.74,15.092,5.8,EtnaRCSC
2024-03-18 07:07:02,1.2,37.84,15.006,11.1,EtnaRCSC
2024-03-18 20:21:54,0.7,37.852,15.006,10.0,EtnaRCSC
2024-03-18 20:36:56,0.8,37.659,14.972,6.2,EtnaRCSC
2024-03-19 06:59:31,1.3,37.798,15.004,16.6,EtnaRCSC
2024-03-19 09:10:52,1.2,37.844,15.021,18.9,EtnaRCSC
2024-03-19 18:07:02,1.5,37.829,15.006,12.5,EtnaRCSC
2024-03-19 18:15:58,1.3,37.828,15.008,12.4,EtnaRCSC
2024-03-19 18:48:23,1.2,37.823,15.001,11.4,EtnaRCSC
2024-03-19 21:36:58,0.9,37.734,15.109,5.9,EtnaRCSC
2024-03-20 06:18:44,1.1,37.806,15.054,-0.4,EtnaRCSC
2024-03-20 18:02:55,0.7,37.802,15.053,-0.4,EtnaRCSC
2024-03-20 22:28:14,0.9,37.803,15.052,-0.3,EtnaRCSC
2024-03-22 00:01:14,0.6,37.672,14.955,1.8,EtnaRCSC
2024-03-22 04:08:26,1.0,37.754,14.962,5.6,EtnaRCSC
2024-03-22 22:02:25,1.6,37.527,15.257,23.4,EtnaRCSC
2024-03-23 01:14:53,1.4,37.733,14.91,4.5,EtnaRCSC
2024-03-23 01:25:14,1.0,37.736,14.908,4.5,EtnaRCSC
2024-03-23 01:57:23,1.0,37.733,14.908,4.5,EtnaRCSC
2024-03-23 10:41:36,1.7,37.638,15.062,-1.6,EtnaRCSC
2024-03-24 02:43:13,1.0,37.682,15.169,3.3,EtnaRCSC
2024-03-24 11:21:22,1.3,37.677,14.982,7.5,EtnaRCSC
2024-03-25 14:08:31,0.9,37.737,15.076,4.3,EtnaRCSC
2024-03-27 00:26:19,1.2,37.892,15.059,7.2,EtnaRCSC
2024-03-27 06:26:03,1.1,37.72,14.934,1.0,EtnaRCSC
2024-03-27 16:56:55,1.2,37.752,15.176,3.8,EtnaRCSC
2024-03-28 01:25:16,1.5,37.757,15.033,5.9,EtnaRCSC
2024-03-28 18:15:34,0.7,37.755,15.002,1.3,EtnaRCSC
2024-03-29 01:26:10,1.8,37.754,14.999,2.1,EtnaRCSC
2024-03-29 23:28:21,1.3,37.723,14.992,7.7,EtnaRCSC
2024-03-31 04:29:10,0.9,37.798,15.084,-0.6,EtnaRCSC
2024-04-01 03:28:41,1.2,37.893,15.06,9.6,EtnaRCSC
2024-04-01 06:00:52,1.4,37.885,15.066,11.6,EtnaRCSC
2024-04-01 06:01:10,1.3,37.893,15.068,11.1,EtnaRCSC
2024-04-01 06:02:54,1.6,37.869,15.061,10.3,EtnaRCSC
2024-04-01 06:22:03,1.1,37.886,15.05,10.4,EtnaRCSC
2024-04-01 06:33:44,1.8,37.851,15.036,14.4,EtnaRCSC
2024-04-01 06:36:09,1.0,37.882,15.045,7.9,EtnaRCSC
2024-04-01 07:45:10,1.5,37.768,15.086,7.9,EtnaRCSC
2024-04-01 09:52:46,1.2,37.861,15.042,13.7,EtnaRCSC
2024-04-01 10:44:45,2.0,37.861,15.066,12.0,EtnaRCSC
2024-04-01 10:50:48,1.9,37.862,15.053,10.2,EtnaRCSC
2024-04-01 10:54:07,2.2,37.86,15.034,9.7,EtnaRCSC
2024-04-01 11:08:08,1.6,37.862,15.035,14.3,EtnaRCSC
2024-04-01 12:21:27,0.9,37.757,15.118,4.1,EtnaRCSC
2024-04-01 12:41:18,1.6,37.875,15.052,11.9,EtnaRCSC
2024-04-01 12:46:55,1.5,37.89,15.064,12.2,EtnaRCSC
2024-04-01 12:55:25,1.4,37.892,15.057,10.3,EtnaRCSC
2024-04-01 14:28:54,1.5,37.881,15.047,9.8,EtnaRCSC
2024-04-01 15:49:18,1.5,37.731,15.097,9.1,EtnaRCSC
2024-04-02 12:48:50,2.2,37.857,15.033,10.1,EtnaRCSC
2024-04-02 12:53:10,1.8,37.851,15.031,11.6,EtnaRCSC
2024-04-02 16:17:19,1.4,37.841,15.027,13.5,EtnaRCSC
2024-04-02 16:42:21,1.9,37.857,15.033,10.1,EtnaRCSC
2024-04-02 16:42:54,1.5,37.857,15.047,13.0,EtnaRCSC
2024-04-02 17:01:26,1.2,37.879,15.041,8.1,EtnaRCSC
2024-04-03 02:43:57,1.6,37.745,15.157,8.1,EtnaRCSC
2024-04-04 03:34:35,1.9,37.744,15.055,3.9,EtnaRCSC
2024-04-04 03:52:17,1.4,37.859,15.031,11.7,EtnaRCSC
2024-04-04 03:53:02,1.4,37.88,15.057,14.0,EtnaRCSC
2024-04-04 06:18:17,0.7,37.789,15.004,1.2,EtnaRCSC
2024-04-04 23:37:56,1.5,37.857,15.069,26.4,EtnaRCSC
2024-04-06 06:06:00,2.1,37.597,15.084,-1.6,EtnaRCSC
2024-04-06 16:33:34,1.1,37.754,14.978,-1.6,EtnaRCSC
2024-04-07 07:30:38,1.7,37.718,14.919,8.0,EtnaRCSC
2024-04-07 14:45:38,1.2,37.732,14.918,6.0,EtnaRCSC
2024-04-08 20:04:46,1.3,37.752,14.954,7.1,EtnaRCSC
2024-04-09 05:40:51,1.7,37.724,14.964,8.3,EtnaRCSC
2024-04-09 06:10:30,1.2,37.867,15.034,10.4,EtnaRCSC
2024-04-11 15:17:22,1.3,37.742,15.051,3.9,EtnaRCSC
2024-04-11 23:09:53,0.9,37.733,15.027,8.7,EtnaRCSC
2024-04-11 23:12:19,1.1,37.746,15.022,7.9,EtnaRCSC
2024-04-11 23:12:36,1.5,37.74,15.038,8.3,EtnaRCSC
2024-04-12 00:58:34,0.8,37.743,15.044,1.6,EtnaRCSC
2024-04-12 09:20:07,1.1,37.714,15.074,12.4,EtnaRCSC
2024-04-12 22:59:47,-0.1,37.804,15.051,-0.5,EtnaRCSC
2024-04-13 18:40:53,1.1,37.705,15.053,13.0,EtnaRCSC
2024-04-13 20:12:26,0.8,37.639,14.754,0.7,EtnaRCSC
2024-04-14 00:19:24,0.4,37.691,14.991,3.4,EtnaRCSC
2024-04-14 01:54:53,1.3,37.724,14.971,8.1,EtnaRCSC
2024-04-14 05:39:30,0.0,37.799,15.061,-1.6,EtnaRCSC
2024-04-14 06:49:57,1.1,37.787,14.951,18.4,EtnaRCSC
2024-04-14 14:45:24,0.2,37.68,15.006,-1.6,EtnaRCSC
2024-04-14 17:27:26,1.7,37.733,14.814,5.1,EtnaRCSC
2024-04-14 19:21:26,0.9,37.68,15.193,-0.1,EtnaRCSC
2024-04-14 22:33:09,0.6,37.686,14.997,4.1,EtnaRCSC
2024-04-14 22:47:49,0.7,37.689,15.001,3.5,EtnaRCSC
2024-04-14 23:27:16,1.0,37.73,14.83,3.1,EtnaRCSC
2024-04-16 01:46:10,1.0,37.721,15.094,7.2,EtnaRCSC
2024-04-16 10:30:01,0.5,37.758,14.847,1.9,EtnaRCSC
2024-04-16 11:18:01,1.1,37.627,14.96,5.5,EtnaRCSC
2024-04-16 14:39:03,0.2,37.764,15.109,2.3,EtnaRCSC
2024-04-16 17:02:56,0.4,37.776,15.11,4.4,EtnaRCSC
2024-04-18 00:10:56,1.1,37.603,14.841,6.4,EtnaRCSC
2024-04-18 11:54:02,1.0,37.747,15.105,7.7,EtnaRCSC
2024-04-18 22:08:06,1.7,37.755,14.958,8.2,EtnaRCSC
2024-04-18 22:09:43,1.1,37.758,14.958,8.1,EtnaRCSC
2024-04-20 11:20:17,1.0,37.732,14.927,3.8,EtnaRCSC
2024-04-20 19:06:47,1.2,37.669,15.207,-0.5,EtnaRCSC
2024-04-21 16:34:57,1.0,37.722,15.119,5.0,EtnaRCSC
2024-04-21 22:16:10,1.0,37.755,15.007,1.4,EtnaRCSC
2024-04-21 22:20:29,0.6,37.756,15.009,1.5,EtnaRCSC
2024-04-21 22:42:12,0.7,37.761,15.004,1.6,EtnaRCSC
2024-04-22 07:03:21,0.7,37.744,15.012,0.4,EtnaRCSC
2024-04-22 14:55:09,0.9,37.731,15.097,7.8,EtnaRCSC
2024-04-22 14:59:50,1.0,37.728,15.115,7.9,EtnaRCSC
2024-04-23 23:43:48,0.6,37.806,15.058,-0.5,EtnaRCSC
2024-04-24 02:12:29,0.8,37.745,15.048,6.9,EtnaRCSC
2024-04-24 10:42:30,1.0,37.745,15.047,6.9,EtnaRCSC
2024-04-24 11:01:28,1.6,37.739,15.065,6.1,EtnaRCSC
2024-04-24 14:56:24,0.6,37.742,15.072,4.0,EtnaRCSC
2024-04-24 17:44:24,1.7,37.68,14.737,17.7,EtnaRCSC
2024-04-25 04:23:35,0.4,37.671,15.109,3.0,EtnaRCSC
2024-04-25 04:24:39,0.5,37.671,15.109,3.2,EtnaRCSC
2024-04-28 11:24:21,1.8,37.823,15.006,14.8,EtnaRCSC
2024-04-29 01:33:16,0.6,37.752,15.062,2.9,EtnaRCSC
2024-04-29 12:16:31,0.8,37.746,15.015,4.6,EtnaRCSC
2024-04-29 22:18:55,0.6,37.695,15.216,2.2,EtnaRCSC
2024-05-01 01:13:23,1.4,37.869,14.94,23.7,EtnaRCSC
2024-05-02 16:12:30,0.8,37.735,15.072,6.5,EtnaRCSC
2024-05-04 18:27:27,1.0,37.752,14.86,4.4,EtnaRCSC
2024-05-04 22:41:19,1.0,37.707,15.142,5.3,EtnaRCSC
2024-05-05 22:13:11,0.2,37.807,15.052,1.2,EtnaRCSC
2024-05-06 04:57:56,1.5,37.681,15.104,8.6,EtnaRCSC
2024-05-06 04:58:44,1.7,37.714,15.063,7.1,EtnaRCSC
2024-05-06 05:00:34,1.4,37.712,15.061,6.4,EtnaRCSC
2024-05-06 22:46:14,1.4,37.75,14.862,5.0,EtnaRCSC
2024-05-06 23:50:57,0.9,37.725,14.867,7.5,EtnaRCSC
2024-05-07 02:47:11,1.0,37.75,15.028,6.1,EtnaRCSC
2024-05-07 05:54:41,1.5,37.749,14.865,5.0,EtnaRCSC
2024-05-07 18:38:37,0.9,37.714,14.944,5.6,EtnaRCSC
2024-05-07 20:26:05,1.1,37.748,14.858,5.6,EtnaRCSC
2024-05-07 23:58:43,1.6,37.64,15.071,18.9,EtnaRCSC
2024-05-08 12:17:18,0.9,37.811,15.06,1.5,EtnaRCSC
2024-05-09 08:21:07,1.1,37.808,15.0,3.5,EtnaRCSC
2024-05-09 12:33:51,0.9,37.755,15.063,4.8,EtnaRCSC
2024-05-09 13:13:44,0.8,37.744,15.062,4.0,EtnaRCSC
2024-05-10 16:08:53,1.0,37.675,14.965,4.5,EtnaRCSC
2024-05-10 21:10:16,1.1,37.821,14.997,16.7,EtnaRCSC
2024-05-12 00:15:14,0.9,37.748,15.001,1.0,EtnaRCSC
2024-05-12 20:22:37,0.9,37.73,15.058,4.0,EtnaRCSC
2024-05-13 21:27:17,0.7,37.731,15.094,3.7,EtnaRCSC
2024-05-16 22:57:06,1.0,37.755,15.032,7.0,EtnaRCSC
2024-05-17 01:20:42,0.8,37.754,15.008,0.9,EtnaRCSC
2024-05-17 18:01:35,1.7,37.78,14.946,23.8,EtnaRCSC
2024-05-18 08:51:45,1.3,37.634,14.94,-1.6,EtnaRCSC
2024-05-18 15:32:44,0.9,37.758,15.137,4.3,EtnaRCSC
2024-05-18 16:30:16,2.2,37.639,14.949,0.4,EtnaRCSC
2024-05-18 23:44:40,0.9,37.67,14.969,5.4,EtnaRCSC
2024-05-18 23:45:04,0.8,37.674,14.971,5.0,EtnaRCSC
2024-05-19 03:28:00,1.3,37.714,15.035,14.6,EtnaRCSC
2024-05-19 03:54:45,0.8,37.742,15.046,3.7,EtnaRCSC
2024-05-19 12:35:39,1.6,37.784,14.961,24.3,EtnaRCSC
2024-05-20 12:49:20,0.6,37.797,15.039,1.3,EtnaRCSC
2024-05-21 04:32:57,1.5,37.686,14.96,20.1,EtnaRCSC
2024-05-21 22:01:30,1.0,37.73,15.098,5.7,EtnaRCSC
2024-05-21 22:04:17,0.8,37.737,15.091,6.2,EtnaRCSC
2024-05-22 00:36:37,1.0,37.844,15.156,10.1,EtnaRCSC
2024-05-22 00:39:03,1.2,37.709,14.753,8.9,EtnaRCSC
2024-05-22 05:57:10,1.8,37.845,15.15,9.0,EtnaRCSC
2024-05-22 06:33:26,0.9,37.839,15.16,10.0,EtnaRCSC
2024-05-22 15:21:48,0.9,37.835,15.154,9.1,EtnaRCSC
2024-05-23 03:50:15,1.0,37.77,15.121,11.3,EtnaRCSC
2024-05-23 06:31:36,1.2,37.877,15.059,17.7,EtnaRCSC
2024-05-23 06:31:57,1.2,37.871,15.051,19.0,EtnaRCSC
2024-05-23 18:38:54,0.9,37.759,15.029,7.6,EtnaRCSC
2024-05-23 21:58:06,1.0,37.76,15.018,5.9,EtnaRCSC
2024-05-24 02:10:56,1.0,37.753,15.002,-1.0,EtnaRCSC
2024-05-24 02:39:37,1.0,37.756,15.036,4.0,EtnaRCSC
2024-05-25 05:36:36,0.5,37.764,15.079,5.8,EtnaRCSC
2024-05-26 01:22:57,1.1,37.705,14.965,7.4,EtnaRCSC
2024-05-26 17:47:06,0.9,37.824,15.053,12.3,EtnaRCSC
2024-05-26 17:49:11,0.7,37.851,15.059,8.7,EtnaRCSC
2024-05-26 17:55:47,0.9,37.804,15.06,11.3,EtnaRCSC
2024-05-26 18:20:25,1.1,37.804,15.047,15.5,EtnaRCSC
2024-05-27 02:25:25,0.7,37.732,14.941,4.5,EtnaRCSC
2024-05-27 10:08:55,0.2,37.776,15.076,3.2,EtnaRCSC
2024-05-28 11:59:19,1.4,37.848,15.141,7.6,EtnaRCSC
2024-05-28 15:28:45,0.9,37.767,15.169,5.3,EtnaRCSC
2024-05-29 13:43:15,0.8,37.727,15.054,3.5,EtnaRCSC
2024-05-29 13:43:34,0.9,37.721,15.055,3.9,EtnaRCSC
2024-05-29 15:27:06,1.0,37.721,15.159,7.8,EtnaRCSC
2024-05-31 00:59:24,0.6,37.762,14.997,1.9,EtnaRCSC
2024-05-31 06:38:16,0.8,37.737,15.037,4.0,EtnaRCSC
2024-05-31 06:45:15,0.7,37.738,15.073,6.7,EtnaRCSC
2024-05-31 19:09:01,0.6,37.734,15.052,4.3,EtnaRCSC
2024-05-31 19:09:17,0.6,37.76,15.071,5.0,EtnaRCSC
2024-06-01 03:13:47,-0.1,37.803,15.056,-1.6,EtnaRCSC
2024-06-02 06:28:09,0.9,37.755,15.009,1.7,EtnaRCSC
2024-06-03 06:25:58,1.4,37.798,14.919,24.4,EtnaRCSC
2024-06-03 06:44:15,1.6,37.818,14.899,25.5,EtnaRCSC
2024-06-03 09:06:09,1.2,37.751,15.114,3.2,EtnaRCSC
2024-06-03 21:57:54,0.7,37.746,15.032,4.5,EtnaRCSC
2024-06-04 20:25:27,0.9,37.745,15.05,7.5,EtnaRCSC
2024-06-05 09:28:17,1.0,37.752,15.002,1.8,EtnaRCSC
2024-06-06 01:16:39,0.7,37.74,15.036,4.0,EtnaRCSC
2024-06-06 18:26:23,2.1,37.725,14.931,16.8,EtnaRCSC
2024-06-06 18:43:47,1.4,37.787,14.939,21.9,EtnaRCSC
2024-06-08 04:50:31,1.1,37.75,15.158,3.6,EtnaRCSC
2024-06-08 19:07:29,0.5,37.755,15.008,0.1,EtnaRCSC
2024-06-08 23:27:55,0.7,37.754,15.161,3.7,EtnaRCSC
2024-06-11 18:53:43,1.2,37.669,15.202,9.4,EtnaRCSC
2024-06-11 22:13:14,1.1,37.733,15.091,12.1,EtnaRCSC
2024-06-11 22:16:05,0.6,37.643,14.949,3.2,EtnaRCSC
2024-06-12 02:15:40,2.2,37.731,14.924,14.9,EtnaRCSC
2024-06-12 19:25:18,1.6,37.778,14.999,30.7,EtnaRCSC
2024-06-14 01:13:06,1.5,37.704,15.015,17.2,EtnaRCSC
2024-06-14 16:06:42,1.0,37.733,14.883,7.4,EtnaRCSC
2024-06-15 02:10:57,0.6,37.738,15.079,3.4,EtnaRCSC
2024-06-15 06:59:43,1.0,37.745,15.032,8.3,EtnaRCSC
2024-06-15 23:15:43,1.1,37.674,15.052,6.9,EtnaRCSC
2024-06-16 02:36:27,1.0,37.722,14.946,6.8,EtnaRCSC
2024-06-16 07:04:05,1.2,37.765,14.964,19.9,EtnaRCSC
2024-06-16 07:05:57,1.4,37.784,14.984,15.5,EtnaRCSC
2024-06-16 19:15:13,0.8,37.754,15.007,1.5,EtnaRCSC
2024-06-16 19:52:56,1.0,37.736,15.04,1.4,EtnaRCSC
2024-06-16 23:55:55,2.0,37.755,15.006,1.4,EtnaRCSC
2024-06-17 00:56:53,0.6,37.753,15.006,0.1,EtnaRCSC
2024-06-17 05:15:21,0.7,37.753,15.052,3.1,EtnaRCSC
2024-06-17 14:19:47,1.8,37.514,14.97,20.8,EtnaRCSC
2024-06-17 19:55:05,1.0,37.807,15.054,-0.1,EtnaRCSC
2024-06-18 01:36:08,1.0,37.719,15.116,7.9,EtnaRCSC
2024-06-18 10:57:51,0.8,37.867,15.079,7.8,EtnaRCSC
2024-06-19 00:42:20,0.7,37.705,15.068,3.0,EtnaRCSC
2024-06-19 02:31:12,0.8,37.759,14.96,0.4,EtnaRCSC
2024-06-19 10:11:26,0.5,37.748,15.096,4.3,EtnaRCSC
2024-06-19 15:07:52,1.6,37.758,15.128,5.6,EtnaRCSC
2024-06-19 15:40:24,0.8,37.757,15.135,3.4,EtnaRCSC
2024-06-19 15:41:48,0.8,37.709,15.158,8.8,EtnaRCSC
2024-06-19 15:45:19,0.8,37.756,15.126,6.3,EtnaRCSC
2024-06-19 20:29:30,0.7,37.715,15.058,1.2,EtnaRCSC
2024-06-19 21:07:02,0.8,37.706,15.056,1.3,EtnaRCSC
2024-06-19 21:23:14,0.9,37.718,15.052,2.4,EtnaRCSC
2024-06-19 23:53:23,1.2,37.717,15.031,15.2,EtnaRCSC
2024-06-20 03:32:41,0.7,37.702,15.094,2.0,EtnaRCSC
2024-06-20 15:52:14,1.1,37.725,14.959,9.8,EtnaRCSC
2024-06-20 22:16:50,0.9,37.741,14.917,5.2,EtnaRCSC
2024-06-20 23:03:29,0.8,37.708,15.065,1.5,EtnaRCSC
2024-06-21 05:07:30,1.1,37.643,14.94,4.9,EtnaRCSC
2024-06-21 09:33:26,0.8,37.667,14.942,3.9,EtnaRCSC
2024-06-23 02:17:32,1.4,37.727,15.073,3.8,EtnaRCSC
2024-06-24 06:17:36,1.3,37.699,14.994,10.7,EtnaRCSC
2024-06-24 16:32:28,1.1,37.711,14.989,7.7,EtnaRCSC
2024-06-25 22:55:33,1.0,37.738,14.918,5.3,EtnaRCSC
2024-06-25 22:58:32,0.9,37.738,14.911,6.2,EtnaRCSC
2024-06-26 03:34:06,1.1,37.708,14.987,7.5,EtnaRCSC
2024-06-26 03:35:12,1.2,37.707,14.985,7.7,EtnaRCSC
2024-06-27 17:15:21,1.1,37.729,14.999,5.9,EtnaRCSC
2024-06-27 17:31:54,1.3,37.754,15.027,3.3,EtnaRCSC
2024-06-28 05:40:04,1.1,37.661,15.078,4.8,EtnaRCSC
2024-06-30 00:29:42,1.3,37.674,15.019,6.6,EtnaRCSC
2024-06-30 02:01:47,1.1,37.829,15.079,-0.4,EtnaRCSC
2024-06-30 11:18:06,1.6,37.812,15.061,-0.3,EtnaRCSC
2024-06-30 11:34:54,0.9,37.804,15.055,-1.6,EtnaRCSC
2024-06-30 11:38:33,0.8,37.804,15.071,-1.1,EtnaRCSC
2024-06-30 14:09:40,0.8,37.715,14.866,0.6,EtnaRCSC
2024-06-30 17:55:11,1.7,37.715,14.879,2.9,EtnaRCSC
2024-06-30 18:20:54,1.2,37.809,15.062,-0.6,EtnaRCSC
2024-06-30 18:24:26,0.4,37.805,15.06,-1.6,EtnaRCSC
2024-07-01 07:47:04,1.6,37.716,14.985,6.8,EtnaRCSC
2024-07-01 07:57:33,2.3,37.724,14.982,6.0,EtnaRCSC
2024-07-01 08:37:25,2.3,37.515,14.978,21.6,EtnaRCSC
2024-07-01 17:42:29,1.5,37.719,14.995,5.8,EtnaRCSC
2024-07-03 15:51:52,1.5,37.753,15.096,5.5,EtnaRCSC
2024-07-05 02:23:20,2.0,37.669,15.284,7.6,EtnaRCSC
2024-07-05 11:25:56,1.1,37.745,15.112,8.4,EtnaRCSC
2024-07-05 11:36:39,1.6,37.671,15.098,2.3,EtnaRCSC
2024-07-07 12:35:51,0.4,37.789,15.027,1.7,EtnaRCSC
2024-07-07 14:44:04,1.6,37.608,14.939,9.2,EtnaRCSC
2024-07-08 20:33:40,0.5,37.775,15.115,4.4,EtnaRCSC
2024-07-08 20:33:45,0.3,37.768,15.077,3.8,EtnaRCSC
2024-07-09 05:32:39,0.7,37.679,14.981,0.8,EtnaRCSC
2024-07-09 17:00:25,0.8,37.638,14.953,2.4,EtnaRCSC
2024-07-09 20:55:55,1.3,37.876,15.191,20.3,EtnaRCSC
2024-07-10 01:49:12,0.9,37.726,15.098,2.1,EtnaRCSC
2024-07-10 02:36:43,0.3,37.676,15.103,4.0,EtnaRCSC
2024-07-12 11:01:24,1.5,37.701,15.084,3.3,EtnaRCSC
2024-07-14 01:20:52,0.8,37.753,15.0,-1.4,EtnaRCSC
2024-07-14 08:06:33,1.1,37.744,14.905,5.4,EtnaRCSC
2024-07-16 15:14:58,1.2,37.775,14.969,24.4,EtnaRCSC
2024-07-16 20:50:22,1.3,37.828,14.99,14.7,EtnaRCSC
2024-07-16 20:52:04,1.3,37.83,14.993,15.1,EtnaRCSC
2024-07-16 20:52:48,1.5,37.823,14.991,15.1,EtnaRCSC
2024-07-16 20:54:41,1.0,37.84,14.992,14.0,EtnaRCSC
2024-07-16 21:32:36,1.0,37.833,14.993,14.7,EtnaRCSC
2024-07-16 22:14:19,1.1,37.829,14.992,14.4,EtnaRCSC
2024-07-21 18:26:05,1.6,37.881,14.803,25.3,EtnaRCSC
2024-07-22 01:47:53,0.7,37.744,14.923,7.5,EtnaRCSC
2024-07-22 06:14:41,1.4,37.678,15.081,-1.2,EtnaRCSC
2024-07-24 07:27:32,1.6,37.786,14.794,8.2,EtnaRCSC
2024-07-25 00:16:16,0.7,37.717,14.986,6.1,EtnaRCSC
2024-07-25 02:48:15,0.8,37.78,15.098,8.1,EtnaRCSC
2024-07-25 03:55:46,0.6,37.743,15.056,4.5,EtnaRCSC
2024-07-26 05:29:58,1.5,37.725,15.056,14.9,EtnaRCSC
2024-07-29 00:10:38,1.7,37.83,14.977,15.6,EtnaRCSC
2024-07-29 00:15:04,1.3,37.812,14.97,22.3,EtnaRCSC
2024-07-31 16:31:34,1.1,37.742,15.127,3.9,EtnaRCSC
2024-08-01 20:42:04,1.3,37.662,14.979,6.9,EtnaRCSC
2024-08-04 05:29:12,2.5,37.744,15.042,5.6,EtnaRCSC
2024-08-04 10:07:30,1.4,37.723,14.798,3.7,EtnaRCSC
2024-08-04 19:43:55,0.4,37.753,15.006,-1.6,EtnaRCSC
2024-08-05 09:17:29,1.2,37.738,15.13,10.3,EtnaRCSC
2024-08-05 14:31:16,0.6,37.733,15.114,7.5,EtnaRCSC
2024-08-05 14:36:47,1.4,37.897,14.958,26.0,EtnaRCSC
2024-08-05 16:03:25,1.0,37.75,15.058,6.7,EtnaRCSC
2024-08-05 17:43:33,0.5,37.818,15.011,2.2,EtnaRCSC
2024-08-08 00:47:32,0.7,37.736,15.119,4.7,EtnaRCSC
2024-08-08 00:52:34,0.6,37.736,14.797,9.2,EtnaRCSC
2024-08-08 04:23:39,0.6,37.722,14.814,3.8,EtnaRCSC
2024-08-08 11:27:27,0.7,37.721,14.807,3.4,EtnaRCSC
2024-08-08 12:47:39,0.9,37.735,14.888,7.2,EtnaRCSC
2024-08-08 13:05:04,0.7,37.709,14.931,7.1,EtnaRCSC
2024-08-08 20:10:42,0.8,37.742,14.797,-1.6,EtnaRCSC
2024-08-09 16:04:01,2.0,37.708,14.902,16.8,EtnaRCSC
2024-08-09 18:49:14,1.4,37.703,14.901,16.4,EtnaRCSC
2024-08-11 19:17:20,1.0,37.739,14.789,5.6,EtnaRCSC
2024-08-11 23:27:18,0.7,37.743,15.088,6.7,EtnaRCSC
2024-08-13 17:02:05,1.4,37.726,15.057,4.2,EtnaRCSC
2024-08-13 17:02:20,1.4,37.726,15.055,3.8,EtnaRCSC
2024-08-13 17:03:55,1.2,37.723,15.06,4.2,EtnaRCSC
2024-08-13 17:23:03,1.0,37.727,15.055,3.2,EtnaRCSC
2024-08-13 17:51:15,1.0,37.689,15.116,6.3,EtnaRCSC
2024-08-15 18:37:07,0.7,37.774,14.812,9.2,EtnaRCSC
2024-08-16 23:36:33,0.9,37.787,14.788,6.7,EtnaRCSC
2024-08-17 05:49:25,0.9,37.689,14.996,5.8,EtnaRCSC
2024-08-17 06:22:52,0.7,37.696,14.987,5.0,EtnaRCSC
2024-08-21 21:30:48,0.7,37.749,15.116,5.2,EtnaRCSC
2024-08-22 00:55:13,0.4,37.739,15.055,4.5,EtnaRCSC
2024-08-23 03:49:06,0.9,37.668,15.128,4.2,EtnaRCSC
2024-08-23 08:34:06,0.7,37.724,14.88,5.9,EtnaRCSC
2024-08-25 17:48:23,1.5,37.739,14.749,10.3,EtnaRCSC
2024-08-25 17:49:58,2.4,37.74,14.756,9.3,EtnaRCSC
2024-08-27 04:01:57,0.7,37.751,15.06,4.2,EtnaRCSC
2024-08-27 16:34:11,0.9,37.722,15.061,2.1,EtnaRCSC
2024-08-29 07:09:38,1.0,37.74,15.124,5.0,EtnaRCSC
2024-08-29 14:04:10,1.9,37.794,14.818,2.6,EtnaRCSC
2024-08-29 14:38:10,1.5,37.792,14.795,4.3,EtnaRCSC
2024-08-29 14:42:33,0.9,37.783,14.809,4.4,EtnaRCSC
2024-08-30 01:35:17,0.6,37.781,14.811,4.3,EtnaRCSC
2024-08-30 12:48:12,1.2,37.717,14.971,9.2,EtnaRCSC
2024-08-31 05:58:03,1.1,37.752,15.037,7.9,EtnaRCSC
2024-08-31 15:56:33,2.2,37.619,15.099,10.5,EtnaRCSC
2024-08-31 19:17:31,0.9,37.687,15.09,3.9,EtnaRCSC
2024-09-02 08:43:49,1.7,37.839,14.882,9.9,EtnaRCSC
2024-09-02 17:26:11,0.9,37.735,15.055,3.1,EtnaRCSC
2024-09-02 23:29:29,0.9,37.783,14.803,7.1,EtnaRCSC
2024-09-03 05:40:19,1.2,37.631,14.975,5.8,EtnaRCSC
2024-09-03 10:16:59,0.8,37.69,14.995,4.5,EtnaRCSC
2024-09-03 10:22:48,0.9,37.697,14.989,5.4,EtnaRCSC
2024-09-04 05:50:56,1.0,37.715,14.987,6.7,EtnaRCSC
2024-09-05 12:48:19,1.4,37.724,14.949,8.5,EtnaRCSC
2024-09-06 03:04:08,1.0,37.696,14.999,3.5,EtnaRCSC
2024-09-06 03:15:44,0.7,37.706,14.998,4.3,EtnaRCSC
2024-09-06 21:40:43,2.3,37.81,14.929,19.4,EtnaRCSC
2024-09-06 21:47:37,1.7,37.809,14.904,29.6,EtnaRCSC
2024-09-06 21:48:34,1.4,37.801,14.917,27.2,EtnaRCSC
2024-09-06 22:07:02,1.2,37.808,14.92,27.9,EtnaRCSC
2024-09-06 22:09:11,1.4,37.805,14.931,27.2,EtnaRCSC
2024-09-06 22:30:26,2.6,37.833,14.913,25.7,EtnaRCSC
2024-09-06 23:04:58,1.6,37.817,14.919,28.2,EtnaRCSC
2024-09-07 07:03:13,0.7,37.765,15.126,8.5,EtnaRCSC
2024-09-07 12:47:05,0.4,37.724,15.12,3.7,EtnaRCSC
2024-09-08 00:40:53,0.4,37.713,15.025,4.7,EtnaRCSC
2024-09-08 06:28:41,1.3,37.841,14.918,28.1,EtnaRCSC
2024-09-08 10:32:19,1.0,37.686,15.136,3.2,EtnaRCSC
2024-09-08 12:21:13,0.7,37.689,15.161,3.1,EtnaRCSC
2024-09-08 12:29:22,1.7,37.685,15.152,5.6,EtnaRCSC
2024-09-09 08:43:13,0.8,37.71,15.087,4.1,EtnaRCSC
2024-09-09 08:59:01,1.6,37.717,15.075,3.9,EtnaRCSC
2024-09-09 15:59:41,0.8,37.748,15.067,3.8,EtnaRCSC
2024-09-09 21:27:24,1.3,37.677,15.141,6.3,EtnaRCSC
2024-09-09 23:56:33,0.9,37.796,15.17,5.4,EtnaRCSC
2024-09-10 02:51:52,1.3,37.617,15.22,15.2,EtnaRCSC
2024-09-10 12:06:04,0.0,37.798,15.063,-1.6,EtnaRCSC
2024-09-11 02:15:09,2.1,37.69,15.154,6.2,EtnaRCSC
2024-09-11 04:30:06,1.2,37.631,15.164,5.7,EtnaRCSC
2024-09-11 05:06:29,2.0,37.692,15.152,5.0,EtnaRCSC
2024-09-12 03:47:15,0.8,37.665,15.126,1.4,EtnaRCSC
2024-09-12 03:48:52,1.5,37.676,15.176,8.4,EtnaRCSC
2024-09-12 04:24:23,1.0,37.665,15.136,2.8,EtnaRCSC
2024-09-12 04:26:07,1.2,37.663,15.163,7.7,EtnaRCSC
2024-09-12 12:18:15,1.6,37.665,15.14,10.3,EtnaRCSC
2024-09-12 17:18:58,1.2,37.691,15.085,3.0,EtnaRCSC
2024-09-12 20:02:39,1.7,37.69,15.084,3.5,EtnaRCSC
2024-09-14 06:05:38,1.0,37.706,15.002,8.2,EtnaRCSC
2024-09-14 06:08:16,1.0,37.722,14.997,7.2,EtnaRCSC
2024-09-17 20:02:35,1.3,37.741,15.045,6.5,EtnaRCSC
2024-09-17 20:04:03,1.0,37.739,15.046,7.2,EtnaRCSC
2024-09-17 21:17:01,1.0,37.737,15.043,7.5,EtnaRCSC
2024-09-17 21:44:44,0.9,37.736,15.042,7.1,EtnaRCSC
2024-09-17 21:44:59,1.1,37.737,15.049,7.4,EtnaRCSC
2024-09-18 01:31:03,1.4,37.832,14.939,22.4,EtnaRCSC
2024-09-18 02:26:27,1.1,37.85,14.928,24.2,EtnaRCSC
2024-09-19 08:26:51,1.5,37.867,14.919,-0.5,EtnaRCSC
2024-09-19 18:24:18,0.7,37.735,15.077,4.1,EtnaRCSC
2024-09-19 22:25:08,0.4,37.667,15.009,-1.2,EtnaRCSC
2024-09-21 04:50:12,0.9,37.753,15.098,4.4,EtnaRCSC
2024-09-21 20:22:32,0.7,37.732,14.874,4.1,EtnaRCSC
2024-09-22 20:15:31,0.7,37.756,15.073,4.6,EtnaRCSC
2024-09-22 23:08:47,0.6,37.69,15.086,1.1,EtnaRCSC
2024-09-22 23:18:47,0.6,37.694,15.078,3.3,EtnaRCSC
2024-09-22 23:46:46,0.3,37.699,15.081,2.0,EtnaRCSC
2024-09-23 06:39:56,1.0,37.735,15.072,4.4,EtnaRCSC
2024-09-23 06:43:01,0.7,37.736,15.07,3.7,EtnaRCSC
2024-09-23 08:59:19,1.8,37.872,14.899,-1.6,EtnaRCSC
2024-09-23 16:21:58,2.1,37.626,15.193,5.9,EtnaRCSC
2024-09-24 05:55:56,0.5,37.795,15.1,1.9,EtnaRCSC
2024-09-24 13:23:54,1.6,37.808,15.045,13.7,EtnaRCSC
2024-09-24 14:27:08,1.2,37.806,15.045,15.3,EtnaRCSC
2024-09-24 14:38:18,1.5,37.81,15.045,16.6,EtnaRCSC
2024-09-24 15:33:12,2.4,37.667,15.157,4.7,EtnaRCSC
2024-09-24 18:52:22,1.1,37.67,15.167,3.5,EtnaRCSC
2024-09-25 00:28:05,0.9,37.636,14.798,-1.6,EtnaRCSC
2024-09-25 00:33:48,2.2,37.856,14.934,29.6,EtnaRCSC
2024-09-25 00:45:50,1.5,37.88,14.953,27.7,EtnaRCSC
2024-09-25 00:45:57,1.4,37.87,14.956,28.4,EtnaRCSC
2024-09-25 00:46:27,1.5,37.888,14.942,28.7,EtnaRCSC
2024-09-25 04:04:49,0.8,37.752,15.026,3.2,EtnaRCSC
2024-09-25 06:45:08,1.5,37.86,14.929,28.8,EtnaRCSC
2024-09-25 23:44:02,0.9,37.816,15.278,9.3,EtnaRCSC
2024-09-26 12:03:23,1.3,37.872,14.896,-0.7,EtnaRCSC
2024-09-29 03:28:01,1.1,37.755,15.101,5.3,EtnaRCSC
2024-09-30 05:11:00,1.4,37.786,15.101,10.2,EtnaRCSC
2024-09-30 21:01:23,0.7,37.721,15.099,4.1,EtnaRCSC
2024-10-01 03:01:41,0.8,37.765,14.848,6.4,EtnaRCSC
2024-10-06 09:21:37,1.2,37.768,15.033,11.0,EtnaRCSC
2024-10-07 08:42:05,1.0,37.688,14.946,5.2,EtnaRCSC
2024-10-08 13:08:23,0.9,37.631,14.946,3.3,EtnaRCSC
2024-10-10 13:18:44,1.2,37.734,15.145,10.4,EtnaRCSC
2024-10-11 09:58:26,1.2,37.863,14.909,1.9,EtnaRCSC
2024-10-11 16:44:43,1.2,37.777,15.216,8.9,EtnaRCSC
2024-10-11 23:35:43,1.0,37.791,15.166,9.5,EtnaRCSC
2024-10-11 23:38:30,1.2,37.789,15.166,9.0,EtnaRCSC
2024-10-11 23:45:09,1.6,37.797,15.153,6.6,EtnaRCSC
2024-10-12 02:36:44,1.8,37.675,15.161,5.6,EtnaRCSC
2024-10-12 04:02:00,0.9,37.791,15.166,9.3,EtnaRCSC
2024-10-12 05:04:00,1.8,37.802,15.174,9.2,EtnaRCSC
2024-10-12 12:56:02,0.9,37.741,15.067,7.7,EtnaRCSC
2024-10-12 16:53:35,1.1,37.688,15.131,3.5,EtnaRCSC
2024-10-13 06:39:47,1.0,37.729,15.134,6.4,EtnaRCSC
2024-10-13 13:47:02,1.3,37.79,15.171,6.7,EtnaRCSC
2024-10-14 01:25:31,0.7,37.75,15.058,4.0,EtnaRCSC
2024-10-14 09:38:09,1.0,37.743,15.055,2.3,EtnaRCSC
2024-10-14 10:43:00,0.8,37.752,15.096,5.3,EtnaRCSC
2024-10-14 11:49:32,0.9,37.781,15.173,6.7,EtnaRCSC
2024-10-15 05:03:00,0.8,37.745,14.953,5.4,EtnaRCSC
2024-10-15 18:48:01,2.3,37.686,15.046,10.4,EtnaRCSC
2024-10-15 18:48:54,0.9,37.686,15.055,5.4,EtnaRCSC
2024-10-15 19:03:17,1.1,37.695,15.012,13.4,EtnaRCSC
2024-10-15 19:08:16,1.1,37.691,15.048,10.0,EtnaRCSC
2024-10-15 20:26:37,1.3,37.689,15.052,10.4,EtnaRCSC
2024-10-16 07:07:48,2.2,37.683,15.049,7.9,EtnaRCSC
2024-10-16 07:09:25,1.2,37.691,15.04,8.7,EtnaRCSC
2024-10-16 07:14:05,1.2,37.672,15.044,9.9,EtnaRCSC
2024-10-16 09:05:59,1.3,37.681,15.051,7.4,EtnaRCSC
2024-10-16 12:56:26,0.8,37.773,15.226,5.8,EtnaRCSC
2024-10-16 13:15:54,1.0,37.784,15.178,6.9,EtnaRCSC
2024-10-16 23:45:49,1.1,37.735,15.07,6.0,EtnaRCSC
2024-10-17 01:09:38,0.5,37.782,15.235,6.9,EtnaRCSC
2024-10-17 02:28:39,1.3,37.683,15.052,6.4,EtnaRCSC
2024-10-17 03:58:26,1.4,37.775,15.244,6.5,EtnaRCSC
2024-10-17 15:42:59,1.4,37.717,15.022,4.1,EtnaRCSC
2024-10-17 15:44:21,1.5,37.718,15.021,4.2,EtnaRCSC
2024-10-18 12:06:20,1.1,37.643,15.023,9.5,EtnaRCSC
2024-10-20 09:33:23,1.6,37.873,14.857,28.4,EtnaRCSC
2024-10-20 11:06:03,1.8,37.717,15.095,4.8,EtnaRCSC
2024-10-20 11:22:39,0.7,37.712,15.097,4.1,EtnaRCSC
2024-10-20 22:07:19,0.8,37.748,15.114,4.2,EtnaRCSC
2024-10-21 05:13:36,1.4,37.645,15.086,13.0,EtnaRCSC
2024-10-22 14:42:00,1.3,37.627,14.925,0.8,EtnaRCSC
2024-10-22 19:15:53,0.3,37.8,15.053,-1.6,EtnaRCSC
2024-10-22 22:50:16,1.2,37.769,15.062,9.9,EtnaRCSC
2024-10-23 09:50:38,0.9,37.88,14.917,-1.6,EtnaRCSC
2024-10-23 12:51:08,0.9,37.775,15.095,10.4,EtnaRCSC
2024-10-24 01:35:52,1.1,37.75,15.146,6.7,EtnaRCSC
2024-10-24 14:40:18,0.7,37.751,15.06,6.8,EtnaRCSC
2024-10-24 17:56:58,0.1,37.799,15.053,0.7,EtnaRCSC
2024-10-25 02:06:21,0.6,37.722,15.025,1.9,EtnaRCSC
2024-10-27 01:21:15,0.6,37.695,14.995,4.5,EtnaRCSC
2024-10-27 14:37:49,0.6,37.803,15.048,-0.7,EtnaRCSC
2024-10-27 14:39:10,0.2,37.802,15.046,0.1,EtnaRCSC
2024-10-28 04:46:32,0.7,37.734,15.065,4.7,EtnaRCSC
2024-10-29 14:40:16,1.0,37.724,15.075,8.5,EtnaRCSC
2024-10-29 14:52:43,0.8,37.701,15.036,6.0,EtnaRCSC
2024-10-29 15:02:57,0.5,37.812,15.019,1.9,EtnaRCSC
2024-10-29 15:03:41,0.6,37.805,15.03,4.1,EtnaRCSC
2024-10-29 15:18:18,1.1,37.719,15.194,12.9,EtnaRCSC
2024-10-29 18:39:54,1.5,37.642,14.96,0.8,EtnaRCSC
2024-10-29 18:58:50,1.2,37.754,15.175,4.1,EtnaRCSC
2024-10-30 02:13:07,0.6,37.808,15.022,1.8,EtnaRCSC
2024-10-30 03:12:19,0.7,37.764,15.075,3.9,EtnaRCSC
2024-10-30 14:53:53,0.5,37.768,15.104,4.3,EtnaRCSC
2024-10-31 11:01:20,1.3,37.623,14.938,9.4,EtnaRCSC
2024-11-01 01:09:53,0.8,37.748,15.127,4.2,EtnaRCSC
2024-11-02 01:57:57,1.3,37.781,14.768,9.4,EtnaRCSC
2024-11-03 01:18:15,0.9,37.737,14.928,4.8,EtnaRCSC
2024-11-03 01:19:01,0.7,37.741,14.933,3.8,EtnaRCSC
2024-11-03 02:02:07,0.9,37.734,14.926,5.1,EtnaRCSC
2024-11-04 08:16:33,0.5,37.805,15.061,1.5,EtnaRCSC
2024-11-06 02:53:16,1.0,37.822,14.998,12.2,EtnaRCSC
2024-11-10 08:26:06,0.8,37.741,15.008,2.5,EtnaRCSC
2024-11-10 08:36:13,0.8,37.743,15.007,2.0,EtnaRCSC
2024-11-10 08:38:50,0.9,37.742,15.006,1.8,EtnaRCSC
2024-11-10 08:40:21,0.8,37.736,15.013,2.8,EtnaRCSC
2024-11-10 08:42:35,1.0,37.744,15.003,1.4,EtnaRCSC
2024-11-10 08:44:45,0.8,37.747,15.0,3.0,EtnaRCSC
2024-11-10 08:45:17,0.7,37.757,15.012,1.6,EtnaRCSC
2024-11-10 08:48:25,0.8,37.739,15.011,1.5,EtnaRCSC
2024-11-10 08:49:26,0.8,37.738,15.007,3.1,EtnaRCSC
2024-11-10 08:49:43,0.8,37.746,14.997,3.1,EtnaRCSC
2024-11-10 08:52:04,0.9,37.743,15.002,0.7,EtnaRCSC
2024-11-10 08:55:12,0.7,37.745,15.004,1.1,EtnaRCSC
2024-11-10 08:56:02,0.8,37.746,14.998,1.4,EtnaRCSC
2024-11-10 08:57:08,0.8,37.743,15.002,1.9,EtnaRCSC
2024-11-10 09:00:08,0.6,37.746,15.011,0.8,EtnaRCSC
2024-11-10 11:30:31,0.9,37.737,15.06,2.2,EtnaRCSC
2024-11-11 11:20:18,1.1,37.741,15.093,3.2,EtnaRCSC
2024-11-11 11:39:11,1.2,37.739,15.082,4.6,EtnaRCSC
2024-11-12 23:11:22,0.7,37.703,14.957,4.7,EtnaRCSC
2024-11-13 21:38:15,1.4,37.654,14.9,11.4,EtnaRCSC
2024-11-14 08:32:21,1.1,37.736,15.092,4.0,EtnaRCSC
2024-11-14 09:20:19,0.2,37.797,15.053,0.6,EtnaRCSC
2024-11-16 13:41:28,1.1,37.675,15.089,11.2,EtnaRCSC
2024-11-17 04:03:31,0.5,37.743,15.041,3.9,EtnaRCSC
2024-11-17 17:57:58,0.7,37.734,14.915,5.7,EtnaRCSC
2024-11-17 18:10:40,0.8,37.748,14.872,5.6,EtnaRCSC
2024-11-18 12:33:17,0.7,37.712,15.09,5.2,EtnaRCSC
2024-11-18 12:35:26,0.7,37.725,15.083,4.5,EtnaRCSC
2024-11-18 12:35:48,0.9,37.718,15.083,3.9,EtnaRCSC
2024-11-19 03:20:35,1.1,37.726,15.057,3.9,EtnaRCSC
2024-11-19 17:56:06,1.0,37.873,14.908,17.5,EtnaRCSC
2024-11-19 18:04:53,1.4,37.862,14.889,20.1,EtnaRCSC
2024-11-19 18:07:02,1.1,37.871,14.921,17.8,EtnaRCSC
2024-11-19 18:23:59,1.4,37.862,14.895,21.0,EtnaRCSC
2024-11-19 18:24:47,1.7,37.859,14.892,20.3,EtnaRCSC
2024-11-19 18:26:26,1.8,37.857,14.89,21.8,EtnaRCSC
2024-11-19 18:27:14,1.3,37.864,14.898,19.8,EtnaRCSC
2024-11-19 18:29:42,1.2,37.866,14.892,20.7,EtnaRCSC
2024-11-19 18:38:00,1.8,37.857,14.887,21.6,EtnaRCSC
2024-11-19 18:43:09,1.5,37.855,14.88,22.4,EtnaRCSC
2024-11-19 20:53:10,1.6,37.859,14.888,21.2,EtnaRCSC
2024-11-21 12:32:43,1.0,37.869,14.775,6.0,EtnaRCSC
2024-11-21 18:45:41,1.3,37.821,14.915,15.3,EtnaRCSC
2024-11-21 18:53:42,1.8,37.823,14.919,15.4,EtnaRCSC
2024-11-21 23:44:15,0.9,37.737,14.92,4.9,EtnaRCSC
2024-11-22 05:14:58,1.6,37.806,14.938,19.0,EtnaRCSC
2024-11-22 06:07:03,1.8,37.697,14.753,13.9,EtnaRCSC
2024-11-22 06:13:20,1.7,37.705,14.757,12.6,EtnaRCSC
2024-11-22 13:23:45,0.7,37.755,15.142,5.2,EtnaRCSC
2024-11-22 22:41:56,1.0,37.741,15.093,9.8,EtnaRCSC
2024-11-23 09:58:32,0.7,37.655,14.936,4.0,EtnaRCSC
2024-11-25 22:27:15,1.2,37.725,14.909,7.9,EtnaRCSC
2024-11-26 01:04:24,2.3,37.78,14.761,20.5,EtnaRCSC
2024-11-26 01:23:57,1.7,37.789,14.752,16.2,EtnaRCSC
2024-11-26 10:18:16,1.7,37.768,14.77,22.7,EtnaRCSC
2024-11-26 17:16:59,2.2,37.641,15.127,-1.6,EtnaRCSC
2024-11-26 17:19:59,1.1,37.728,15.044,8.0,EtnaRCSC
2024-11-28 03:13:01,1.3,37.659,14.958,12.1,EtnaRCSC
2024-11-28 03:14:07,1.5,37.676,14.948,9.9,EtnaRCSC
2024-11-28 03:15:27,1.1,37.672,14.949,10.0,EtnaRCSC
2024-11-28 03:20:36,1.4,37.666,14.95,9.9,EtnaRCSC
2024-11-28 03:23:02,1.8,37.686,14.947,9.7,EtnaRCSC
2024-11-28 03:54:10,1.2,37.647,14.955,12.7,EtnaRCSC
2024-11-28 04:33:52,1.0,37.671,14.962,8.5,EtnaRCSC
2024-11-28 04:59:49,1.5,37.64,14.965,14.5,EtnaRCSC
2024-11-28 05:14:50,1.7,37.679,14.946,9.2,EtnaRCSC
2024-11-28 06:04:03,1.1,37.723,14.963,8.2,EtnaRCSC
2024-11-30 02:35:24,0.1,37.703,14.999,-1.1,EtnaRCSC
2024-12-02 22:04:57,1.8,37.747,15.035,5.8,EtnaRCSC
2024-12-03 01:28:21,1.0,37.748,15.045,6.6,EtnaRCSC
2024-12-03 06:36:41,1.0,37.655,15.042,6.3,EtnaRCSC
2024-12-03 11:22:33,1.1,37.702,15.037,7.9,EtnaRCSC
2024-12-05 07:31:26,1.2,37.731,14.912,5.8,EtnaRCSC
2024-12-05 08:12:04,1.4,37.726,14.915,6.0,EtnaRCSC
2024-12-06 20:07:19,0.6,37.746,15.068,3.0,EtnaRCSC
2024-12-07 21:20:44,1.4,37.756,15.099,4.1,EtnaRCSC
2024-12-09 14:45:58,1.4,37.74,14.885,14.3,EtnaRCSC
2024-12-09 19:16:11,0.8,37.749,15.032,5.5,EtnaRCSC
2024-12-11 19:15:06,0.7,37.749,15.06,5.4,EtnaRCSC
2024-12-13 00:17:39,1.2,37.71,15.075,4.5,EtnaRCSC
2024-12-13 05:32:22,1.2,37.744,15.111,7.0,EtnaRCSC
2024-12-14 16:01:04,1.4,37.74,14.92,3.7,EtnaRCSC
2024-12-15 17:43:12,0.9,37.729,15.082,5.2,EtnaRCSC
2024-12-16 13:18:46,1.3,37.754,15.105,10.5,EtnaRCSC
2024-12-17 01:06:35,0.5,37.754,15.026,0.8,EtnaRCSC
2024-12-17 23:39:57,1.1,37.732,15.066,10.9,EtnaRCSC
2024-12-18 00:00:40,1.1,37.746,15.054,11.2,EtnaRCSC
2024-12-18 00:12:11,1.3,37.734,15.061,11.5,EtnaRCSC
2024-12-18 00:12:31,1.2,37.746,15.04,13.7,EtnaRCSC
2024-12-18 00:36:33,1.2,37.74,15.043,14.0,EtnaRCSC
2024-12-18 00:44:40,1.3,37.727,15.057,14.3,EtnaRCSC
2024-12-18 00:44:55,1.4,37.732,15.062,10.1,EtnaRCSC
2024-12-18 01:10:46,1.3,37.726,15.055,15.1,EtnaRCSC
2024-12-18 22:53:50,0.3,37.656,14.974,0.2,EtnaRCSC
2024-12-19 00:08:38,0.7,37.647,14.984,0.1,EtnaRCSC
2024-12-19 04:10:53,1.1,37.661,14.979,2.1,EtnaRCSC
2024-12-19 11:01:22,0.9,37.72,15.055,7.2,EtnaRCSC
2024-12-19 14:11:57,1.1,37.677,15.084,9.3,EtnaRCSC
2024-12-19 14:55:16,1.1,37.681,15.077,9.7,EtnaRCSC
2024-12-19 14:55:46,1.3,37.719,15.061,8.1,EtnaRCSC
2024-12-20 07:42:38,0.7,37.679,15.094,3.5,EtnaRCSC
2024-12-20 08:27:35,1.0,37.682,15.097,4.5,EtnaRCSC
2024-12-20 11:15:12,1.3,37.883,14.901,-1.6,EtnaRCSC
2024-12-20 19:05:43,0.5,37.698,14.972,0.4,EtnaRCSC
2024-12-21 12:34:38,1.4,37.754,15.036,11.6,EtnaRCSC
2024-12-21 12:34:57,1.8,37.731,15.023,15.9,EtnaRCSC
2024-12-21 12:35:14,1.5,37.715,15.006,18.4,EtnaRCSC
2024-12-22 01:47:28,1.1,37.747,15.058,11.8,EtnaRCSC
2024-12-22 01:58:33,1.4,37.626,15.082,5.9,EtnaRCSC
2024-12-22 03:09:39,1.4,37.621,15.074,3.6,EtnaRCSC
2024-12-22 04:19:26,0.9,37.612,15.076,3.8,EtnaRCSC
2024-12-22 04:21:59,1.0,37.719,14.98,8.5,EtnaRCSC
2024-12-22 08:53:23,1.0,37.688,15.065,5.5,EtnaRCSC
2024-12-22 08:56:50,1.1,37.645,15.098,7.6,EtnaRCSC
2024-12-22 09:03:28,1.0,37.694,15.045,6.5,EtnaRCSC
2024-12-22 09:10:09,0.9,37.69,15.046,6.5,EtnaRCSC
2024-12-22 09:57:24,1.4,37.689,15.048,6.7,EtnaRCSC
2024-12-22 10:38:45,1.0,37.701,15.039,3.9,EtnaRCSC
2024-12-22 11:52:55,0.4,37.68,14.984,3.6,EtnaRCSC
2024-12-22 22:49:13,2.2,37.62,15.076,7.3,EtnaRCSC
2024-12-22 23:50:33,0.7,37.778,15.119,2.1,EtnaRCSC
2024-12-23 08:16:35,1.5,37.61,15.063,7.7,EtnaRCSC
2024-12-23 09:37:26,0.9,37.747,14.962,5.1,EtnaRCSC
2024-12-23 20:48:43,1.8,37.778,14.795,18.6,EtnaRCSC
2024-12-23 22:55:37,0.6,37.796,15.025,-0.1,EtnaRCSC
2024-12-23 23:05:23,1.5,37.724,14.789,14.6,EtnaRCSC
2024-12-24 04:55:04,1.6,37.7,14.809,9.0,EtnaRCSC
2024-12-24 08:28:20,1.4,37.732,14.735,15.6,EtnaRCSC
2024-12-24 09:16:02,1.2,37.737,14.864,9.6,EtnaRCSC
2024-12-24 21:30:06,1.5,37.737,14.807,8.7,EtnaRCSC
2024-12-25 00:02:22,1.6,37.733,14.816,10.6,EtnaRCSC
2024-12-25 11:30:55,1.2,37.703,14.982,7.4,EtnaRCSC
2024-12-25 11:33:39,1.4,37.717,14.984,7.0,EtnaRCSC
2024-12-26 14:29:19,1.2,37.737,14.811,10.8,EtnaRCSC
2024-12-26 14:31:03,1.0,37.722,14.809,9.4,EtnaRCSC
2024-12-26 18:28:29,1.5,37.726,14.818,11.1,EtnaRCSC
2024-12-27 08:59:56,1.5,37.719,14.854,4.0,EtnaRCSC
2024-12-29 00:18:29,0.9,37.812,15.001,6.0,EtnaRCSC
2024-12-29 06:53:56,0.8,37.743,15.15,7.5,EtnaRCSC
2024-12-29 20:27:57,0.6,37.759,15.105,4.3,EtnaRCSC
2024-12-29 21:45:44,0.5,37.771,15.116,4.6,EtnaRCSC
2024-12-30 05:30:22,1.0,37.717,15.002,8.7,EtnaRCSC
2024-12-30 05:37:11,0.9,37.708,14.996,8.5,EtnaRCSC
2024-12-30 05:38:15,0.9,37.701,14.996,8.2,EtnaRCSC
2024-12-30 09:57:57,0.8,37.761,15.021,4.2,EtnaRCSC
2024-12-30 23:31:11,1.6,37.873,15.009,33.5,EtnaRCSC
2024-12-31 00:04:44,1.2,37.698,15.07,4.0,EtnaRCSC
2024-12-31 01:09:45,1.3,37.735,15.015,14.3,EtnaRCSC
2024-12-31 20:02:36,0.7,37.681,14.964,4.0,EtnaRCSC
2024-12-31 20:03:30,0.3,37.707,14.954,2.1,EtnaRCSC
2024-12-31 20:04:41,0.6,37.683,14.964,4.1,EtnaRCSC
2025-01-01 07:42:59,1.3,37.622,15.077,8.9,EtnaRCSC
2025-01-01 08:23:31,1.2,37.617,15.08,8.8,EtnaRCSC
2025-01-01 20:46:00,1.0,37.738,14.824,14.4,EtnaRCSC
2025-01-01 20:47:28,1.6,37.731,14.815,9.6,EtnaRCSC
2025-01-01 21:37:55,1.7,37.724,14.809,15.5,EtnaRCSC
2025-01-02 03:29:56,1.1,37.707,14.824,11.4,EtnaRCSC
2025-01-03 04:42:10,1.5,37.751,14.974,7.1,EtnaRCSC
2025-01-03 11:18:56,1.6,37.876,15.165,16.8,EtnaRCSC
2025-01-03 11:54:50,1.5,37.863,15.193,19.4,EtnaRCSC
2025-01-03 12:01:19,1.7,37.637,15.068,4.6,EtnaRCSC
2025-01-04 16:00:36,2.0,37.729,14.815,10.7,EtnaRCSC
2025-01-06 16:23:58,1.6,37.768,14.964,25.3,EtnaRCSC
2025-01-07 03:51:10,1.3,37.753,15.059,3.4,EtnaRCSC
2025-01-07 09:22:55,1.8,37.865,15.175,18.2,EtnaRCSC
2025-01-07 12:41:29,0.9,37.707,14.969,8.0,EtnaRCSC
2025-01-07 15:55:21,1.1,37.708,14.991,6.1,EtnaRCSC
2025-01-07 17:25:38,0.4,37.82,15.068,-1.6,EtnaRCSC
2025-01-07 23:15:51,1.2,37.738,14.818,10.5,EtnaRCSC
2025-01-08 00:01:42,1.7,37.737,14.818,14.8,EtnaRCSC
2025-01-08 09:03:14,1.7,37.721,14.798,14.3,EtnaRCSC
2025-01-08 16:55:43,0.7,37.807,15.05,0.3,EtnaRCSC
2025-01-10 01:32:07,1.1,37.746,15.042,3.8,EtnaRCSC
2025-01-10 01:57:15,1.5,37.881,14.911,26.6,EtnaRCSC
2025-01-10 03:05:49,1.3,37.84,14.901,31.0,EtnaRCSC
2025-01-10 04:07:07,0.8,37.749,15.035,7.3,EtnaRCSC
2025-01-10 04:08:17,0.7,37.755,15.034,6.7,EtnaRCSC
2025-01-10 06:31:05,1.2,37.852,15.196,20.4,EtnaRCSC
2025-01-10 21:23:54,0.9,37.665,14.927,3.9,EtnaRCSC
2025-01-10 22:36:23,1.1,37.676,14.956,6.5,EtnaRCSC
2025-01-13 01:28:00,1.2,37.757,14.991,15.4,EtnaRCSC
2025-01-13 01:28:21,1.2,37.75,14.986,14.0,EtnaRCSC
2025-01-13 01:28:50,1.1,37.765,14.98,13.1,EtnaRCSC
2025-01-13 06:00:30,2.1,37.641,15.02,-0.8,EtnaRCSC
2025-01-13 08:18:25,1.2,37.651,15.182,7.2,EtnaRCSC
2025-01-13 21:28:47,0.8,37.756,15.135,9.3,EtnaRCSC
2025-01-14 00:06:40,0.6,37.755,15.028,1.9,EtnaRCSC
2025-01-14 02:38:19,1.4,37.734,14.819,9.3,EtnaRCSC
2025-01-14 02:38:54,1.4,37.735,14.809,9.4,EtnaRCSC
2025-01-14 04:06:13,1.1,37.75,14.799,8.5,EtnaRCSC
2025-01-14 04:25:18,1.3,37.737,14.813,9.3,EtnaRCSC
2025-01-14 10:52:36,1.1,37.731,15.045,8.5,EtnaRCSC
2025-01-14 22:12:38,1.3,37.723,14.804,10.1,EtnaRCSC
2025-01-15 05:53:55,1.7,37.74,14.953,8.5,EtnaRCSC
2025-01-15 09:35:08,1.1,37.705,14.939,12.0,EtnaRCSC
2025-01-15 22:09:37,0.6,37.733,15.118,4.0,EtnaRCSC
2025-01-16 01:39:53,0.4,37.75,14.998,-1.6,EtnaRCSC
2025-01-16 01:50:03,0.6,37.752,15.036,2.2,EtnaRCSC
2025-01-17 11:25:39,1.6,37.738,14.891,7.2,EtnaRCSC
2025-01-19 03:10:57,1.3,37.739,14.938,6.5,EtnaRCSC
2025-01-19 11:26:31,0.5,37.779,15.118,2.1,EtnaRCSC
2025-01-19 17:13:38,1.2,37.62,15.073,-1.1,EtnaRCSC
2025-01-19 18:51:12,1.1,37.753,15.156,6.5,EtnaRCSC
2025-01-19 23:11:18,1.1,37.828,15.216,3.2,EtnaRCSC
2025-01-20 08:40:27,0.8,37.717,15.129,4.8,EtnaRCSC
2025-01-20 11:09:28,1.6,37.844,14.879,28.4,EtnaRCSC
2025-01-21 08:26:25,1.4,37.66,14.826,1.3,EtnaRCSC
2025-01-22 16:03:32,1.1,37.724,15.085,8.6,EtnaRCSC
2025-01-23 21:06:45,1.0,37.801,15.08,8.8,EtnaRCSC
2025-01-23 21:08:46,1.1,37.76,15.102,12.9,EtnaRCSC
2025-01-23 21:19:47,1.3,37.773,15.096,14.8,EtnaRCSC
2025-01-23 21:33:52,0.9,37.799,15.091,6.7,EtnaRCSC
2025-01-23 21:42:59,1.2,37.765,15.091,13.1,EtnaRCSC
2025-01-23 21:50:40,1.3,37.784,15.087,9.8,EtnaRCSC
2025-01-23 22:31:10,1.1,37.768,15.087,12.9,EtnaRCSC
2025-01-23 22:58:22,1.2,37.768,15.083,14.7,EtnaRCSC
2025-01-23 23:32:44,1.1,37.773,15.094,11.6,EtnaRCSC
2025-01-23 23:33:00,1.1,37.786,15.084,11.6,EtnaRCSC
2025-01-24 04:08:46,1.2,37.767,15.089,16.4,EtnaRCSC
2025-01-24 05:17:43,0.8,37.753,15.031,5.8,EtnaRCSC
2025-01-24 14:06:50,2.1,37.648,15.164,27.9,EtnaRCSC
2025-01-24 16:28:14,2.2,37.636,14.943,1.8,EtnaRCSC
2025-01-24 16:48:17,1.4,37.57,14.956,7.0,EtnaRCSC
2025-01-24 16:59:27,1.1,37.575,14.96,6.6,EtnaRCSC
2025-01-24 19:22:06,1.2,37.607,14.927,4.4,EtnaRCSC
2025-01-24 21:05:15,1.2,37.595,14.949,5.7,EtnaRCSC
2025-01-24 21:56:57,0.9,37.744,15.06,5.2,EtnaRCSC
2025-01-24 22:02:47,2.7,37.633,14.946,3.1,EtnaRCSC
2025-01-24 22:04:19,1.4,37.576,14.963,7.0,EtnaRCSC
2025-01-24 22:20:46,1.4,37.557,14.959,6.4,EtnaRCSC
2025-01-24 22:32:49,0.9,37.635,14.932,0.1,EtnaRCSC
2025-01-24 22:39:23,1.5,37.679,15.103,9.3,EtnaRCSC
2025-01-24 22:42:19,0.9,37.579,14.973,6.4,EtnaRCSC
2025-01-24 22:44:12,1.2,37.634,14.942,1.6,EtnaRCSC
2025-01-24 22:46:16,1.6,37.642,14.941,1.2,EtnaRCSC
2025-01-24 22:53:43,0.8,37.63,14.932,0.1,EtnaRCSC
2025-01-24 23:03:54,1.3,37.569,14.955,9.1,EtnaRCSC
2025-01-25 00:02:59,1.9,37.637,14.946,1.7,EtnaRCSC
2025-01-25 00:50:21,1.0,37.62,14.952,4.8,EtnaRCSC
2025-01-25 01:46:09,1.4,37.632,14.949,0.1,EtnaRCSC
2025-01-25 04:24:59,0.9,37.629,14.937,10.6,EtnaRCSC
2025-01-25 05:33:11,1.4,37.625,14.949,0.2,EtnaRCSC
2025-01-25 05:35:12,0.5,37.808,15.061,0.7,EtnaRCSC
2025-01-25 05:39:57,1.3,37.605,14.962,3.8,EtnaRCSC
2025-01-25 12:40:38,0.4,37.792,15.035,1.0,EtnaRCSC
2025-01-25 14:03:01,1.5,37.712,14.965,9.1,EtnaRCSC
2025-01-25 17:09:46,0.9,37.738,14.958,4.2,EtnaRCSC
2025-01-25 20:21:40,0.9,37.677,14.916,1.7,EtnaRCSC
2025-01-26 04:06:28,1.1,37.742,15.07,3.3,EtnaRCSC
2025-01-26 04:20:11,1.1,37.806,15.054,2.1,EtnaRCSC
2025-01-26 04:40:03,1.1,37.776,15.066,-1.6,EtnaRCSC
2025-01-26 04:40:14,1.5,37.805,15.07,0.8,EtnaRCSC
2025-01-26 16:37:09,1.2,37.58,14.952,7.5,EtnaRCSC
2025-01-27 09:11:45,1.1,37.873,14.859,3.0,EtnaRCSC
2025-01-27 18:13:37,1.6,37.661,14.858,-1.6,EtnaRCSC
2025-01-27 18:52:37,1.1,37.719,14.959,7.7,EtnaRCSC
2025-01-27 22:02:07,1.8,37.858,14.863,27.8,EtnaRCSC
2025-01-28 00:13:16,0.8,37.669,14.865,-1.6,EtnaRCSC
2025-01-28 06:22:39,2.0,37.822,15.064,-0.7,EtnaRCSC
2025-01-28 06:37:43,0.7,37.8,15.047,2.1,EtnaRCSC
2025-01-28 10:05:18,1.3,37.749,15.0,-1.5,EtnaRCSC
2025-01-28 14:32:52,1.2,37.81,15.055,0.3,EtnaRCSC
2025-01-28 21:16:06,0.9,37.745,15.06,7.8,EtnaRCSC
2025-01-29 02:32:42,1.0,37.749,15.027,5.3,EtnaRCSC
2025-01-29 04:00:16,0.8,37.765,15.097,7.2,EtnaRCSC
2025-01-29 04:30:51,1.0,37.75,15.096,8.5,EtnaRCSC
2025-01-30 00:38:28,1.0,37.75,15.037,4.6,EtnaRCSC
2025-01-30 09:23:20,1.4,37.764,14.796,0.4,EtnaRCSC
2025-01-30 09:28:12,1.6,37.683,14.845,14.2,EtnaRCSC
2025-01-30 21:09:15,0.9,37.79,14.935,10.0,EtnaRCSC
2025-01-31 02:09:06,1.2,37.648,15.096,10.5,EtnaRCSC
2025-01-31 11:54:26,0.5,37.76,15.05,2.2,EtnaRCSC
2025-01-31 18:16:08,0.2,37.799,15.055,-1.6,EtnaRCSC
2025-01-31 18:44:38,0.5,37.769,15.059,1.1,EtnaRCSC
2025-02-01 06:39:39,1.1,37.692,15.113,5.6,EtnaRCSC
2025-02-02 21:09:10,0.9,37.752,15.082,3.2,EtnaRCSC
2025-02-03 03:54:08,0.0,37.8,15.051,-0.9,EtnaRCSC
2025-02-03 05:12:02,0.2,37.802,15.06,0.3,EtnaRCSC
2025-02-03 05:45:31,-0.2,37.807,15.05,-1.6,EtnaRCSC
2025-02-03 08:29:07,0.3,37.804,15.047,-0.5,EtnaRCSC
2025-02-03 19:13:54,0.5,37.68,14.961,3.0,EtnaRCSC
2025-02-03 22:19:30,1.0,37.746,15.032,8.9,EtnaRCSC
2025-02-04 00:38:02,0.4,37.653,14.958,-0.3,EtnaRCSC
2025-02-04 15:19:52,0.4,37.804,15.049,-0.4,EtnaRCSC
2025-02-08 11:53:26,1.3,37.698,14.999,3.9,EtnaRCSC
2025-02-08 11:54:03,0.9,37.7,14.999,2.7,EtnaRCSC
2025-02-08 11:54:48,1.2,37.693,14.985,4.6,EtnaRCSC
2025-02-08 12:15:03,1.3,37.697,14.992,3.5,EtnaRCSC
2025-02-08 12:17:25,1.2,37.702,14.988,2.8,EtnaRCSC
2025-02-08 12:18:30,1.1,37.701,14.984,4.3,EtnaRCSC
2025-02-08 12:54:26,1.1,37.695,14.988,5.2,EtnaRCSC
2025-02-08 14:39:51,1.1,37.718,14.966,3.4,EtnaRCSC
2025-02-08 21:10:21,1.3,37.736,15.073,4.7,EtnaRCSC
2025-02-10 08:32:42,2.4,37.817,15.128,0.6,EtnaRCSC
2025-02-10 08:35:40,2.1,37.812,15.142,2.0,EtnaRCSC
2025-02-10 11:52:38,2.4,37.82,15.115,1.2,EtnaRCSC
2025-02-10 13:19:54,3.7,37.821,15.108,0.9,EtnaRCSC
2025-02-10 13:21:28,2.4,37.825,15.113,1.6,EtnaRCSC
2025-02-10 14:06:40,2.7,37.812,15.088,3.7,EtnaRCSC
2025-02-10 15:13:27,1.2,37.81,15.089,1.5,EtnaRCSC
2025-02-10 15:44:04,1.6,37.808,15.102,2.3,EtnaRCSC
2025-02-10 20:51:03,0.7,37.798,15.064,0.2,EtnaRCSC
2025-02-10 20:54:02,0.7,37.799,15.063,0.0,EtnaRCSC
2025-02-11 13:48:27,1.9,37.655,14.979,7.6,EtnaRCSC
2025-02-11 13:49:20,1.8,37.598,15.001,11.0,EtnaRCSC
2025-02-11 13:51:18,1.7,37.629,15.018,7.5,EtnaRCSC
2025-02-11 13:51:38,1.7,37.65,15.003,10.3,EtnaRCSC
2025-02-11 13:52:16,1.7,37.651,14.982,8.6,EtnaRCSC
2025-02-11 13:52:45,1.8,37.637,14.979,7.5,EtnaRCSC
2025-02-11 18:47:26,1.6,37.625,15.025,5.9,EtnaRCSC
2025-02-12 17:27:09,1.3,37.615,14.964,1.4,EtnaRCSC
2025-02-14 04:14:56,1.0,37.801,15.058,1.1,EtnaRCSC
2025-02-15 02:49:38,1.4,37.727,15.104,4.6,EtnaRCSC
2025-02-15 03:26:13,1.2,37.727,15.087,6.1,EtnaRCSC
2025-02-15 21:37:39,1.8,37.652,14.853,0.1,EtnaRCSC
2025-02-15 22:55:52,1.5,37.645,14.833,-1.6,EtnaRCSC
2025-02-16 20:18:20,1.1,37.809,15.068,0.9,EtnaRCSC
2025-02-18 20:04:23,1.2,37.754,15.152,4.2,EtnaRCSC
2025-02-19 12:01:20,2.8,37.578,15.077,0.9,EtnaRCSC
2025-02-19 12:08:09,2.0,37.584,15.118,-1.2,EtnaRCSC
2025-02-19 15:08:50,1.6,37.751,15.162,4.0,EtnaRCSC
2025-02-19 19:39:32,1.8,37.584,15.095,0.9,EtnaRCSC
2025-02-19 19:48:14,1.4,37.643,14.863,0.1,EtnaRCSC
2025-02-19 20:03:15,0.9,37.635,14.873,-0.2,EtnaRCSC
2025-02-20 02:57:45,0.9,37.752,15.051,5.4,EtnaRCSC
2025-02-20 16:45:57,1.3,37.706,14.949,6.4,EtnaRCSC
2025-02-20 19:55:42,1.1,37.738,15.076,5.4,EtnaRCSC
2025-02-20 19:56:21,1.0,37.735,15.068,4.5,EtnaRCSC
2025-02-20 21:06:01,1.2,37.737,15.08,4.6,EtnaRCSC
2025-02-21 00:06:06,1.5,37.612,14.812,-0.6,EtnaRCSC
2025-02-21 02:23:55,0.6,37.652,14.855,0.0,EtnaRCSC
2025-02-22 10:47:50,1.2,37.645,14.86,3.9,EtnaRCSC
2025-02-23 03:53:53,0.7,37.642,14.845,5.0,EtnaRCSC
2025-02-23 03:58:44,0.8,37.651,14.88,1.4,EtnaRCSC
2025-02-23 04:15:15,1.2,37.655,14.888,1.5,EtnaRCSC
2025-02-23 04:24:25,1.6,37.692,15.152,5.6,EtnaRCSC
2025-02-23 17:57:01,1.0,37.709,15.092,3.7,EtnaRCSC
2025-02-23 20:37:31,1.1,37.74,15.14,6.9,EtnaRCSC
2025-02-23 23:35:20,2.8,37.6,15.088,-1.6,EtnaRCSC
2025-02-24 19:40:52,2.2,37.584,15.084,-1.5,EtnaRCSC
2025-02-24 19:44:36,2.3,37.599,15.077,-1.5,EtnaRCSC
2025-02-25 09:33:09,1.8,37.776,14.889,32.1,EtnaRCSC
2025-02-25 18:22:19,0.8,37.753,14.83,5.2,EtnaRCSC
2025-02-25 18:24:45,0.7,37.749,14.826,4.2,EtnaRCSC
2025-02-25 18:30:28,2.4,37.75,14.818,6.0,EtnaRCSC
2025-02-25 18:35:17,0.7,37.742,14.833,5.1,EtnaRCSC
2025-02-25 18:38:58,0.7,37.751,14.827,4.2,EtnaRCSC
2025-02-25 18:50:58,0.5,37.751,14.831,3.6,EtnaRCSC
2025-02-25 19:10:00,0.6,37.748,14.833,5.0,EtnaRCSC
2025-02-25 19:21:28,0.5,37.738,14.832,5.4,EtnaRCSC
2025-02-25 20:02:35,0.8,37.748,14.831,5.4,EtnaRCSC
2025-02-25 20:03:34,0.6,37.751,14.807,5.7,EtnaRCSC
2025-02-25 21:04:31,0.5,37.738,14.835,5.4,EtnaRCSC
2025-02-26 03:06:38,0.5,37.761,14.826,5.1,EtnaRCSC
2025-02-26 03:29:08,0.6,37.766,14.816,4.7,EtnaRCSC
2025-02-26 04:06:47,0.9,37.739,14.826,6.0,EtnaRCSC
2025-02-26 04:10:44,0.6,37.732,14.843,7.0,EtnaRCSC
2025-02-26 04:22:10,1.0,37.75,14.83,6.1,EtnaRCSC
2025-02-26 04:23:15,0.8,37.741,14.828,5.3,EtnaRCSC
2025-02-26 04:30:24,0.8,37.752,14.831,4.6,EtnaRCSC
2025-02-26 09:06:24,1.9,37.848,14.842,17.7,EtnaRCSC
2025-02-27 10:00:03,2.2,37.598,15.077,-1.6,EtnaRCSC
2025-02-27 11:03:58,1.0,37.741,14.826,5.3,EtnaRCSC
2025-02-27 11:13:20,1.3,37.757,14.82,5.4,EtnaRCSC
2025-02-27 11:35:52,1.6,37.595,15.071,1.7,EtnaRCSC
2025-02-27 12:46:37,1.8,37.517,15.03,-1.0,EtnaRCSC
2025-03-01 04:19:20,2.3,37.762,14.701,17.4,EtnaRCSC
2025-03-01 12:57:39,1.5,37.719,14.862,13.5,EtnaRCSC
2025-03-01 20:18:05,1.9,37.795,15.156,5.2,EtnaRCSC
2025-03-02 04:51:22,1.1,37.789,15.162,5.4,EtnaRCSC
2025-03-02 06:02:28,1.2,37.748,15.152,3.5,EtnaRCSC
2025-03-02 06:11:21,0.7,37.751,15.136,5.1,EtnaRCSC
2025-03-02 07:28:10,1.0,37.792,15.178,10.0,EtnaRCSC
2025-03-02 09:46:45,0.7,37.769,15.145,-0.6,EtnaRCSC
2025-03-02 14:04:26,0.9,37.742,15.035,3.7,EtnaRCSC
2025-03-02 18:40:00,0.7,37.742,15.021,-1.6,EtnaRCSC
2025-03-02 20:10:04,0.8,37.694,15.112,3.8,EtnaRCSC
2025-03-04 00:02:30,1.8,37.659,14.938,11.3,EtnaRCSC
2025-03-05 01:51:29,1.0,37.78,14.84,2.9,EtnaRCSC
2025-03-05 04:20:03,2.0,37.888,14.839,31.1,EtnaRCSC
2025-03-05 14:02:01,1.5,37.798,15.161,6.3,EtnaRCSC
2025-03-05 14:30:17,1.4,37.8,15.157,6.5,EtnaRCSC
2025-03-05 14:34:59,1.2,37.772,15.189,4.8,EtnaRCSC
2025-03-05 15:34:02,1.3,37.762,15.204,2.6,EtnaRCSC
2025-03-05 17:34:13,1.3,37.798,15.171,8.3,EtnaRCSC
2025-03-05 17:36:18,1.2,37.802,15.167,9.4,EtnaRCSC
2025-03-06 09:57:24,1.8,37.674,15.18,6.3,EtnaRCSC
2025-03-06 16:26:27,1.0,37.715,14.876,3.9,EtnaRCSC
2025-03-09 00:38:40,1.1,37.784,14.718,12.0,EtnaRCSC
2025-03-09 00:48:59,1.1,37.78,14.715,12.7,EtnaRCSC
2025-03-09 00:49:54,1.7,37.78,14.715,13.0,EtnaRCSC
2025-03-09 01:10:52,1.0,37.779,14.727,11.7,EtnaRCSC
2025-03-10 12:58:28,1.8,37.755,15.166,8.3,EtnaRCSC
2025-03-12 10:36:55,1.2,37.853,15.027,10.9,EtnaRCSC
2025-03-12 18:07:38,0.9,37.732,14.975,6.2,EtnaRCSC
2025-03-12 18:32:37,1.2,37.692,15.086,3.7,EtnaRCSC
2025-03-12 19:15:47,1.1,37.692,15.087,3.8,EtnaRCSC
2025-03-12 19:26:46,1.1,37.729,14.974,7.0,EtnaRCSC
2025-03-13 01:30:31,0.7,37.685,15.074,1.9,EtnaRCSC
2025-03-13 14:37:21,0.9,37.759,15.056,3.8,EtnaRCSC
2025-03-18 01:51:40,0.8,37.726,15.123,8.4,EtnaRCSC
2025-03-18 01:58:08,0.6,37.738,15.116,6.0,EtnaRCSC
2025-03-18 03:34:28,0.6,37.739,15.139,4.0,EtnaRCSC
2025-03-18 09:48:04,0.8,37.654,14.904,4.1,EtnaRCSC
2025-03-18 18:40:05,1.5,37.746,15.102,9.0,EtnaRCSC
2025-03-18 23:45:40,1.4,37.869,14.861,23.2,EtnaRCSC
2025-03-20 21:11:50,1.0,37.852,15.035,10.0,EtnaRCSC
2025-03-22 01:20:45,1.2,37.724,14.958,6.4,EtnaRCSC
2025-03-22 13:25:19,1.1,37.724,15.028,8.4,EtnaRCSC
2025-03-22 23:26:47,1.0,37.718,14.97,7.1,EtnaRCSC
2025-03-23 23:28:04,1.5,37.66,14.907,1.6,EtnaRCSC
2025-03-25 02:19:39,1.1,37.705,15.069,0.9,EtnaRCSC
2025-03-25 20:41:35,1.9,37.885,14.828,26.0,EtnaRCSC
2025-03-26 12:04:05,0.8,37.698,15.03,2.9,EtnaRCSC
2025-03-26 12:17:04,0.8,37.748,14.968,5.5,EtnaRCSC
2025-03-26 12:17:29,0.9,37.75,14.957,5.2,EtnaRCSC
2025-03-26 12:26:32,1.0,37.748,14.958,5.2,EtnaRCSC
2025-03-26 13:58:50,1.1,37.751,15.126,7.7,EtnaRCSC
2025-03-26 21:43:14,0.9,37.748,15.041,5.2,EtnaRCSC
2025-03-26 22:13:37,1.3,37.715,15.185,8.0,EtnaRCSC
2025-03-26 23:14:29,1.0,37.718,15.178,7.9,EtnaRCSC
2025-03-28 10:20:26,2.1,37.726,14.94,8.2,EtnaRCSC
2025-03-28 14:54:25,1.2,37.736,14.929,5.3,EtnaRCSC
2025-03-28 15:14:41,1.7,37.728,14.924,6.8,EtnaRCSC
2025-03-28 15:16:01,1.6,37.734,14.937,5.3,EtnaRCSC
2025-03-28 15:18:01,1.9,37.719,14.93,8.2,EtnaRCSC
2025-03-28 15:21:44,1.8,37.722,14.932,7.8,EtnaRCSC
2025-03-28 18:39:27,1.3,37.74,14.962,9.0,EtnaRCSC
2025-03-28 21:22:28,1.9,37.734,14.936,7.9,EtnaRCSC
2025-03-29 10:01:15,2.0,37.843,14.807,28.1,EtnaRCSC
2025-03-29 20:40:31,0.6,37.712,14.843,3.6,EtnaRCSC
2025-03-30 22:49:05,0.7,37.652,14.845,4.0,EtnaRCSC
2025-03-31 03:05:39,0.8,37.727,15.049,6.7,EtnaRCSC
2025-04-01 11:26:33,0.6,37.728,15.121,2.6,EtnaRCSC
2025-04-02 03:36:58,1.1,37.739,15.089,5.7,EtnaRCSC
2025-04-02 09:51:10,0.9,37.766,14.819,4.3,EtnaRCSC
2025-04-02 21:20:53,1.2,37.655,15.036,4.7,EtnaRCSC
2025-04-04 14:38:32,0.9,37.723,15.155,6.0,EtnaRCSC
2025-04-04 17:43:05,0.4,37.752,15.134,4.1,EtnaRCSC
2025-04-04 18:40:41,1.2,37.846,15.19,18.9,EtnaRCSC
2025-04-04 19:21:58,0.6,37.896,15.128,10.9,EtnaRCSC
2025-04-04 20:01:34,1.3,37.852,15.169,17.9,EtnaRCSC
2025-04-04 20:05:46,0.8,37.856,15.175,16.8,EtnaRCSC
2025-04-05 08:52:26,0.8,37.732,15.098,4.0,EtnaRCSC
2025-04-05 09:58:25,1.1,37.723,14.911,8.1,EtnaRCSC
2025-04-05 17:06:49,0.7,37.742,15.009,5.4,EtnaRCSC
2025-04-05 22:23:27,0.5,37.816,15.048,-0.2,EtnaRCSC
2025-04-05 22:57:44,0.8,37.757,15.03,3.1,EtnaRCSC
2025-04-07 21:36:33,1.2,37.714,14.934,9.3,EtnaRCSC
2025-04-08 10:45:22,1.1,37.738,14.921,4.9,EtnaRCSC
2025-04-08 23:31:37,0.8,37.746,14.984,0.3,EtnaRCSC
2025-04-10 04:34:25,1.0,37.717,15.087,6.5,EtnaRCSC
2025-04-10 04:55:20,1.3,37.784,14.858,3.5,EtnaRCSC
2025-04-10 04:55:54,1.0,37.782,14.839,7.3,EtnaRCSC
2025-04-10 05:15:15,0.9,37.782,14.862,4.0,EtnaRCSC
2025-04-10 13:02:20,1.3,37.734,14.959,16.6,EtnaRCSC
2025-04-10 13:05:33,1.4,37.82,14.981,20.7,EtnaRCSC
2025-04-11 03:53:51,1.4,37.795,14.964,24.0,EtnaRCSC
2025-04-12 21:28:16,0.9,37.746,15.054,2.9,EtnaRCSC
2025-04-13 11:54:55,0.8,37.741,15.048,2.3,EtnaRCSC
2025-04-13 17:17:41,0.7,37.806,15.054,-0.7,EtnaRCSC
2025-04-14 01:33:02,0.7,37.733,15.115,9.2,EtnaRCSC
2025-04-14 15:34:23,1.1,37.816,15.048,-0.8,EtnaRCSC
2025-04-14 23:29:13,1.0,37.726,14.929,5.7,EtnaRCSC
2025-04-15 00:06:38,2.2,37.675,15.09,0.6,EtnaRCSC
2025-04-15 01:11:25,0.0,37.705,15.0,-1.6,EtnaRCSC
2025-04-15 05:21:41,2.1,37.67,15.093,1.7,EtnaRCSC
2025-04-16 09:53:26,0.9,37.743,15.069,3.4,EtnaRCSC
2025-04-17 18:14:53,1.0,37.663,15.116,2.1,EtnaRCSC
2025-04-17 19:42:12,1.6,37.806,15.048,-1.1,EtnaRCSC
2025-04-19 19:47:10,0.9,37.739,15.06,2.4,EtnaRCSC
2025-04-19 19:57:01,1.1,37.706,14.993,12.2,EtnaRCSC
2025-04-20 17:50:52,2.2,37.739,14.822,19.2,EtnaRCSC
2025-04-21 04:16:14,0.8,37.748,15.042,5.0,EtnaRCSC
2025-04-21 21:52:20,0.9,37.729,14.938,7.9,EtnaRCSC
2025-04-22 03:39:09,0.7,37.759,15.083,5.7,EtnaRCSC
2025-04-22 03:41:32,0.4,37.675,14.988,1.9,EtnaRCSC
2025-04-22 14:53:41,1.5,37.702,14.989,10.9,EtnaRCSC
2025-04-22 22:57:50,1.6,37.747,15.037,6.1,EtnaRCSC
2025-04-23 20:12:01,1.2,37.776,15.085,11.2,EtnaRCSC
2025-04-24 03:12:21,1.4,37.687,15.047,8.2,EtnaRCSC
2025-04-25 10:55:52,0.6,37.801,15.047,-0.7,EtnaRCSC
2025-04-25 19:00:20,0.5,37.677,14.991,3.6,EtnaRCSC
2025-04-25 21:01:51,1.1,37.715,15.013,3.5,EtnaRCSC
2025-04-26 08:53:49,1.0,37.773,15.147,6.8,EtnaRCSC
2025-04-26 12:20:47,1.1,37.762,15.115,9.6,EtnaRCSC
2025-04-26 23:03:51,1.8,37.754,15.15,8.9,EtnaRCSC
2025-04-27 00:02:40,0.7,37.733,15.099,3.8,EtnaRCSC
2025-04-27 00:02:49,0.8,37.742,15.115,2.2,EtnaRCSC
2025-04-27 00:12:56,0.9,37.734,15.104,3.6,EtnaRCSC
2025-04-27 17:43:35,0.4,37.801,15.049,-1.6,EtnaRCSC
2025-04-27 19:01:23,0.9,37.67,14.943,6.2,EtnaRCSC
2025-04-27 22:33:09,0.6,37.744,15.13,5.5,EtnaRCSC
2025-04-27 23:35:52,1.1,37.823,14.877,9.5,EtnaRCSC
2025-04-28 00:49:57,1.1,37.632,15.076,-1.6,EtnaRCSC
2025-04-28 01:46:58,1.2,37.819,14.882,10.0,EtnaRCSC
2025-04-28 02:31:50,1.0,37.813,14.886,9.2,EtnaRCSC
2025-04-29 02:37:31,0.7,37.73,15.062,5.1,EtnaRCSC
2025-04-30 20:46:10,0.7,37.746,15.077,1.5,EtnaRCSC
2025-04-30 22:02:43,1.0,37.682,15.107,10.6,EtnaRCSC
2025-04-30 22:13:30,0.9,37.692,15.103,9.9,EtnaRCSC
2025-05-01 07:20:16,0.4,37.803,15.048,-1.6,EtnaRCSC
2025-05-01 07:20:41,0.4,37.803,15.049,-1.6,EtnaRCSC
2025-05-01 07:21:17,0.7,37.803,15.05,-1.4,EtnaRCSC
2025-05-01 19:52:40,0.6,37.765,15.084,3.9,EtnaRCSC
2025-05-03 00:32:33,0.8,37.748,15.005,-0.3,EtnaRCSC
2025-05-03 22:04:31,0.5,37.8,15.056,-0.1,EtnaRCSC
2025-05-03 22:04:47,0.4,37.8,15.051,-0.2,EtnaRCSC
2025-05-05 17:26:28,1.3,37.746,14.902,4.2,EtnaRCSC
2025-05-06 02:56:57,0.7,37.683,14.939,4.9,EtnaRCSC
2025-05-06 07:56:25,0.9,37.748,14.995,-0.4,EtnaRCSC
2025-05-07 01:05:53,1.6,37.537,15.233,26.7,EtnaRCSC
2025-05-07 01:50:37,0.8,37.713,15.012,3.6,EtnaRCSC
2025-05-07 18:15:17,1.7,37.641,15.265,1.5,EtnaRCSC
2025-05-08 05:02:11,1.0,37.644,15.191,-0.5,EtnaRCSC
2025-05-09 02:35:57,1.0,37.725,15.043,5.3,EtnaRCSC
2025-05-09 11:09:24,1.0,37.699,15.085,4.3,EtnaRCSC
2025-05-09 11:33:04,0.5,37.644,14.94,3.8,EtnaRCSC
2025-05-09 14:31:57,1.5,37.681,15.056,6.2,EtnaRCSC
2025-05-09 15:24:37,1.2,37.641,14.955,4.4,EtnaRCSC
2025-05-09 18:55:00,1.3,37.678,15.053,4.2,EtnaRCSC
2025-05-10 19:20:50,1.1,37.672,15.04,8.1,EtnaRCSC
2025-05-11 12:18:03,0.9,37.753,15.007,1.3,EtnaRCSC
2025-05-11 22:26:06,0.7,37.75,15.076,4.4,EtnaRCSC
2025-05-12 01:05:51,2.1,37.672,15.055,6.8,EtnaRCSC
2025-05-12 08:55:47,1.5,37.726,14.866,14.3,EtnaRCSC
2025-05-12 11:23:19,1.0,37.741,14.874,6.3,EtnaRCSC
2025-05-13 05:41:25,1.2,37.87,14.957,15.2,EtnaRCSC
2025-05-13 05:43:21,1.3,37.863,14.951,16.3,EtnaRCSC
2025-05-13 16:18:43,1.5,37.714,15.151,8.6,EtnaRCSC
2025-05-13 16:26:01,1.2,37.67,14.953,4.3,EtnaRCSC
2025-05-13 16:38:53,0.8,37.671,14.952,5.1,EtnaRCSC
2025-05-13 16:43:17,1.1,37.662,14.949,2.7,EtnaRCSC
2025-05-13 16:52:48,1.6,37.734,15.132,9.9,EtnaRCSC
2025-05-14 18:44:41,1.0,37.645,15.007,-1.0,EtnaRCSC
2025-05-15 07:02:57,1.4,37.726,14.782,4.5,EtnaRCSC
2025-05-16 12:01:14,1.1,37.735,15.112,10.5,EtnaRCSC
2025-05-18 14:33:36,0.9,37.744,15.134,11.2,EtnaRCSC
2025-05-18 14:38:33,0.7,37.758,15.115,10.9,EtnaRCSC
2025-05-20 00:29:25,0.8,37.75,14.993,-0.2,EtnaRCSC
2025-05-20 00:44:22,0.8,37.733,14.989,5.9,EtnaRCSC
2025-05-21 17:19:42,1.7,37.655,14.969,6.1,EtnaRCSC
2025-05-22 00:17:05,0.9,37.674,14.956,8.2,EtnaRCSC
2025-05-22 02:41:19,1.0,37.736,15.046,4.3,EtnaRCSC
2025-05-22 06:19:16,0.8,37.767,15.116,1.8,EtnaRCSC
2025-05-22 12:08:11,0.9,37.737,15.087,4.1,EtnaRCSC
2025-05-22 21:36:36,0.8,37.76,15.029,3.9,EtnaRCSC
2025-05-23 11:36:50,0.9,37.705,14.993,5.3,EtnaRCSC
2025-05-24 00:50:09,1.6,37.888,14.822,13.9,EtnaRCSC
2025-05-24 00:58:28,1.4,37.888,14.822,14.0,EtnaRCSC
2025-05-24 00:59:30,1.0,37.885,14.827,13.8,EtnaRCSC
2025-05-24 01:00:51,1.0,37.886,14.824,13.4,EtnaRCSC
2025-05-24 04:06:50,1.1,37.661,15.104,-0.6,EtnaRCSC
2025-05-24 16:16:38,0.6,37.671,14.94,3.7,EtnaRCSC
2025-05-24 18:00:30,1.6,37.795,14.97,22.9,EtnaRCSC
2025-05-25 05:07:36,1.3,37.732,14.972,5.0,EtnaRCSC
2025-05-26 04:12:00,1.0,37.716,15.0,7.5,EtnaRCSC
2025-05-26 04:12:55,0.9,37.718,15.0,7.3,EtnaRCSC
2025-05-26 04:13:34,1.0,37.721,14.995,7.6,EtnaRCSC
2025-05-26 05:25:31,0.8,37.757,15.005,1.3,EtnaRCSC
2025-05-26 10:17:28,1.4,37.724,14.99,11.7,EtnaRCSC
2025-05-26 10:18:55,1.4,37.723,14.991,11.8,EtnaRCSC
2025-05-26 18:06:03,0.7,37.804,15.05,-0.3,EtnaRCSC
2025-05-26 23:45:58,0.9,37.722,15.04,4.3,EtnaRCSC
2025-05-27 19:14:09,1.4,37.662,14.977,5.1,EtnaRCSC
2025-05-28 01:12:16,0.7,37.724,14.933,0.9,EtnaRCSC
2025-05-28 08:17:34,1.2,37.773,15.009,14.8,EtnaRCSC
2025-05-28 09:48:45,1.8,37.643,14.997,-1.3,EtnaRCSC
2025-05-28 10:24:55,1.6,37.645,15.0,-1.1,EtnaRCSC
2025-05-28 12:40:27,1.6,37.538,15.162,23.0,EtnaRCSC
2025-05-29 00:44:21,0.7,37.729,15.038,5.3,EtnaRCSC
2025-05-29 03:19:47,1.2,37.842,14.911,16.7,EtnaRCSC
2025-05-29 03:33:47,1.3,37.707,14.725,15.3,EtnaRCSC
2025-05-29 15:00:14,1.0,37.767,14.804,4.3,EtnaRCSC
2025-05-29 17:02:03,1.0,37.754,14.854,3.5,EtnaRCSC
2025-05-29 17:24:52,1.0,37.741,14.897,5.3,EtnaRCSC
2025-05-30 17:29:36,0.9,37.649,14.936,4.6,EtnaRCSC
2025-06-01 09:57:25,1.0,37.741,15.059,5.7,EtnaRCSC
2025-06-01 09:58:03,1.2,37.748,15.104,11.2,EtnaRCSC
2025-06-01 17:46:26,0.9,37.76,15.13,5.1,EtnaRCSC
2025-06-01 21:58:13,0.4,37.802,15.056,-0.4,EtnaRCSC
2025-06-02 04:21:21,1.3,37.739,15.143,4.0,EtnaRCSC
2025-06-03 12:08:25,1.4,37.752,14.8,-0.3,EtnaRCSC
2025-06-04 12:43:24,0.9,37.777,15.05,2.5,EtnaRCSC
2025-06-05 10:01:18,1.8,37.668,15.092,0.3,EtnaRCSC
2025-06-05 10:02:26,1.4,37.666,15.096,0.0,EtnaRCSC
2025-06-05 11:19:06,0.9,37.666,15.098,-1.4,EtnaRCSC
2025-06-05 18:48:48,0.8,37.756,15.094,2.3,EtnaRCSC
2025-06-05 23:41:19,1.0,37.677,14.948,4.9,EtnaRCSC
2025-06-06 01:34:06,1.3,37.753,14.948,8.1,EtnaRCSC
2025-06-06 18:48:57,0.8,37.748,14.998,2.1,EtnaRCSC
2025-06-07 01:33:47,0.7,37.75,14.997,0.5,EtnaRCSC
2025-06-07 17:14:22,1.9,37.725,14.767,5.0,EtnaRCSC
2025-06-08 14:51:00,1.5,37.813,15.051,-0.6,EtnaRCSC
2025-06-08 19:05:09,-0.1,37.803,15.047,-1.6,EtnaRCSC
2025-06-08 20:03:09,-0.1,37.802,15.051,-1.6,EtnaRCSC
2025-06-09 01:53:22,1.2,37.672,15.159,3.6,EtnaRCSC
2025-06-09 03:00:56,0.8,37.755,15.025,3.6,EtnaRCSC
2025-06-09 03:01:20,0.7,37.754,15.026,3.3,EtnaRCSC
2025-06-09 03:01:33,0.8,37.754,15.031,3.6,EtnaRCSC
2025-06-09 03:04:06,0.6,37.754,15.039,2.8,EtnaRCSC
2025-06-09 03:09:19,1.0,37.757,15.03,3.4,EtnaRCSC
2025-06-09 18:12:57,1.5,37.691,14.951,-0.7,EtnaRCSC
2025-06-09 18:28:11,0.9,37.739,15.04,5.2,EtnaRCSC
2025-06-09 18:46:28,0.2,37.803,15.059,0.8,EtnaRCSC
2025-06-09 18:58:42,0.7,37.691,14.947,0.3,EtnaRCSC
2025-06-09 19:56:20,1.8,37.723,14.898,18.9,EtnaRCSC
2025-06-09 21:28:41,0.2,37.798,15.057,0.2,EtnaRCSC
2025-06-10 02:09:19,0.5,37.755,15.063,2.1,EtnaRCSC
2025-06-10 02:09:56,0.7,37.754,15.066,2.4,EtnaRCSC
2025-06-10 04:55:18,0.8,37.818,15.191,17.2,EtnaRCSC
2025-06-10 05:36:23,1.2,37.803,15.235,19.9,EtnaRCSC
2025-06-10 06:29:30,1.4,37.844,15.177,16.0,EtnaRCSC
2025-06-10 18:24:31,0.6,37.738,14.796,9.8,EtnaRCSC
2025-06-10 22:46:10,1.0,37.745,15.055,3.9,EtnaRCSC
2025-06-11 02:58:08,0.4,37.749,15.05,2.1,EtnaRCSC
2025-06-11 06:09:28,0.6,37.763,15.017,2.1,EtnaRCSC
2025-06-11 08:47:04,1.0,37.677,14.956,1.8,EtnaRCSC
2025-06-11 17:43:25,0.1,37.712,15.011,-0.1,EtnaRCSC
2025-06-11 23:34:43,1.3,37.767,14.786,27.1,EtnaRCSC
2025-06-12 04:54:19,1.1,37.737,15.065,6.3,EtnaRCSC
2025-06-12 07:23:11,1.9,37.861,14.852,14.4,EtnaRCSC
2025-06-12 12:37:18,1.0,37.738,14.92,6.0,EtnaRCSC
2025-06-12 17:21:00,1.2,37.747,14.96,7.4,EtnaRCSC
2025-06-12 21:46:58,0.6,37.696,14.95,0.2,EtnaRCSC
2025-06-13 15:04:58,0.2,37.802,15.058,0.4,EtnaRCSC
2025-06-13 15:05:03,0.7,37.801,15.055,0.0,EtnaRCSC
2025-06-13 15:05:34,0.7,37.802,15.05,-0.5,EtnaRCSC
2025-06-13 19:46:03,1.1,37.741,15.074,1.1,EtnaRCSC
2025-06-14 03:14:53,0.7,37.734,15.109,3.5,EtnaRCSC
2025-06-14 03:52:26,0.9,37.738,15.11,4.2,EtnaRCSC
2025-06-14 17:41:23,1.6,37.696,14.946,-1.0,EtnaRCSC
2025-06-15 10:13:30,0.8,37.622,14.994,3.8,EtnaRCSC
2025-06-16 13:21:36,1.1,37.717,15.127,3.8,EtnaRCSC
2025-06-16 21:12:32,0.8,37.739,15.123,3.2,EtnaRCSC
2025-06-16 23:24:36,0.8,37.74,15.051,4.9,EtnaRCSC
2025-06-16 23:25:23,0.7,37.747,15.047,3.4,EtnaRCSC
2025-06-16 23:59:29,0.3,37.695,14.953,1.7,EtnaRCSC
2025-06-17 00:07:49,0.8,37.743,15.051,3.4,EtnaRCSC
2025-06-17 19:47:35,0.9,37.665,15.093,2.0,EtnaRCSC
2025-06-17 20:28:11,1.0,37.678,15.029,3.4,EtnaRCSC
2025-06-17 23:04:40,0.5,37.693,14.954,2.3,EtnaRCSC
2025-06-18 09:29:11,0.8,37.743,15.026,5.0,EtnaRCSC
2025-06-18 21:25:17,1.8,37.741,15.065,4.4,EtnaRCSC
2025-06-18 21:34:29,1.0,37.737,15.061,4.6,EtnaRCSC
2025-06-18 23:38:05,2.0,37.865,14.897,22.7,EtnaRCSC
2025-06-20 02:15:26,1.2,37.783,14.799,7.7,EtnaRCSC
2025-06-20 15:35:12,0.9,37.746,15.056,4.2,EtnaRCSC
2025-06-21 04:30:09,1.5,37.734,15.126,10.0,EtnaRCSC
2025-06-21 04:30:50,1.3,37.715,15.132,12.1,EtnaRCSC
2025-06-21 21:36:03,1.1,37.688,14.984,8.6,EtnaRCSC
2025-06-22 00:13:48,1.0,37.677,14.948,10.2,EtnaRCSC
2025-06-22 00:14:07,1.4,37.688,14.952,0.7,EtnaRCSC
2025-06-22 15:26:12,1.7,37.585,15.119,0.9,EtnaRCSC
2025-06-23 23:55:21,1.2,37.737,15.064,3.9,EtnaRCSC
2025-06-24 17:56:29,0.3,37.802,15.066,-1.6,EtnaRCSC
2025-06-24 19:49:31,1.4,37.798,15.02,17.5,EtnaRCSC
2025-06-24 21:13:05,1.7,37.687,14.954,3.4,EtnaRCSC
2025-06-24 21:17:09,0.9,37.623,14.947,6.0,EtnaRCSC
2025-06-24 21:41:53,0.9,37.671,14.961,3.4,EtnaRCSC
2025-06-24 21:49:42,0.7,37.689,14.947,1.9,EtnaRCSC
2025-06-24 21:51:45,0.8,37.742,15.054,4.0,EtnaRCSC
2025-06-24 23:00:43,1.2,37.644,14.961,9.0,EtnaRCSC
2025-06-25 07:35:55,1.3,37.672,15.047,3.1,EtnaRCSC
2025-06-25 12:44:54,0.7,37.663,15.037,2.1,EtnaRCSC
2025-06-25 21:34:33,0.8,37.678,14.958,5.0,EtnaRCSC
2025-06-26 17:14:17,1.3,37.677,15.091,3.5,EtnaRCSC
2025-06-27 03:25:41,1.2,37.881,14.968,13.6,EtnaRCSC
2025-06-27 05:47:50,1.1,37.724,14.953,8.4,EtnaRCSC
2025-06-28 11:55:13,1.1,37.742,15.076,4.5,EtnaRCSC
2025-06-28 21:04:03,0.5,37.708,14.999,2.0,EtnaRCSC
2025-06-28 23:23:45,0.9,37.762,15.132,5.1,EtnaRCSC
2025-06-29 06:29:07,0.9,37.726,14.952,6.0,EtnaRCSC
2025-06-29 14:08:40,1.3,37.656,15.177,-1.4,EtnaRCSC
2025-06-29 17:26:59,1.2,37.644,15.185,-1.6,EtnaRCSC
2025-06-29 22:15:03,1.0,37.764,15.181,8.5,EtnaRCSC
2025-06-30 06:33:34,0.9,37.763,14.811,5.6,EtnaRCSC
2025-07-02 01:04:10,0.9,37.739,15.043,9.9,EtnaRCSC
2025-07-02 01:04:46,1.2,37.736,15.016,12.3,EtnaRCSC
2025-07-02 01:15:18,1.1,37.719,15.058,12.9,EtnaRCSC
2025-07-02 01:15:38,1.0,37.711,15.022,10.7,EtnaRCSC
2025-07-02 01:16:26,1.1,37.714,15.058,14.6,EtnaRCSC
2025-07-02 01:23:10,1.2,37.708,15.044,14.9,EtnaRCSC
2025-07-03 05:44:11,0.9,37.745,15.043,7.5,EtnaRCSC
2025-07-03 20:48:14,0.8,37.739,15.145,5.5,EtnaRCSC
2025-07-03 21:54:55,0.1,37.797,15.035,0.9,EtnaRCSC
2025-07-06 05:48:14,2.2,37.87,14.775,30.6,EtnaRCSC
2025-07-06 11:14:23,0.5,37.719,14.872,4.4,EtnaRCSC
2025-07-06 13:40:57,1.2,37.808,15.033,16.8,EtnaRCSC
2025-07-07 03:07:39,1.3,37.597,15.088,1.4,EtnaRCSC
2025-07-07 10:40:46,1.0,37.748,15.051,7.3,EtnaRCSC
2025-07-07 14:54:41,1.3,37.739,15.148,7.7,EtnaRCSC
2025-07-07 15:35:02,1.0,37.749,15.124,8.1,EtnaRCSC
2025-07-07 15:35:28,1.0,37.767,15.123,3.5,EtnaRCSC
2025-07-07 15:35:40,1.1,37.754,15.113,9.0,EtnaRCSC
2025-07-07 15:37:05,0.9,37.747,15.134,7.8,EtnaRCSC
2025-07-07 17:15:58,0.9,37.67,15.053,2.3,EtnaRCSC
2025-07-07 20:10:33,1.2,37.673,15.04,3.3,EtnaRCSC
2025-07-07 20:40:03,0.7,37.73,15.108,5.8,EtnaRCSC
2025-07-09 04:22:19,0.5,37.744,15.1,3.2,EtnaRCSC
2025-07-09 06:24:17,1.2,37.758,14.919,14.1,EtnaRCSC
2025-07-09 07:02:34,0.9,37.753,14.971,3.5,EtnaRCSC
2025-07-09 09:20:39,0.8,37.654,15.077,4.1,EtnaRCSC
2025-07-09 09:45:58,0.9,37.737,15.075,6.8,EtnaRCSC
2025-07-09 09:58:22,0.6,37.756,15.077,4.9,EtnaRCSC
2025-07-09 18:55:42,0.7,37.736,14.998,2.3,EtnaRCSC
2025-07-09 19:57:55,0.1,37.804,15.062,-0.4,EtnaRCSC
2025-07-10 02:33:19,0.8,37.74,15.103,4.1,EtnaRCSC
2025-07-10 16:50:36,1.0,37.753,15.05,7.8,EtnaRCSC
2025-07-10 17:04:47,1.0,37.721,15.121,9.9,EtnaRCSC
2025-07-10 21:24:52,0.8,37.749,15.088,5.6,EtnaRCSC
2025-07-10 23:21:20,1.2,37.566,14.96,5.2,EtnaRCSC
2025-07-11 10:24:23,1.5,37.862,14.716,9.1,EtnaRCSC
2025-07-11 10:32:46,0.9,37.859,14.724,9.4,EtnaRCSC
2025-07-11 15:32:54,0.3,37.753,15.111,2.1,EtnaRCSC
2025-07-11 21:15:07,0.7,37.745,14.99,0.6,EtnaRCSC
2025-07-12 02:57:53,1.0,37.74,14.877,9.5,EtnaRCSC
2025-07-12 20:23:59,1.2,37.755,15.017,17.0,EtnaRCSC
2025-07-14 06:33:52,0.9,37.774,15.157,5.6,EtnaRCSC
2025-07-14 22:09:51,0.5,37.625,14.91,1.7,EtnaRCSC
2025-07-17 02:47:13,0.7,37.678,15.116,5.3,EtnaRCSC
2025-07-17 15:35:50,1.4,37.792,15.182,7.7,EtnaRCSC
2025-07-18 06:10:14,1.6,37.786,14.974,16.6,EtnaRCSC
2025-07-18 06:11:50,1.9,37.791,14.973,15.6,EtnaRCSC
2025-07-18 06:15:24,1.6,37.797,14.968,20.4,EtnaRCSC
2025-07-18 08:34:10,1.2,37.694,14.975,12.6,EtnaRCSC
2025-07-18 18:09:18,1.4,37.788,15.197,7.7,EtnaRCSC
2025-07-19 19:14:27,0.4,37.693,14.939,2.3,EtnaRCSC
2025-07-19 22:28:56,0.2,37.765,15.084,1.4,EtnaRCSC
2025-07-21 07:40:38,0.8,37.679,15.031,5.2,EtnaRCSC
2025-07-21 19:14:39,0.6,37.792,15.08,4.1,EtnaRCSC
2025-07-21 19:16:09,0.7,37.815,15.115,4.1,EtnaRCSC
2025-07-23 10:28:15,0.5,37.835,15.072,-1.2,EtnaRCSC
2025-07-23 10:32:15,1.2,37.804,15.058,-0.6,EtnaRCSC
2025-07-23 11:36:27,0.3,37.816,15.064,0.3,EtnaRCSC
2025-07-23 22:58:00,1.3,37.786,15.115,9.4,EtnaRCSC
2025-07-24 07:59:07,1.5,37.874,14.924,-1.6,EtnaRCSC
2025-07-24 08:47:43,1.1,37.689,15.086,3.7,EtnaRCSC
2025-07-24 10:00:44,0.9,37.746,15.028,6.8,EtnaRCSC
2025-07-24 20:40:12,1.4,37.733,15.05,18.3,EtnaRCSC
2025-07-27 14:40:15,1.1,37.752,15.047,7.9,EtnaRCSC
2025-07-28 00:28:07,0.9,37.732,14.925,7.5,EtnaRCSC
2025-07-29 05:20:23,1.0,37.754,15.122,6.8,EtnaRCSC
2025-07-29 09:47:48,1.3,37.669,15.044,9.8,EtnaRCSC
2025-07-29 10:54:55,2.1,37.808,14.899,27.2,EtnaRCSC
2025-07-29 20:26:19,1.3,37.673,15.065,6.6,EtnaRCSC
2025-07-30 04:42:46,0.6,37.737,15.061,5.1,EtnaRCSC
2025-08-01 21:26:16,2.0,37.747,14.787,28.5,EtnaRCSC
2025-08-01 22:27:28,1.1,37.722,14.86,13.4,EtnaRCSC
2025-08-02 02:03:22,2.1,37.749,14.835,20.6,EtnaRCSC
2025-08-02 05:59:32,1.2,37.836,14.823,14.2,EtnaRCSC
2025-08-02 06:14:23,1.2,37.827,14.836,14.8,EtnaRCSC
2025-08-02 08:14:17,1.5,37.749,14.85,21.0,EtnaRCSC
2025-08-04 10:58:11,1.8,37.723,15.048,6.4,EtnaRCSC
2025-08-04 11:01:13,1.1,37.703,15.066,8.6,EtnaRCSC
2025-08-05 00:13:28,1.0,37.731,15.1,6.6,EtnaRCSC
2025-08-05 03:21:34,0.7,37.719,14.89,4.1,EtnaRCSC
2025-08-05 23:41:23,0.9,37.771,15.11,7.5,EtnaRCSC
2025-08-06 11:24:09,1.1,37.73,15.086,6.0,EtnaRCSC
2025-08-06 21:27:09,1.0,37.718,14.924,4.8,EtnaRCSC
2025-08-06 22:41:43,1.5,37.71,15.016,16.0,EtnaRCSC
2025-08-07 18:33:30,0.8,37.739,15.119,5.6,EtnaRCSC
2025-08-08 04:20:02,1.1,37.665,15.048,4.6,EtnaRCSC
2025-08-08 08:31:41,1.8,37.838,14.81,13.9,EtnaRCSC
2025-08-08 19:45:26,1.5,37.739,15.12,4.5,EtnaRCSC
2025-08-09 03:48:11,0.9,37.745,15.121,5.4,EtnaRCSC
2025-08-09 05:35:45,1.9,37.752,15.158,5.5,EtnaRCSC
2025-08-09 07:05:48,1.2,37.759,15.161,3.8,EtnaRCSC
2025-08-09 07:11:47,1.4,37.755,15.155,4.1,EtnaRCSC
2025-08-09 07:13:58,0.8,37.76,15.16,3.7,EtnaRCSC
2025-08-09 07:15:09,0.9,37.742,15.165,6.4,EtnaRCSC
2025-08-09 08:05:39,1.1,37.72,15.206,7.0,EtnaRCSC
2025-08-09 08:09:22,0.8,37.757,15.155,4.7,EtnaRCSC
2025-08-09 09:36:56,1.3,37.731,15.186,7.5,EtnaRCSC
2025-08-09 10:10:54,0.9,37.738,15.173,7.2,EtnaRCSC
2025-08-11 13:56:53,1.1,37.773,15.114,5.9,EtnaRCSC
2025-08-11 14:11:47,1.2,37.658,14.953,6.1,EtnaRCSC
2025-08-11 18:37:55,1.0,37.644,14.962,4.1,EtnaRCSC
2025-08-12 02:31:47,1.3,37.656,14.951,7.5,EtnaRCSC
2025-08-12 03:49:27,0.9,37.655,14.95,8.2,EtnaRCSC
2025-08-12 15:26:50,1.7,37.861,15.04,8.3,EtnaRCSC
2025-08-12 15:39:45,1.3,37.882,15.057,11.6,EtnaRCSC
2025-08-12 15:45:08,1.3,37.872,15.057,12.7,EtnaRCSC
2025-08-12 15:45:28,1.9,37.742,15.082,4.8,EtnaRCSC
2025-08-12 16:15:31,1.3,37.863,15.053,16.9,EtnaRCSC
2025-08-14 05:40:32,0.8,37.624,14.939,0.2,EtnaRCSC
2025-08-14 21:14:56,1.0,37.672,15.091,4.5,EtnaRCSC
2025-08-16 00:40:30,0.8,37.763,15.151,6.6,EtnaRCSC
2025-08-16 17:38:50,1.2,37.722,14.983,7.2,EtnaRCSC
2025-08-17 02:48:30,1.2,37.748,15.056,9.0,EtnaRCSC
2025-08-18 02:26:43,1.0,37.747,15.109,4.8,EtnaRCSC
2025-08-18 04:34:47,1.3,37.744,15.052,4.2,EtnaRCSC
2025-08-18 06:28:17,1.2,37.746,14.967,5.7,EtnaRCSC
2025-08-18 15:34:45,1.2,37.673,14.979,9.9,EtnaRCSC
2025-08-19 01:12:00,0.9,37.669,15.1,-0.4,EtnaRCSC
2025-08-19 01:20:02,0.7,37.668,15.098,1.6,EtnaRCSC
2025-08-19 15:18:59,1.2,37.703,15.012,2.4,EtnaRCSC
2025-08-20 01:58:53,1.5,37.694,14.92,14.5,EtnaRCSC
2025-08-20 21:40:43,0.9,37.699,15.09,7.2,EtnaRCSC
2025-08-20 22:36:52,1.3,37.75,15.025,4.1,EtnaRCSC
2025-09-05 01:36:18,1.1,37.699,14.987,8.3,EtnaRCSC
2025-09-06 01:43:16,1.0,37.744,15.097,10.4,EtnaRCSC
2025-09-06 03:25:07,1.5,37.69,15.103,4.4,EtnaRCSC
2025-09-06 15:01:48,1.1,37.667,14.965,5.2,EtnaRCSC
2025-09-06 23:13:17,0.7,37.682,15.001,5.7,EtnaRCSC
2025-09-07 00:51:18,1.2,37.765,15.156,4.3,EtnaRCSC
2025-09-09 20:27:37,1.6,37.735,15.065,20.2,EtnaRCSC
2025-09-09 21:30:16,1.3,37.583,14.963,8.2,EtnaRCSC
2025-09-10 14:47:27,1.3,37.813,14.76,8.4,EtnaRCSC
2025-09-10 20:49:15,0.8,37.757,15.04,-1.1,EtnaRCSC
2025-09-13 09:52:04,2.3,37.62,15.236,14.3,EtnaRCSC
2025-09-13 18:53:30,1.4,37.728,14.915,5.4,EtnaRCSC
2025-09-15 14:27:57,1.3,37.67,15.119,5.1,EtnaRCSC
2025-09-18 18:39:19,1.9,37.891,15.02,21.8,EtnaRCSC
2025-09-18 18:44:32,1.7,37.893,15.027,23.0,EtnaRCSC
2025-09-19 13:18:56,0.9,37.717,14.872,3.2,EtnaRCSC
2025-09-20 01:53:58,1.1,37.797,14.853,7.2,EtnaRCSC
2025-09-20 14:57:09,1.1,37.804,15.061,-0.3,EtnaRCSC
2025-09-20 15:11:35,1.1,37.807,15.066,-0.5,EtnaRCSC
2025-09-20 15:28:07,0.5,37.807,15.063,-0.3,EtnaRCSC
2025-09-20 20:32:50,0.5,37.814,15.067,-1.3,EtnaRCSC
2025-09-21 22:02:14,1.3,37.822,15.058,10.3,EtnaRCSC
2025-09-23 22:40:36,1.1,37.625,14.888,11.5,EtnaRCSC
2025-09-24 03:19:35,0.6,37.592,14.911,2.4,EtnaRCSC
2025-09-24 14:31:12,1.0,37.736,15.083,4.4,EtnaRCSC
2025-09-24 16:57:47,0.8,37.698,14.959,3.6,EtnaRCSC
2025-09-24 18:02:48,0.9,37.75,14.999,-1.6,EtnaRCSC
2025-09-24 18:42:55,0.7,37.692,14.968,3.3,EtnaRCSC
2025-09-25 16:16:11,0.9,37.75,14.994,-0.1,EtnaRCSC
2025-09-26 04:03:01,0.9,37.745,15.088,6.4,EtnaRCSC
2025-09-26 04:04:36,1.0,37.747,15.085,7.0,EtnaRCSC
2025-09-26 04:06:24,1.1,37.743,15.094,6.0,EtnaRCSC
2025-09-26 07:48:09,1.6,37.576,15.026,3.8,EtnaRCSC
2025-09-26 07:52:03,1.8,37.669,15.092,8.7,EtnaRCSC
2025-09-26 08:16:43,1.6,37.646,15.096,1.5,EtnaRCSC
2025-09-26 11:33:33,1.2,37.726,14.945,14.8,EtnaRCSC
2025-09-26 21:59:03,0.9,37.682,15.058,4.4,EtnaRCSC
2025-09-27 03:02:30,1.1,37.76,15.02,3.3,EtnaRCSC
2025-09-27 03:10:11,1.0,37.728,15.051,6.3,EtnaRCSC
2025-09-27 03:14:50,0.7,37.737,15.044,3.0,EtnaRCSC
2025-09-27 03:49:26,1.2,37.737,15.039,3.9,EtnaRCSC
2025-09-27 03:57:14,1.0,37.74,15.043,3.9,EtnaRCSC
2025-09-27 04:13:54,0.9,37.739,15.05,3.9,EtnaRCSC
2025-09-27 23:59:27,0.6,37.708,15.065,-1.6,EtnaRCSC
2025-09-29 04:04:24,1.1,37.643,15.073,1.3,EtnaRCSC
2025-09-29 09:11:29,2.0,37.713,14.936,19.4,EtnaRCSC
2025-09-30 12:44:54,1.7,37.791,14.92,17.1,EtnaRCSC
2025-09-30 19:57:31,0.5,37.747,15.115,4.4,EtnaRCSC
2025-10-01 02:04:14,1.3,37.844,14.878,20.7,EtnaRCSC
2025-10-01 02:04:57,0.9,37.848,14.875,20.5,EtnaRCSC
2025-10-01 02:45:29,0.8,37.735,15.143,4.8,EtnaRCSC
2025-10-05 13:28:34,1.3,37.878,15.014,11.7,EtnaRCSC
2025-10-05 17:59:54,1.0,37.689,14.912,-1.6,EtnaRCSC
2025-10-05 20:27:31,2.3,37.875,15.026,12.2,EtnaRCSC
2025-10-06 14:56:56,1.5,37.692,14.986,2.6,EtnaRCSC
2025-10-07 01:10:54,0.8,37.706,14.798,1.8,EtnaRCSC
2025-10-08 01:28:08,2.0,37.769,14.929,29.3,EtnaRCSC
2025-10-08 09:18:44,0.8,37.701,14.988,3.3,EtnaRCSC
2025-10-08 18:18:10,1.4,37.638,14.807,0.9,EtnaRCSC
2025-10-12 01:15:01,0.7,37.795,15.076,0.2,EtnaRCSC
2025-10-12 03:23:46,1.0,37.699,15.017,7.1,EtnaRCSC
2025-10-12 12:35:04,1.5,37.774,15.182,11.1,EtnaRCSC
2025-10-12 21:22:45,1.3,37.727,15.084,8.1,EtnaRCSC
2025-10-13 03:07:49,0.4,37.683,14.914,-1.4,EtnaRCSC
2025-10-14 08:40:53,1.5,37.735,15.123,10.4,EtnaRCSC
2025-10-14 17:22:49,1.1,37.782,14.923,2.3,EtnaRCSC
2025-10-16 15:46:35,1.6,37.699,15.088,4.6,EtnaRCSC
2025-10-19 21:17:10,1.4,37.758,14.948,6.7,EtnaRCSC
2025-10-22 13:23:23,1.3,37.706,15.036,10.8,EtnaRCSC
2025-10-22 20:23:13,3.3,37.749,14.74,19.8,EtnaRCSC
2025-10-22 20:27:13,1.6,37.735,14.741,22.8,EtnaRCSC
2025-10-22 20:27:38,1.7,37.737,14.756,23.2,EtnaRCSC
2025-10-22 20:33:43,1.8,37.739,14.742,22.9,EtnaRCSC
2025-10-22 20:37:53,1.4,37.736,14.76,23.2,EtnaRCSC
2025-10-22 20:41:52,1.9,37.755,14.755,19.8,EtnaRCSC
2025-10-22 20:43:50,1.4,37.74,14.801,23.0,EtnaRCSC
2025-10-22 21:03:58,1.8,37.793,14.729,4.7,EtnaRCSC
2025-10-22 21:35:30,2.6,37.736,14.726,22.9,EtnaRCSC
2025-10-22 21:42:59,1.6,37.73,14.745,24.1,EtnaRCSC
2025-10-22 22:51:35,2.3,37.763,14.74,18.9,EtnaRCSC
2025-10-22 23:11:21,1.3,37.734,14.765,22.8,EtnaRCSC
2025-10-22 23:16:49,1.4,37.749,14.728,22.7,EtnaRCSC
2025-10-22 23:23:16,1.2,37.741,14.779,23.9,EtnaRCSC
2025-10-23 03:18:27,1.9,37.756,14.761,24.2,EtnaRCSC
2025-10-23 07:42:25,2.4,37.776,14.736,22.2,EtnaRCSC
2025-10-23 16:56:01,0.9,37.735,15.079,5.1,EtnaRCSC
2025-10-23 22:04:06,0.8,37.74,15.075,4.7,EtnaRCSC
2025-10-24 10:31:06,1.7,37.741,14.963,20.0,EtnaRCSC
2025-10-24 21:41:36,1.6,37.721,15.083,3.0,EtnaRCSC
2025-10-24 21:43:40,1.1,37.722,15.085,4.3,EtnaRCSC
2025-10-24 22:06:43,0.9,37.717,15.095,4.1,EtnaRCSC
2025-10-24 22:21:10,1.1,37.723,15.082,4.2,EtnaRCSC
2025-10-24 23:08:00,1.0,37.729,15.076,4.5,EtnaRCSC
2025-10-25 16:35:51,1.5,37.685,15.048,6.8,EtnaRCSC
2025-10-26 00:58:39,0.8,37.759,15.156,3.4,EtnaRCSC
2025-10-26 03:08:20,0.6,37.759,15.107,4.5,EtnaRCSC
2025-10-26 06:06:54,1.4,37.829,15.282,26.0,EtnaRCSC
2025-10-26 12:47:29,1.2,37.632,14.946,-0.6,EtnaRCSC
2025-10-26 15:14:29,1.8,37.793,14.961,22.0,EtnaRCSC
2025-10-26 15:23:22,1.8,37.797,14.978,24.8,EtnaRCSC
2025-10-26 23:09:24,1.2,37.826,14.921,7.1,EtnaRCSC
2025-10-26 23:13:49,1.2,37.818,14.922,6.3,EtnaRCSC
2025-10-27 22:32:41,0.6,37.759,15.085,3.5,EtnaRCSC
2025-10-27 22:39:01,2.7,37.652,14.932,1.2,EtnaRCSC
2025-10-27 23:12:04,1.0,37.654,14.928,4.9,EtnaRCSC
2025-10-27 23:29:32,1.0,37.651,14.927,4.8,EtnaRCSC
2025-10-28 04:53:05,1.3,37.648,14.926,9.5,EtnaRCSC
2025-10-28 05:30:11,1.4,37.649,14.92,10.7,EtnaRCSC
2025-10-28 06:11:39,1.5,37.801,14.996,13.3,EtnaRCSC
2025-10-28 11:35:59,1.1,37.649,14.937,6.0,EtnaRCSC
2025-10-28 20:32:50,1.2,37.649,14.92,10.8,EtnaRCSC
2025-10-30 01:37:43,0.7,37.755,15.106,4.4,EtnaRCSC
2025-10-30 01:52:42,0.7,37.767,15.111,3.6,EtnaRCSC
2025-10-31 02:03:06,1.1,37.74,14.998,-0.9,EtnaRCSC
2025-10-31 16:46:26,1.2,37.741,15.13,6.6,EtnaRCSC
2025-11-01 03:44:44,1.2,37.719,15.085,4.8,EtnaRCSC
2025-11-01 08:47:27,0.6,37.805,15.052,0.0,EtnaRCSC
2025-11-01 10:50:05,1.4,37.722,15.09,4.1,EtnaRCSC
2025-11-03 15:29:07,1.0,37.729,15.059,5.6,EtnaRCSC
2025-11-03 18:32:11,1.5,37.645,14.941,4.5,EtnaRCSC
2025-11-03 23:06:04,0.8,37.667,15.172,2.8,EtnaRCSC
2025-11-04 00:42:48,1.1,37.741,15.084,6.0,EtnaRCSC
2025-11-04 03:59:21,1.1,37.741,15.049,3.6,EtnaRCSC
2025-11-05 09:35:10,1.9,37.871,14.87,13.0,EtnaRCSC
2025-11-05 23:18:31,2.4,37.753,14.951,9.5,EtnaRCSC
2025-11-05 23:31:47,2.3,37.755,14.952,10.4,EtnaRCSC
2025-11-06 01:01:02,1.0,37.755,15.114,8.3,EtnaRCSC
2025-11-06 01:09:56,1.0,37.74,15.127,6.6,EtnaRCSC
2025-11-06 01:45:40,1.0,37.741,15.116,9.8,EtnaRCSC
2025-11-06 02:09:43,2.6,37.757,14.966,6.5,EtnaRCSC
2025-11-06 02:12:20,1.3,37.751,14.965,8.0,EtnaRCSC
2025-11-06 02:24:29,1.5,37.756,14.958,8.0,EtnaRCSC
2025-11-06 18:22:02,1.4,37.724,14.977,6.7,EtnaRCSC
2025-11-06 23:09:55,1.2,37.755,15.044,5.9,EtnaRCSC
2025-11-07 01:21:50,0.9,37.766,15.112,5.7,EtnaRCSC
2025-11-07 06:59:16,1.1,37.749,15.008,-1.1,EtnaRCSC
2025-11-07 09:58:05,1.2,37.732,15.08,5.7,EtnaRCSC
2025-11-09 03:29:58,1.1,37.755,15.027,2.1,EtnaRCSC
2025-11-09 19:08:38,0.8,37.724,15.071,4.0,EtnaRCSC
2025-11-11 17:00:23,1.3,37.745,14.904,3.8,EtnaRCSC
2025-11-13 12:01:06,1.3,37.739,14.951,6.8,EtnaRCSC
2025-11-13 15:40:34,1.2,37.752,15.001,1.3,EtnaRCSC
2025-11-13 20:25:48,1.2,37.721,14.975,8.2,EtnaRCSC
2025-11-14 02:18:28,0.7,37.75,14.985,-1.6,EtnaRCSC
2025-11-16 03:14:54,1.3,37.732,15.034,6.9,EtnaRCSC
2025-11-16 11:35:22,1.2,37.748,14.971,6.0,EtnaRCSC
2025-11-17 01:43:07,1.5,37.58,15.057,-1.6,EtnaRCSC
2025-11-17 03:36:04,2.6,37.739,15.097,4.6,EtnaRCSC
2025-11-17 03:38:19,0.9,37.746,15.09,4.5,EtnaRCSC
2025-11-17 04:21:48,0.8,37.742,15.092,2.8,EtnaRCSC
2025-11-17 04:30:44,2.5,37.58,15.064,-1.6,EtnaRCSC
2025-11-17 12:12:17,2.5,37.605,15.066,-1.6,EtnaRCSC
2025-11-17 12:15:07,1.6,37.597,15.068,-1.6,EtnaRCSC
2025-11-17 12:17:22,2.4,37.585,15.049,-1.6,EtnaRCSC
2025-11-17 12:18:34,2.0,37.558,15.031,-0.7,EtnaRCSC
2025-11-17 12:20:08,1.7,37.573,15.022,-1.6,EtnaRCSC
2025-11-17 12:35:24,1.5,37.602,15.055,-1.6,EtnaRCSC
2025-11-17 20:58:28,1.3,37.718,14.994,9.5,EtnaRCSC
2025-11-18 00:53:06,1.3,37.728,15.049,6.2,EtnaRCSC
2025-11-18 01:36:01,1.4,37.738,15.026,9.2,EtnaRCSC
2025-11-18 11:13:58,1.4,37.758,14.98,7.2,EtnaRCSC
2025-11-18 12:24:17,1.9,37.583,15.053,-0.8,EtnaRCSC
2025-11-18 18:12:36,1.8,37.647,14.847,-1.6,EtnaRCSC
2025-11-18 22:38:51,1.1,37.735,15.155,7.4,EtnaRCSC
2025-11-19 02:58:16,1.6,37.782,15.02,16.7,EtnaRCSC
2025-11-20 12:23:40,1.2,37.773,15.044,6.1,EtnaRCSC
2025-11-20 20:40:26,0.9,37.755,15.001,1.3,EtnaRCSC
2025-11-21 01:41:21,1.0,37.619,14.9,3.4,EtnaRCSC
2025-11-21 14:55:31,1.1,37.773,15.107,6.2,EtnaRCSC
2025-11-22 23:22:27,1.3,37.661,15.031,9.9,EtnaRCSC
2025-11-24 15:12:59,1.4,37.732,15.117,10.8,EtnaRCSC
2025-11-25 00:44:05,1.0,37.684,15.11,5.4,EtnaRCSC
2025-11-25 03:52:10,1.6,37.744,15.037,4.9,EtnaRCSC
2025-11-25 04:01:48,1.3,37.745,15.034,3.5,EtnaRCSC
2025-11-25 04:21:22,1.2,37.737,15.048,6.0,EtnaRCSC
2025-11-25 12:35:09,1.1,37.666,14.958,4.0,EtnaRCSC
2025-11-25 12:45:36,1.0,37.666,14.951,3.3,EtnaRCSC
2025-11-25 13:04:54,0.8,37.676,14.955,4.4,EtnaRCSC
2025-11-25 13:14:57,0.9,37.667,14.961,4.9,EtnaRCSC
2025-11-25 13:40:06,1.0,37.672,14.954,3.7,EtnaRCSC
2025-11-25 16:19:43,1.2,37.672,14.955,3.6,EtnaRCSC
2025-11-25 16:22:32,1.8,37.676,14.955,4.0,EtnaRCSC
2025-11-25 17:32:03,1.1,37.673,14.956,3.5,EtnaRCSC
2025-11-25 17:33:54,0.8,37.677,14.956,4.8,EtnaRCSC
2025-11-25 17:42:20,0.8,37.684,14.963,4.1,EtnaRCSC
2025-11-25 18:14:13,0.7,37.677,14.96,4.0,EtnaRCSC
2025-11-25 18:59:26,1.3,37.676,14.955,3.6,EtnaRCSC
2025-11-25 21:41:10,0.8,37.676,14.95,3.1,EtnaRCSC
2025-11-25 21:48:47,0.7,37.694,14.954,3.8,EtnaRCSC
2025-11-25 22:17:41,0.8,37.681,14.958,3.4,EtnaRCSC
2025-11-26 02:55:37,1.1,37.683,14.948,4.2,EtnaRCSC
2025-11-26 03:31:59,1.0,37.635,14.939,2.6,EtnaRCSC
2025-11-26 03:34:34,0.9,37.679,14.938,4.0,EtnaRCSC
2025-11-26 13:34:25,1.0,37.659,14.955,3.9,EtnaRCSC
2025-11-27 05:11:36,1.1,37.666,14.951,5.8,EtnaRCSC
2025-11-27 10:31:23,1.4,37.739,14.984,6.9,EtnaRCSC
2025-11-27 13:12:48,1.0,37.665,14.96,5.1,EtnaRCSC
2025-11-27 20:02:41,1.1,37.641,14.947,5.0,EtnaRCSC
2025-11-27 20:32:22,1.1,37.639,14.95,6.1,EtnaRCSC
2025-11-28 15:51:40,1.3,37.652,14.948,9.6,EtnaRCSC
2025-11-28 16:42:37,1.4,37.639,14.951,12.2,EtnaRCSC
2025-11-28 18:02:37,1.4,37.651,14.944,9.7,EtnaRCSC
2025-11-28 20:16:35,1.4,37.704,15.042,10.1,EtnaRCSC
2025-11-29 19:22:29,2.0,37.798,14.863,32.4,EtnaRCSC
2025-12-01 00:22:59,0.6,37.676,15.094,-1.4,EtnaRCSC
2025-12-01 01:07:07,1.4,37.729,14.947,5.8,EtnaRCSC
2025-12-01 01:08:01,1.3,37.726,14.942,7.7,EtnaRCSC
2025-12-01 01:21:25,1.2,37.732,14.94,4.0,EtnaRCSC
2025-12-01 18:49:54,1.1,37.65,14.957,7.6,EtnaRCSC
2025-12-02 09:54:40,1.2,37.727,14.967,4.3,EtnaRCSC
2025-12-02 10:42:32,1.3,37.727,14.972,5.4,EtnaRCSC
2025-12-02 17:17:47,1.4,37.756,15.097,5.2,EtnaRCSC
2025-12-03 05:32:12,1.1,37.699,14.983,5.4,EtnaRCSC
2025-12-03 22:22:59,1.5,37.815,14.903,22.9,EtnaRCSC
2025-12-04 00:15:45,1.9,37.799,14.883,24.4,EtnaRCSC
2025-12-04 00:20:18,2.0,37.812,14.894,20.0,EtnaRCSC
2025-12-04 00:22:26,2.1,37.815,14.886,26.4,EtnaRCSC
2025-12-04 00:44:18,2.0,37.821,14.894,24.2,EtnaRCSC
2025-12-04 12:46:01,1.0,37.752,15.005,2.1,EtnaRCSC
2025-12-04 14:56:45,1.6,37.75,15.014,3.5,EtnaRCSC
2025-12-04 15:02:38,1.5,37.818,14.842,13.2,EtnaRCSC
2025-12-05 13:01:39,1.9,37.833,14.795,16.0,EtnaRCSC
2025-12-06 19:55:17,1.2,37.745,14.998,3.0,EtnaRCSC
2025-12-07 21:42:53,1.2,37.746,15.014,3.9,EtnaRCSC
2025-12-09 11:50:36,1.2,37.749,15.019,4.2,EtnaRCSC
2025-12-09 12:00:34,1.0,37.752,15.029,1.7,EtnaRCSC
2025-12-09 13:24:40,0.6,37.76,15.027,-0.5,EtnaRCSC
2025-12-09 22:43:00,0.9,37.766,15.037,3.6,EtnaRCSC
2025-12-09 22:58:31,1.3,37.756,15.001,1.4,EtnaRCSC
2025-12-10 09:08:19,1.3,37.653,15.057,3.7,EtnaRCSC
2025-12-10 11:05:42,2.0,37.646,14.953,1.0,EtnaRCSC
2025-12-10 12:54:30,1.1,37.637,14.962,3.9,EtnaRCSC
2025-12-10 13:53:06,1.1,37.683,14.952,7.1,EtnaRCSC
2025-12-10 20:31:18,1.1,37.633,14.956,3.8,EtnaRCSC
2025-12-12 06:00:31,0.9,37.71,15.014,1.5,EtnaRCSC
2025-12-12 06:49:53,1.0,37.767,15.115,2.9,EtnaRCSC
2025-12-12 19:28:03,1.2,37.726,15.136,6.3,EtnaRCSC
2025-12-12 19:32:48,1.0,37.759,15.14,5.3,EtnaRCSC
2025-12-13 12:25:09,1.5,37.757,15.054,4.6,EtnaRCSC
2025-12-13 14:42:44,1.5,37.623,14.955,11.0,EtnaRCSC
2025-12-13 18:45:19,1.5,37.734,14.993,12.3,EtnaRCSC
2025-12-13 20:04:28,0.8,37.8,15.049,0.7,EtnaRCSC
2025-12-14 01:24:34,0.9,37.802,14.848,5.8,EtnaRCSC
2025-12-14 02:17:30,0.9,37.752,15.078,1.6,EtnaRCSC
2025-12-14 04:49:30,1.0,37.732,15.107,8.9,EtnaRCSC
2025-12-14 09:13:26,1.6,37.792,14.899,20.2,EtnaRCSC
2025-12-14 10:40:11,1.1,37.749,15.03,4.9,EtnaRCSC
2025-12-15 00:10:36,0.8,37.744,15.088,5.6,EtnaRCSC
2025-12-15 04:38:16,1.0,37.682,15.055,3.9,EtnaRCSC
2025-12-15 06:00:20,1.2,37.744,15.147,3.9,EtnaRCSC
2025-12-15 09:30:47,1.3,37.713,14.992,7.6,EtnaRCSC
2025-12-15 09:56:26,1.3,37.719,14.995,6.8,EtnaRCSC
2025-12-15 09:57:53,1.3,37.707,14.983,8.7,EtnaRCSC
2025-12-15 09:58:59,1.8,37.716,14.991,7.8,EtnaRCSC
2025-12-15 10:08:16,1.2,37.705,14.988,8.7,EtnaRCSC
2025-12-15 10:50:23,1.5,37.719,14.99,7.9,EtnaRCSC
2025-12-15 23:05:57,1.3,37.613,14.887,8.6,EtnaRCSC
2025-12-16 06:35:08,1.5,37.748,15.125,6.8,EtnaRCSC
2025-12-16 07:57:00,1.2,37.738,15.049,6.7,EtnaRCSC
2025-12-16 20:16:10,1.0,37.737,14.943,5.3,EtnaRCSC
2025-12-16 20:16:50,1.4,37.723,14.955,8.3,EtnaRCSC
2025-12-17 03:53:19,1.1,37.662,15.083,-1.2,EtnaRCSC
2025-12-17 22:31:38,2.1,37.844,14.943,22.8,EtnaRCSC
2025-12-18 00:09:38,1.3,37.75,15.048,3.0,EtnaRCSC
2025-12-18 01:08:46,1.4,37.869,14.961,15.2,EtnaRCSC
2025-12-18 01:11:02,1.6,37.846,14.952,18.8,EtnaRCSC
2025-12-18 01:13:07,1.9,37.816,14.941,26.1,EtnaRCSC
2025-12-18 01:14:27,1.6,37.862,14.949,21.4,EtnaRCSC
2025-12-18 01:26:15,1.2,37.86,14.949,22.1,EtnaRCSC
2025-12-18 01:38:47,2.0,37.856,14.946,26.2,EtnaRCSC
2025-12-18 03:00:09,1.5,37.803,15.177,7.1,EtnaRCSC
2025-12-18 03:46:33,1.4,37.709,15.048,6.3,EtnaRCSC
2025-12-18 04:29:22,1.2,37.794,15.18,6.9,EtnaRCSC
2025-12-18 04:30:50,1.6,37.797,15.182,7.8,EtnaRCSC
2025-12-18 05:08:51,1.2,37.798,15.176,6.2,EtnaRCSC
2025-12-18 06:11:09,1.0,37.798,15.188,6.4,EtnaRCSC
2025-12-18 06:28:15,1.5,37.77,15.241,4.1,EtnaRCSC
2025-12-18 07:16:07,1.1,37.896,15.157,7.7,EtnaRCSC
2025-12-18 19:16:50,1.4,37.759,15.204,8.5,EtnaRCSC
2025-12-19 02:26:46,1.3,37.707,14.924,10.0,EtnaRCSC
2025-12-19 02:46:06,0.9,37.699,15.067,4.0,EtnaRCSC
2025-12-19 10:27:51,1.2,37.749,15.011,3.7,EtnaRCSC
2025-12-19 10:33:24,1.4,37.755,15.012,1.6,EtnaRCSC
2025-12-19 22:00:19,1.4,37.756,15.074,7.8,EtnaRCSC
2025-12-20 14:26:23,1.5,37.743,15.078,3.6,EtnaRCSC
2025-12-21 05:14:36,1.0,37.65,14.984,0.8,EtnaRCSC
2025-12-21 15:36:40,1.4,37.759,15.125,6.7,EtnaRCSC
2025-12-21 21:36:17,2.0,37.734,14.876,4.1,EtnaRCSC
2025-12-21 21:36:58,1.2,37.73,14.875,6.3,EtnaRCSC
2025-12-21 21:51:03,1.9,37.737,14.869,5.6,EtnaRCSC
2025-12-21 21:55:52,1.4,37.74,14.869,5.8,EtnaRCSC
2025-12-21 22:42:44,1.0,37.736,14.873,4.1,EtnaRCSC
2025-12-21 23:01:35,1.2,37.734,14.865,7.5,EtnaRCSC
2025-12-21 23:07:00,1.5,37.737,14.869,5.9,EtnaRCSC
2025-12-23 18:55:58,1.6,37.741,14.85,8.7,EtnaRCSC
2025-12-23 23:22:13,0.8,37.754,15.152,3.5,EtnaRCSC
2025-12-24 10:03:22,1.3,37.744,14.996,-1.6,EtnaRCSC
2025-12-24 10:05:19,1.2,37.745,15.004,-1.5,EtnaRCSC
2025-12-24 20:01:34,1.6,37.752,15.005,2.0,EtnaRCSC
2025-12-25 00:35:44,1.3,37.756,15.004,1.4,EtnaRCSC
2025-12-25 04:42:51,1.6,37.757,15.012,1.5,EtnaRCSC
2025-12-25 10:38:11,1.5,37.787,15.167,10.0,EtnaRCSC
2025-12-25 13:36:39,1.4,37.757,15.005,1.5,EtnaRCSC
2025-12-25 14:58:15,1.5,37.754,15.006,1.2,EtnaRCSC
2025-12-25 21:56:50,1.6,37.724,15.014,4.1,EtnaRCSC
2025-12-26 04:38:25,1.6,37.605,14.967,2.1,EtnaRCSC
2025-12-26 06:22:20,1.6,37.755,15.008,1.9,EtnaRCSC
2025-12-26 16:28:13,1.7,37.738,14.994,0.4,EtnaRCSC
2025-12-27 04:34:31,1.3,37.733,15.075,-1.6,EtnaRCSC
2025-12-28 06:34:17,1.5,37.759,15.017,0.4,EtnaRCSC
2025-12-28 07:05:01,1.6,37.768,15.011,0.3,EtnaRCSC
2025-12-28 10:13:54,1.5,37.751,15.01,-1.6,EtnaRCSC
2025-12-28 10:29:48,1.6,37.759,15.02,0.3,EtnaRCSC
2025-12-28 12:44:26,1.5,37.755,15.014,-1.3,EtnaRCSC
2025-12-28 14:08:01,1.6,37.755,15.008,-0.4,EtnaRCSC
2025-12-28 14:32:42,1.5,37.753,15.011,-0.9,EtnaRCSC
2025-12-28 18:19:18,1.3,37.754,15.019,-1.6,EtnaRCSC
2025-12-28 23:33:41,1.5,37.747,15.012,-0.3,EtnaRCSC
2025-12-29 20:31:40,1.4,37.734,15.036,1.8,EtnaRCSC
2025-12-29 22:14:42,1.5,37.745,15.008,0.9,EtnaRCSC
2025-12-30 00:26:48,1.2,37.747,15.034,-1.6,EtnaRCSC
2025-12-30 02:10:56,1.2,37.746,15.025,-1.6,EtnaRCSC
2025-12-30 03:38:37,1.3,37.759,15.022,2.9,EtnaRCSC
2025-12-30 05:33:31,1.2,37.741,15.034,-1.6,EtnaRCSC
2025-12-30 07:53:02,1.4,37.737,15.016,-1.6,EtnaRCSC
2025-12-30 10:00:30,1.2,37.744,15.018,-1.2,EtnaRCSC
2025-12-30 10:05:11,1.2,37.743,15.018,-1.6,EtnaRCSC
2025-12-30 10:26:25,1.6,37.741,15.028,-1.6,EtnaRCSC
2025-12-30 11:34:12,1.9,37.744,15.021,-1.6,EtnaRCSC
2025-12-30 12:16:13,1.9,37.745,15.022,-0.8,EtnaRCSC
2025-12-30 13:10:43,2.1,37.744,15.021,0.3,EtnaRCSC
2025-12-30 14:32:33,2.2,37.746,15.023,0.2,EtnaRCSC
2025-12-30 16:33:11,2.2,37.746,15.021,0.3,EtnaRCSC
2025-12-31 01:15:15,1.1,37.752,15.035,3.6,EtnaRCSC
2025-12-31 01:31:23,1.2,37.735,15.032,2.4,EtnaRCSC
2025-12-31 04:11:16,1.6,37.746,15.076,6.7,EtnaRCSC
2025-12-31 04:11:35,1.6,37.753,15.078,9.4,EtnaRCSC
2025-12-31 04:13:47,1.3,37.75,15.085,5.9,EtnaRCSC
2025-12-31 04:21:20,1.2,37.737,15.082,3.9,EtnaRCSC
2025-12-31 04:24:27,1.5,37.742,15.023,0.9,EtnaRCSC
2025-12-31 07:53:03,1.3,37.745,15.078,4.5,EtnaRCSC
2025-12-31 13:10:36,1.8,37.749,15.027,0.4,EtnaRCSC
2025-12-31 15:39:34,2.1,37.747,15.039,1.1,EtnaRCSC
2025-12-31 16:25:54,1.1,37.745,15.027,-1.6,EtnaRCSC
2025-12-31 17:54:22,1.2,37.744,15.038,-1.5,EtnaRCSC
2025-12-31 19:12:51,1.4,37.734,15.049,8.0,EtnaRCSC
2025-12-31 21:00:33,1.2,37.758,15.021,1.2,EtnaRCSC
2025-12-31 23:30:58,1.3,37.747,15.039,0.2,EtnaRCSC
2026-01-01 11:20:20,0.8,37.765,15.04,-1.6,EtnaRCSC
2026-01-01 23:42:43,1.2,37.725,15.14,-1.6,EtnaRCSC
2026-01-02 03:40:12,1.5,37.749,15.005,2.0,EtnaRCSC
2026-01-02 06:19:54,0.7,37.749,15.002,-1.2,EtnaRCSC
2026-01-03 15:32:24,1.1,37.749,15.05,1.8,EtnaRCSC
2026-01-05 12:50:53,2.8,37.748,15.046,5.2,EtnaRCSC
2026-01-05 13:06:56,0.9,37.752,15.053,4.8,EtnaRCSC
2026-01-05 16:29:32,1.4,37.734,14.789,10.5,EtnaRCSC
2026-01-05 16:48:49,1.7,37.728,14.777,10.7,EtnaRCSC
2026-01-05 17:39:00,1.6,37.734,14.781,10.5,EtnaRCSC
2026-01-05 20:15:08,1.9,37.613,15.117,1.1,EtnaRCSC
2026-01-05 22:03:12,1.8,37.729,14.784,10.7,EtnaRCSC
2026-01-06 03:31:45,1.2,37.762,15.048,7.7,EtnaRCSC
2026-01-06 03:32:57,0.8,37.748,15.04,1.7,EtnaRCSC
2026-01-06 05:14:27,1.1,37.756,14.996,-0.5,EtnaRCSC
2026-01-06 08:35:12,1.8,37.733,14.819,9.8,EtnaRCSC
2026-01-06 08:51:25,1.8,37.735,14.817,9.0,EtnaRCSC
2026-01-06 12:17:33,1.6,37.726,15.139,0.3,EtnaRCSC
2026-01-07 04:22:17,1.6,37.746,15.014,0.3,EtnaRCSC
2026-01-07 09:29:35,1.7,37.733,14.77,10.8,EtnaRCSC
2026-01-07 11:57:37,2.4,37.727,14.794,12.0,EtnaRCSC
2026-01-07 12:39:40,1.0,37.74,15.017,0.8,EtnaRCSC
2026-01-07 14:40:32,1.3,37.688,15.09,0.8,EtnaRCSC
2026-01-07 17:09:20,1.3,37.751,15.019,1.2,EtnaRCSC
2026-01-08 02:54:47,1.1,37.751,15.053,1.1,EtnaRCSC
2026-01-09 11:12:22,1.3,37.751,14.999,-0.6,EtnaRCSC
2026-01-09 15:45:37,2.4,37.707,14.718,17.3,EtnaRCSC
2026-01-09 15:46:57,1.9,37.731,14.733,17.3,EtnaRCSC
2026-01-09 16:13:26,1.1,37.755,14.989,1.9,EtnaRCSC
2026-01-09 16:17:43,0.9,37.755,14.988,0.3,EtnaRCSC
2026-01-09 20:34:22,0.9,37.757,14.99,3.2,EtnaRCSC
2026-01-09 21:33:51,3.3,37.74,14.813,8.0,EtnaRCSC
2026-01-09 22:30:49,1.3,37.733,14.809,10.5,EtnaRCSC
2026-01-10 00:55:18,1.2,37.725,14.729,10.3,EtnaRCSC
2026-01-10 02:08:02,2.1,37.745,14.805,7.8,EtnaRCSC
2026-01-10 03:04:12,1.3,37.754,14.996,-0.7,EtnaRCSC
2026-01-11 03:46:42,1.4,37.735,15.138,4.4,EtnaRCSC
2026-01-12 05:11:22,1.3,37.799,15.244,-1.6,EtnaRCSC
2026-01-13 08:27:33,1.8,37.732,14.817,9.1,EtnaRCSC
2026-01-13 09:29:28,1.2,37.743,14.85,10.3,EtnaRCSC
2026-01-13 13:02:52,1.1,37.761,15.085,7.1,EtnaRCSC
2026-01-13 13:05:51,1.7,37.757,15.069,6.8,EtnaRCSC
2026-01-13 13:07:59,1.0,37.75,15.08,8.5,EtnaRCSC
2026-01-13 13:17:13,1.2,37.749,15.074,8.5,EtnaRCSC
2026-01-15 22:42:51,0.8,37.725,15.068,-1.6,EtnaRCSC
2026-01-16 02:12:28,1.0,37.766,15.202,14.5,EtnaRCSC
2026-01-16 22:15:28,1.7,37.668,15.052,7.2,EtnaRCSC
2026-01-17 07:33:58,1.4,37.739,14.847,6.6,EtnaRCSC
2026-01-17 08:21:59,1.1,37.748,15.084,9.3,EtnaRCSC
2026-01-17 23:29:18,1.1,37.734,15.081,7.9,EtnaRCSC
2026-01-21 05:14:42,1.8,37.84,15.012,15.3,EtnaRCSC
2026-01-21 09:19:38,1.3,37.757,15.198,6.8,EtnaRCSC
2026-01-21 09:26:28,2.3,37.834,15.022,11.7,EtnaRCSC
2026-01-21 19:06:36,1.4,37.826,14.995,15.1,EtnaRCSC
2026-01-24 12:03:59,1.0,37.748,14.845,2.6,EtnaRCSC
2026-01-24 17:49:39,1.1,37.734,14.795,8.1,EtnaRCSC
2026-01-24 18:06:14,0.9,37.74,14.827,6.3,EtnaRCSC
2026-01-24 19:34:53,1.2,37.739,14.802,8.7,EtnaRCSC
2026-01-24 23:43:36,1.1,37.738,14.83,7.9,EtnaRCSC
2026-01-24 23:46:48,1.2,37.731,14.818,6.9,EtnaRCSC
2026-01-24 23:58:20,1.0,37.731,14.811,6.7,EtnaRCSC
2026-01-25 00:28:57,1.8,37.72,14.787,12.6,EtnaRCSC
2026-01-25 00:29:39,0.6,37.73,14.87,-0.5,EtnaRCSC
2026-01-25 01:23:01,1.0,37.729,14.803,7.4,EtnaRCSC
2026-01-25 07:51:58,2.6,37.711,14.752,15.4,EtnaRCSC
2026-01-25 08:48:37,1.5,37.741,14.811,13.4,EtnaRCSC
2026-01-25 09:17:58,1.6,37.736,14.793,10.4,EtnaRCSC
2026-01-25 09:18:18,1.7,37.746,14.757,11.9,EtnaRCSC
2026-01-25 09:26:16,1.5,37.731,14.764,14.3,EtnaRCSC
2026-01-25 09:46:14,1.7,37.732,14.735,13.3,EtnaRCSC
2026-01-25 10:10:41,1.7,37.73,14.787,13.8,EtnaRCSC
2026-01-25 10:59:26,2.1,37.736,14.796,13.3,EtnaRCSC
2026-01-25 13:41:23,1.1,37.745,14.815,7.4,EtnaRCSC
2026-01-25 17:21:35,1.2,37.737,14.803,7.8,EtnaRCSC
2026-01-26 04:40:51,1.1,37.62,15.09,9.2,EtnaRCSC
2026-01-26 08:43:33,1.2,37.736,14.781,3.7,EtnaRCSC
2026-01-26 08:45:15,2.2,37.734,14.806,9.4,EtnaRCSC
2026-01-26 10:05:20,1.8,37.731,14.804,9.7,EtnaRCSC
2026-01-26 10:50:45,1.2,37.75,14.772,9.8,EtnaRCSC
2026-01-26 10:51:35,1.1,37.742,14.799,7.2,EtnaRCSC
2026-01-26 16:02:24,1.8,37.729,14.805,13.5,EtnaRCSC
2026-01-26 20:06:19,2.4,37.731,14.802,10.4,EtnaRCSC
2026-01-26 20:08:01,1.3,37.739,14.8,9.1,EtnaRCSC
2026-01-26 20:39:10,1.0,37.737,14.802,7.5,EtnaRCSC
2026-01-26 20:40:05,2.1,37.737,14.801,9.1,EtnaRCSC
2026-01-27 01:12:48,1.0,37.737,14.788,9.0,EtnaRCSC
2026-01-27 14:19:54,1.1,37.653,14.993,9.1,EtnaRCSC
2026-01-27 15:00:05,1.1,37.691,14.81,2.8,EtnaRCSC
2026-01-30 12:32:47,0.9,37.74,15.085,7.6,EtnaRCSC
2026-01-31 09:31:44,1.8,37.777,14.857,23.2,EtnaRCSC
2026-01-31 12:56:28,1.5,37.808,15.097,-0.9,EtnaRCSC
2026-01-31 17:56:28,1.0,37.744,15.046,5.3,EtnaRCSC
2026-01-31 19:20:38,1.8,37.843,14.961,28.1,EtnaRCSC
2026-02-04 12:43:02,2.1,37.739,15.127,7.3,EtnaRCSC
2026-02-04 18:17:16,0.9,37.728,14.95,4.0,EtnaRCSC
2026-02-06 07:52:17,2.5,37.727,15.11,6.4,EtnaRCSC
2026-02-06 07:56:15,1.1,37.725,15.088,4.5,EtnaRCSC
2026-02-06 07:59:16,1.2,37.728,15.11,5.9,EtnaRCSC
2026-02-06 09:16:20,1.2,37.73,15.114,6.1,EtnaRCSC
2026-02-06 09:23:33,1.9,37.733,15.115,6.3,EtnaRCSC
2026-02-06 09:29:28,1.4,37.735,15.114,6.2,EtnaRCSC
2026-02-06 23:59:33,1.1,37.735,15.105,6.1,EtnaRCSC
2026-02-07 01:18:03,1.1,37.758,15.036,5.8,EtnaRCSC
2026-02-07 09:35:00,1.8,37.706,15.152,-1.6,EtnaRCSC
2026-02-07 10:10:57,1.2,37.705,15.138,1.2,EtnaRCSC
2026-02-07 16:45:44,1.6,37.65,14.951,1.3,EtnaRCSC
2026-02-07 16:59:45,1.2,37.649,14.959,4.2,EtnaRCSC
2026-02-07 17:05:11,2.0,37.709,15.075,3.7,EtnaRCSC
2026-02-07 17:13:59,1.3,37.709,15.073,4.0,EtnaRCSC
2026-02-09 09:38:11,1.5,37.868,14.915,0.7,EtnaRCSC
2026-02-09 16:45:57,1.1,37.729,14.99,7.1,EtnaRCSC
2026-02-14 03:59:39,2.3,37.509,15.16,27.8,EtnaRCSC
2026-02-14 13:30:45,1.7,37.555,14.792,0.4,EtnaRCSC
2026-02-15 01:30:35,1.0,37.638,14.969,8.9,EtnaRCSC
2026-02-18 01:22:09,1.7,37.626,15.224,26.9,EtnaRCSC
2026-02-22 01:58:54,0.7,37.763,14.834,2.5,EtnaRCSC
2026-02-23 18:04:31,1.1,37.601,14.843,4.7,EtnaRCSC
2026-02-23 19:12:20,1.0,37.732,15.076,5.9,EtnaRCSC
2026-02-24 06:30:50,1.7,37.532,15.164,21.1,EtnaRCSC
2026-02-24 10:56:35,1.4,37.624,14.928,7.3,EtnaRCSC
2026-02-24 11:12:23,1.0,37.75,15.065,4.6,EtnaRCSC
2026-02-24 12:35:01,1.6,37.739,14.875,3.1,EtnaRCSC
2026-02-24 16:12:46,0.8,37.829,15.063,-1.2,EtnaRCSC
2026-02-24 16:14:23,0.8,37.828,15.061,0.1,EtnaRCSC
2026-02-24 16:15:20,0.9,37.829,15.065,-0.5,EtnaRCSC
2026-02-25 01:09:24,1.8,37.743,15.044,11.9,EtnaRCSC
2026-02-25 01:21:25,1.2,37.738,15.046,11.3,EtnaRCSC
2026-02-25 02:40:32,1.1,37.752,15.066,4.2,EtnaRCSC
2026-02-25 13:25:08,1.1,37.735,14.801,4.6,EtnaRCSC
2026-02-25 19:27:21,1.1,37.758,15.111,7.0,EtnaRCSC
2026-02-26 12:46:32,1.0,37.882,15.067,4.3,EtnaRCSC
2026-02-27 19:20:37,1.6,37.742,14.784,0.3,EtnaRCSC
2026-02-27 19:24:04,1.8,37.746,14.792,4.7,EtnaRCSC
2026-02-27 20:23:35,1.0,37.737,14.8,3.8,EtnaRCSC
2026-02-27 22:32:44,1.1,37.759,14.806,3.6,EtnaRCSC
2026-02-28 21:59:10,1.0,37.741,14.805,4.9,EtnaRCSC
2026-02-28 22:11:55,1.0,37.741,14.806,4.8,EtnaRCSC
2026-03-01 06:19:31,1.1,37.8484,15.0351,12.99,EtnaRSC
2026-03-01 06:41:11,1.2,37.8298,15.0415,14.27,EtnaRSC
2026-03-01 07:42:41,1.2,37.6943,15.0625,0.51,EtnaRSC
2026-03-02 23:39:00,1.3,37.6666,15.0941,1.53,EtnaRSC
2026-03-03 04:04:38,1.6,37.879,14.9693,19.77,EtnaRSC
2026-03-03 04:07:53,1.4,37.8893,14.9734,17.97,EtnaRSC
2026-03-03 17:23:47,1.0,37.7342,15.1292,9.32,EtnaRSC
2026-03-04 02:32:17,1.1,37.7683,15.1644,9.44,EtnaRSC
2026-03-04 06:05:10,4.5,37.6462,14.9179,1.46,EtnaRSC
2026-03-04 06:07:59,2.6,37.6393,14.9446,1.33,EtnaRSC
2026-03-04 06:10:42,1.3,37.6168,14.9341,10.41,EtnaRSC
2026-03-04 06:11:53,1.4,37.6076,14.9609,0.52,EtnaRSC
2026-03-04 06:12:20,1.1,37.625,14.9526,4.07,EtnaRSC
2026-03-04 06:13:04,1.3,37.6087,14.9279,6.88,EtnaRSC
2026-03-04 06:13:29,1.4,37.6086,14.9459,6.96,EtnaRSC
2026-03-04 06:18:44,1.2,37.6532,14.8671,8.05,EtnaRSC
2026-03-04 06:24:36,1.4,37.6174,14.9316,9.67,EtnaRSC
2026-03-04 06:24:37,1.2,37.6253,14.9512,3.5,EtnaRSC
2026-03-04 06:25:11,1.1,37.6096,14.9561,0.98,EtnaRSC
2026-03-04 06:25:18,1.2,37.6398,14.8871,7.06,EtnaRSC
2026-03-04 06:28:05,1.4,37.6355,14.9103,7.99,EtnaRSC
2026-03-04 06:30:16,1.0,37.6419,14.9197,2.17,EtnaRSC
2026-03-04 06:33:59,1.5,37.6367,14.9455,0.31,EtnaRSC
2026-03-04 06:41:51,1.4,37.635,14.913,9.29,EtnaRSC
2026-03-04 06:42:38,1.3,37.6287,14.9133,7.44,EtnaRSC
2026-03-04 06:47:06,1.4,37.6207,14.8797,9.1,EtnaRSC
2026-03-04 06:51:34,1.2,37.6271,14.9119,9.74,EtnaRSC
2026-03-04 06:53:00,1.4,37.6405,14.8322,7.95,EtnaRSC
2026-03-04 06:54:49,1.2,37.623,14.9055,5.8,EtnaRSC
2026-03-04 06:57:11,1.1,37.6205,14.9387,2.24,EtnaRSC
2026-03-04 06:57:21,1.5,37.6028,14.9057,8.5,EtnaRSC
2026-03-04 06:58:10,1.3,37.6421,14.9262,7.88,EtnaRSC
2026-03-04 07:01:07,1.4,37.6214,14.9277,8.65,EtnaRSC
2026-03-04 07:08:21,1.2,37.6412,14.9043,2.16,EtnaRSC
2026-03-04 07:10:04,1.2,37.6045,14.9505,1.4,EtnaRSC
2026-03-04 07:10:16,1.7,37.617,14.958,1.13,EtnaRSC
2026-03-04 07:11:33,1.4,37.6344,14.9255,8.72,EtnaRSC
2026-03-04 07:12:41,1.3,37.6277,14.928,2.98,EtnaRSC
2026-03-04 07:21:01,1.3,37.634,14.9268,2.16,EtnaRSC
2026-03-04 07:38:45,1.3,37.64,14.8886,9.9,EtnaRSC
2026-03-04 07:45:32,1.4,37.6146,14.9289,5.35,EtnaRSC
2026-03-04 07:48:57,1.2,37.6172,14.9539,3.97,EtnaRSC
2026-03-04 07:49:50,1.3,37.6031,14.9317,3.3,EtnaRSC
2026-03-04 07:54:53,1.4,37.632,14.9064,9.54,EtnaRSC
2026-03-04 07:55:54,1.4,37.6122,14.9341,8.05,EtnaRSC
2026-03-04 07:59:27,1.3,37.6109,14.944,3.61,EtnaRSC
2026-03-04 08:00:00,1.4,37.6085,14.9394,6.71,EtnaRSC
2026-03-04 08:05:46,1.5,37.5845,14.9359,2.17,EtnaRSC
2026-03-04 08:06:55,1.1,37.6398,14.8837,0.7,EtnaRSC
2026-03-04 08:10:30,1.6,37.6108,14.9081,8.96,EtnaRSC
2026-03-04 08:14:07,1.6,37.6034,14.9131,8.64,EtnaRSC
2026-03-04 08:36:08,1.5,37.6248,14.922,7.62,EtnaRSC
2026-03-04 08:38:04,1.7,37.6395,14.905,0.77,EtnaRSC
2026-03-04 08:42:55,2.0,37.6427,14.9339,2.16,EtnaRSC
2026-03-04 08:52:26,1.1,37.6563,14.9057,5.47,EtnaRSC
2026-03-04 08:56:49,1.5,37.5956,14.9123,9.04,EtnaRSC
2026-03-04 09:02:02,1.6,37.6198,14.8138,9.41,EtnaRSC
2026-03-04 09:09:57,1.5,37.6052,14.9309,9.06,EtnaRSC
2026-03-04 09:13:00,1.8,37.6053,14.9552,6.29,EtnaRSC
2026-03-04 09:18:19,1.3,37.6602,14.9513,6.7,EtnaRSC
2026-03-04 09:21:00,1.4,37.6349,14.922,7.79,EtnaRSC
2026-03-04 09:25:29,1.3,37.6302,14.9512,1.59,EtnaRSC
2026-03-04 09:30:01,1.2,37.8822,14.8233,2.13,EtnaRSC
2026-03-04 09:39:44,1.8,37.6503,14.9253,0.58,EtnaRSC
2026-03-04 10:04:49,1.3,37.6218,14.93,9.02,EtnaRSC
2026-03-04 10:12:05,1.0,37.6297,14.9394,2.28,EtnaRSC
2026-03-04 10:12:05,1.3,37.6114,14.9393,4.53,EtnaRSC
2026-03-04 11:17:28,1.7,37.6324,14.9139,1.92,EtnaRSC
2026-03-04 11:24:31,0.9,37.75,15.1132,6.02,EtnaRSC
2026-03-04 11:39:46,1.4,37.6048,14.9047,7.74,EtnaRSC
2026-03-04 12:06:21,1.1,37.6409,14.8728,5.43,EtnaRSC
2026-03-04 12:11:02,1.2,37.6304,14.9332,1.93,EtnaRSC
2026-03-04 12:21:20,1.7,37.6101,14.9226,5.48,EtnaRSC
2026-03-04 12:27:34,1.5,37.6101,14.9312,2.82,EtnaRSC
2026-03-04 12:40:16,1.7,37.6183,14.9319,4.89,EtnaRSC
2026-03-04 12:44:10,1.3,37.6096,14.9171,7.91,EtnaRSC
2026-03-04 12:53:52,1.2,37.6393,14.9038,3.98,EtnaRSC
2026-03-04 12:55:38,1.1,37.6283,14.9582,3.89,EtnaRSC
2026-03-04 13:00:09,1.1,37.6204,14.9243,3.54,EtnaRSC
2026-03-04 13:17:47,1.1,37.6378,14.932,2.8,EtnaRSC
2026-03-04 13:27:29,1.3,37.6272,14.9205,4.06,EtnaRSC
2026-03-04 13:27:56,1.3,37.6075,14.9575,6.3,EtnaRSC
2026-03-04 14:10:22,1.2,37.6286,14.9373,7.54,EtnaRSC
2026-03-04 14:30:56,1.4,37.6054,14.9472,9.74,EtnaRSC
2026-03-04 14:35:31,1.6,37.6084,14.9273,4.55,EtnaRSC
2026-03-04 14:37:23,1.6,37.6117,14.9285,4.74,EtnaRSC
2026-03-04 15:00:00,1.3,37.6359,14.9252,8.01,EtnaRSC
2026-03-04 15:11:45,1.7,37.6409,14.7926,6.32,EtnaRSC
2026-03-04 15:41:31,1.4,37.5942,14.9106,6.62,EtnaRSC
2026-03-04 15:52:36,1.8,37.6071,14.9363,1.66,EtnaRSC
2026-03-04 15:56:01,1.6,37.627,14.9231,8.79,EtnaRSC
2026-03-04 16:04:36,1.4,37.6064,14.922,5.56,EtnaRSC
2026-03-04 16:11:55,1.2,37.6114,14.9278,4.72,EtnaRSC
2026-03-04 16:29:05,1.3,37.6026,14.9156,8.15,EtnaRSC
2026-03-04 16:40:08,2.3,37.6343,14.8986,1.15,EtnaRSC
2026-03-04 16:40:45,2.2,37.6359,14.8995,0.26,EtnaRSC
2026-03-04 16:42:58,1.2,37.6131,14.8794,6.74,EtnaRSC
2026-03-04 16:44:56,1.4,37.6156,14.885,6.98,EtnaRSC
2026-03-04 16:46:56,2.1,37.6371,14.9057,1.93,EtnaRSC
2026-03-04 16:48:10,1.1,37.5976,14.8665,7.55,EtnaRSC
2026-03-04 17:02:15,0.8,37.6324,14.9163,0.18,EtnaRSC
2026-03-04 17:12:20,1.2,37.6305,14.916,9.09,EtnaRSC
2026-03-04 17:17:02,0.9,37.6253,14.9124,2.04,EtnaRSC
2026-03-04 17:38:06,1.1,37.6193,14.9234,9.49,EtnaRSC
2026-03-04 17:56:15,1.1,37.6182,14.9242,7.89,EtnaRSC
2026-03-04 17:58:14,1.0,37.6118,14.9293,7.13,EtnaRSC
2026-03-04 18:01:13,1.2,37.6195,14.9067,7.58,EtnaRSC
2026-03-04 18:04:00,1.2,37.632,14.9206,7.42,EtnaRSC
2026-03-04 18:10:17,1.0,37.6099,14.9257,8.22,EtnaRSC
2026-03-04 18:31:26,1.1,37.6266,14.9243,3.58,EtnaRSC
2026-03-04 18:33:59,1.1,37.6094,14.9314,5.29,EtnaRSC
2026-03-04 18:38:18,1.0,37.6242,14.9167,3.99,EtnaRSC
2026-03-04 18:54:10,1.1,37.6477,14.9168,8.9,EtnaRSC
2026-03-04 19:03:59,1.2,37.6017,14.8735,7.2,EtnaRSC
2026-03-04 19:06:07,1.4,37.6164,14.9067,7.98,EtnaRSC
2026-03-04 19:06:28,1.7,37.6123,14.9244,6.17,EtnaRSC
2026-03-04 19:16:08,1.1,37.6028,14.937,4.91,EtnaRSC
2026-03-04 19:18:40,0.9,37.6178,14.9285,5.39,EtnaRSC
2026-03-04 19:43:33,0.8,37.6331,14.9229,3.07,EtnaRSC
2026-03-04 20:27:55,2.2,37.6481,14.941,2.06,EtnaRSC
2026-03-04 20:42:35,2.0,37.6393,14.9327,1.1,EtnaRSC
2026-03-04 20:44:22,1.0,37.6271,14.9226,4.57,EtnaRSC
2026-03-04 20:53:29,1.0,37.6465,14.8872,4.29,EtnaRSC
2026-03-04 21:02:13,1.2,37.6435,14.8824,8.24,EtnaRSC
2026-03-04 21:12:21,1.0,37.6239,14.9062,10.24,EtnaRSC
2026-03-04 21:22:41,1.0,37.6271,14.9482,1.21,EtnaRSC
2026-03-04 21:25:39,1.2,37.6262,14.8889,8.66,EtnaRSC
2026-03-04 21:28:57,1.3,37.6227,14.8674,13.77,EtnaRSC
2026-03-04 21:51:11,1.1,37.631,14.9067,5.62,EtnaRSC
2026-03-04 21:51:47,1.0,37.6303,14.9319,0.02,EtnaRSC
2026-03-04 21:53:52,1.1,37.6064,14.915,7.58,EtnaRSC
2026-03-04 21:54:13,1.0,37.6058,14.9453,5.35,EtnaRSC
2026-03-04 22:08:27,1.1,37.6061,14.9276,8.84,EtnaRSC
2026-03-04 22:12:22,1.0,37.6256,14.9331,6.36,EtnaRSC
2026-03-04 22:37:14,1.2,37.621,14.9341,3.89,EtnaRSC
2026-03-04 22:38:55,0.9,37.629,14.914,8.88,EtnaRSC
2026-03-04 22:39:33,0.9,37.6069,14.9169,5.25,EtnaRSC
2026-03-04 22:46:42,2.1,37.6395,14.9299,2.11,EtnaRSC
2026-03-04 22:48:13,1.1,37.6093,14.9095,8.16,EtnaRSC
2026-03-04 23:11:47,1.5,37.6373,14.9209,1.78,EtnaRSC
2026-03-04 23:48:09,0.8,37.6178,14.9437,0.12,EtnaRSC
2026-03-05 00:04:19,0.9,37.6385,14.9364,3.43,EtnaRSC
2026-03-05 00:05:01,0.8,37.6326,14.9202,5.54,EtnaRSC
2026-03-05 00:09:57,1.0,37.6145,14.9288,5.1,EtnaRSC
2026-03-05 00:10:52,1.1,37.6131,14.9059,6.66,EtnaRSC
2026-03-05 00:20:13,0.8,37.6167,14.9373,1.7,EtnaRSC
2026-03-05 00:26:20,0.9,37.6383,14.9394,3.55,EtnaRSC
2026-03-05 00:38:17,1.3,37.6397,14.9447,2.57,EtnaRSC
2026-03-05 00:43:26,0.9,37.6321,14.9476,5.8,EtnaRSC
2026-03-05 01:21:09,1.0,37.6206,14.9303,1.24,EtnaRSC
2026-03-05 01:36:53,0.9,37.6288,14.9348,4.93,EtnaRSC
2026-03-05 01:52:22,1.0,37.62,14.9093,1.92,EtnaRSC
2026-03-05 02:34:37,0.7,37.6129,14.9416,-0.19,EtnaRSC
2026-03-05 02:41:38,0.9,37.6045,14.9342,4.93,EtnaRSC
2026-03-05 02:55:07,1.0,37.6337,14.9326,0.52,EtnaRSC
2026-03-05 03:05:14,1.0,37.6243,14.9218,5.23,EtnaRSC
2026-03-05 03:10:33,0.8,37.6386,14.9402,4.1,EtnaRSC
2026-03-05 03:13:34,0.9,37.6246,14.9166,3.95,EtnaRSC
2026-03-05 03:20:20,0.9,37.6376,14.9376,4.1,EtnaRSC
2026-03-05 04:07:25,1.2,37.6031,14.8889,9.03,EtnaRSC
2026-03-05 04:13:17,1.4,37.6342,14.925,1.92,EtnaRSC
2026-03-05 04:23:52,1.8,37.6423,14.9191,0.29,EtnaRSC
2026-03-05 04:30:33,1.3,37.5912,14.9218,7.86,EtnaRSC
2026-03-05 05:57:07,1.4,37.6331,14.9404,2.66,EtnaRSC
2026-03-05 07:24:50,1.2,37.5872,14.9133,6.97,EtnaRSC
2026-03-05 07:25:31,1.2,37.5741,14.9517,4.04,EtnaRSC
2026-03-05 07:25:32,1.1,37.5993,14.9316,6.57,EtnaRSC
2026-03-05 07:48:00,1.0,37.6309,14.9364,4.44,EtnaRSC
2026-03-05 08:06:59,1.8,37.6377,14.9349,1.62,EtnaRSC
2026-03-05 08:45:29,1.0,37.6375,14.9096,7.2,EtnaRSC
2026-03-05 09:14:57,0.9,37.6109,14.9404,2.26,EtnaRSC
2026-03-05 09:38:35,1.2,37.5808,14.935,5.81,EtnaRSC
2026-03-05 09:46:22,1.8,37.6125,14.9493,2.98,EtnaRSC
2026-03-05 11:50:26,1.1,37.6313,14.9301,-1.6,EtnaRSC
2026-03-05 12:16:45,1.2,37.6229,14.9097,6.5,EtnaRSC
2026-03-05 14:19:34,1.3,37.6058,14.9189,4.46,EtnaRSC
2026-03-05 16:39:05,2.7,37.6406,14.9079,1.87,EtnaRSC
2026-03-05 16:40:12,1.6,37.5962,14.8893,6.41,EtnaRSC
2026-03-05 16:56:17,1.4,37.6211,14.9449,6.26,EtnaRSC
2026-03-05 17:31:37,1.8,37.6376,14.9439,0.87,EtnaRSC
2026-03-05 17:48:06,1.0,37.6158,14.9418,6.75,EtnaRSC
2026-03-05 17:49:30,1.4,37.628,14.9103,10.43,EtnaRSC
2026-03-05 18:14:07,1.5,37.6135,14.9053,6.86,EtnaRSC
2026-03-05 19:52:58,1.3,37.6111,14.9597,0.15,EtnaRSC
2026-03-05 20:32:19,1.3,37.5899,14.8977,4.28,EtnaRSC
2026-03-05 21:07:26,1.4,37.6223,14.9284,-1.56,EtnaRSC
2026-03-05 22:26:51,1.4,37.5982,14.9351,4.86,EtnaRSC
2026-03-05 23:18:26,1.1,37.6339,14.9216,6.56,EtnaRSC
2026-03-05 23:58:08,1.2,37.6145,14.9463,8.22,EtnaRSC
2026-03-06 01:08:48,1.5,37.5566,14.8206,8.04,EtnaRSC
2026-03-06 01:32:31,1.5,37.5805,14.8995,14.24,EtnaRSC
2026-03-06 01:37:15,1.4,37.6173,14.897,10.99,EtnaRSC
2026-03-06 02:18:18,1.1,37.6288,14.9214,8.56,EtnaRSC
2026-03-06 02:58:26,1.2,37.6239,14.914,10.72,EtnaRSC
2026-03-06 03:03:23,1.4,37.5853,14.8758,6.5,EtnaRSC
2026-03-06 03:33:07,1.2,37.6229,14.9235,8.57,EtnaRSC
2026-03-06 03:37:38,1.2,37.6246,14.9312,7.9,EtnaRSC
2026-03-06 04:50:00,1.3,37.6472,14.8123,4.59,EtnaRSC
2026-03-06 16:58:26,1.1,37.6075,14.9258,9.0,EtnaRSC
2026-03-06 17:29:06,1.0,37.6193,14.9398,3.4,EtnaRSC
2026-03-06 18:55:44,1.3,37.6103,14.964,1.65,EtnaRSC
2026-03-06 22:54:34,1.2,37.5937,14.8666,8.86,EtnaRSC
2026-03-06 23:38:56,1.3,37.5806,14.8909,6.86,EtnaRSC
2026-03-07 01:06:50,1.3,37.5926,14.9233,7.14,EtnaRSC
2026-03-07 03:36:23,1.4,37.7415,14.8406,4.34,EtnaRSC
2026-03-07 14:37:07,1.2,37.5832,14.8845,9.01,EtnaRSC
2026-03-07 15:13:14,1.2,37.6219,14.9558,8.64,EtnaRSC
2026-03-07 19:21:09,1.4,37.5246,14.8991,9.97,EtnaRSC
2026-03-07 23:34:43,1.1,37.6088,14.8953,6.36,EtnaRSC
2026-03-08 01:29:19,1.0,37.6432,15.201,10.18,EtnaRSC
2026-03-08 03:18:11,1.0,37.6208,14.9228,7.17,EtnaRSC
2026-03-08 04:51:43,0.9,37.6201,14.9058,8.64,EtnaRSC
2026-03-08 06:12:46,1.5,37.6237,14.9104,7.12,EtnaRSC
2026-03-08 06:15:49,1.1,37.6174,14.9251,5.71,EtnaRSC
2026-03-08 06:27:43,0.9,37.6371,14.9431,3.72,EtnaRSC
2026-03-08 06:34:04,1.0,37.6426,14.9298,10.39,EtnaRSC
2026-03-08 08:22:22,1.1,37.6244,14.9224,8.43,EtnaRSC
2026-03-08 11:59:35,1.0,37.6191,14.9299,8.16,EtnaRSC
2026-03-08 16:12:10,0.7,37.6024,14.8886,8.39,EtnaRSC
2026-03-08 17:30:58,0.9,37.6185,14.9303,7.78,EtnaRSC
2026-03-08 17:38:17,0.9,37.6117,14.913,10.35,EtnaRSC
2026-03-08 17:43:42,0.9,37.6009,14.8811,8.45,EtnaRSC
2026-03-08 18:20:58,1.3,37.5768,14.8985,9.63,EtnaRSC
2026-03-08 18:42:26,0.9,37.6257,14.9176,8.46,EtnaRSC
2026-03-08 23:09:42,0.8,37.6175,14.9067,5.57,EtnaRSC
2026-03-09 00:59:50,0.3,37.7667,15.1155,2.33,EtnaRSC
2026-03-09 00:59:53,0.9,37.7574,15.111,6.89,EtnaRSC
2026-03-09 01:23:09,0.2,37.7577,15.0731,-0.19,EtnaRSC
2026-03-09 01:47:05,0.9,37.7536,15.1236,6.55,EtnaRSC
2026-03-09 03:26:47,0.3,37.6891,14.9378,-1.58,EtnaRSC
2026-03-09 04:18:10,0.9,37.7476,14.9966,2.95,EtnaRSC
2026-03-09 06:15:47,1.3,37.789,15.1718,4.82,EtnaRSC
2026-03-09 08:14:59,0.9,37.7477,15.0027,-1.57,EtnaRSC
2026-03-09 16:13:51,1.4,37.7939,14.8962,19.87,EtnaRSC
2026-03-09 20:33:18,1.1,37.7633,15.0724,9.5,EtnaRSC
2026-03-09 20:39:18,0.1,37.8057,15.0472,-0.46,EtnaRSC
2026-03-09 23:37:56,1.6,37.6282,14.917,0.89,EtnaRSC
2026-03-10 00:12:26,1.2,37.584,14.8878,7.91,EtnaRSC
2026-03-10 01:55:26,1.1,37.6428,14.9388,2.09,EtnaRSC
2026-03-10 17:04:09,1.2,37.7831,15.2006,8.48,EtnaRSC
2026-03-10 17:51:18,1.0,37.7531,15.0387,4.75,EtnaRSC
2026-03-10 23:45:56,1.4,37.7928,15.1796,8.03,EtnaRSC
2026-03-11 00:20:15,1.1,37.7866,15.1899,7.11,EtnaRSC
2026-03-11 02:14:03,1.4,37.7888,15.1854,6.41,EtnaRSC
2026-03-11 03:05:12,0.8,37.783,15.1801,4.86,EtnaRSC
2026-03-11 03:11:36,1.7,37.7841,15.1868,6.6,EtnaRSC
2026-03-11 03:12:07,1.2,37.7836,15.1818,5.73,EtnaRSC
2026-03-11 03:23:50,1.0,37.7832,15.1781,5.6,EtnaRSC
2026-03-11 04:05:12,1.1,37.6524,14.9946,5.97,EtnaRSC
2026-03-11 09:53:30,2.1,37.7883,15.1771,5.89,EtnaRSC
2026-03-11 10:16:24,1.9,37.7874,15.1808,5.42,EtnaRSC
2026-03-11 11:51:38,1.9,37.8038,15.1972,9.37,EtnaRSC
2026-03-11 18:40:27,1.1,37.7795,15.1764,5.26,EtnaRSC
2026-03-12 04:27:12,0.7,37.596,14.8963,9.95,EtnaRSC
2026-03-12 05:24:19,1.1,37.6197,14.9139,3.38,EtnaRSC
2026-03-12 07:28:05,2.0,37.5566,14.8301,-1.58,EtnaRSC
2026-03-12 19:09:12,0.8,37.7596,15.1366,8.82,EtnaRSC
2026-03-12 23:20:17,0.4,37.5833,14.8174,1.06,EtnaRSC
2026-03-12 23:46:24,0.6,37.7293,15.1113,4.69,EtnaRSC
2026-03-13 06:42:52,1.7,37.5998,15.2091,9.6,EtnaRSC
2026-03-14 01:22:22,0.3,37.7958,15.054,0.16,EtnaRSC
2026-03-14 09:55:10,0.9,37.7448,15.1071,7.58,EtnaRSC
2026-03-15 01:00:43,0.9,37.6396,14.9113,10.71,EtnaRSC
2026-03-16 01:11:04,1.1,37.6765,15.1862,8.65,EtnaRSC
2026-03-17 08:13:14,1.7,37.8282,15.2564,19.01,EtnaRSC
2026-03-17 10:13:42,1.4,37.7484,15.1534,5.45,EtnaRSC
2026-03-17 14:21:36,0.8,37.6858,14.9754,2.2,EtnaRSC
2026-03-18 00:56:31,1.1,37.6378,14.9085,10.23,EtnaRSC
2026-03-18 01:51:08,1.0,37.6103,14.8448,7.84,EtnaRSC
2026-03-18 04:41:45,1.0,37.6283,14.9181,-0.07,EtnaRSC
2026-03-18 05:22:09,1.3,37.7828,15.1625,5.54,EtnaRSC
2026-03-18 09:49:39,1.8,37.839,14.9287,20.6,EtnaRSC
2026-03-18 10:20:09,2.1,37.8098,14.9014,21.85,EtnaRSC
2026-03-18 10:54:20,1.6,37.8258,14.9566,21.88,EtnaRSC
2026-03-18 11:40:28,1.8,37.8223,14.9276,20.41,EtnaRSC
2026-03-18 11:50:50,1.1,37.7682,15.1761,7.25,EtnaRSC
2026-03-18 16:27:13,1.6,37.833,14.9219,25.16,EtnaRSC
2026-03-19 10:47:46,1.4,37.8478,14.9474,13.47,EtnaRSC
2026-03-20 11:45:14,1.0,37.7286,14.9602,5.35,EtnaRSC
2026-03-21 08:12:55,1.2,37.7466,14.9692,8.5,EtnaRSC
2026-03-21 20:56:04,0.8,37.7514,15.1068,4.48,EtnaRSC
2026-03-22 02:15:18,0.8,37.7571,15.1436,5.08,EtnaRSC
2026-03-23 09:15:24,1.0,37.6274,14.9327,1.48,EtnaRSC
2026-03-23 09:41:01,0.8,37.7516,15.1122,5.15,EtnaRSC
2026-03-23 19:34:25,1.3,37.8503,14.7066,25.38,EtnaRSC
2026-03-24 01:43:56,0.5,37.7234,15.0975,2.44,EtnaRSC
2026-03-24 11:16:48,1.0,37.7732,15.1235,4.22,EtnaRSC
2026-03-24 16:04:46,1.5,37.6318,14.9236,11.38,EtnaRSC
2026-03-24 18:10:56,0.8,37.7341,15.1293,4.41,EtnaRSC
2026-03-25 06:21:44,0.8,37.7113,15.0204,2.81,EtnaRSC
2026-03-25 06:31:43,1.5,37.6101,14.8911,11.91,EtnaRSC
2026-03-25 19:53:42,0.7,37.6813,14.9576,3.5,EtnaRSC
2026-03-27 01:27:19,1.2,37.7203,14.9413,9.92,EtnaRSC
2026-03-27 04:53:37,1.2,37.7676,14.8454,-1.57,EtnaRSC
2026-03-27 21:01:11,1.0,37.7503,15.022,3.96,EtnaRSC
2026-03-28 12:11:40,1.0,37.7284,14.9384,4.98,EtnaRSC
2026-03-29 08:26:43,0.9,37.6295,14.932,4.13,EtnaRSC
2026-03-29 08:27:49,0.9,37.6063,14.9116,8.92,EtnaRSC
2026-03-29 16:38:44,1.2,37.8328,14.9423,10.24,EtnaRSC
2026-03-29 16:58:55,1.3,37.8348,14.9428,10.65,EtnaRSC
2026-03-29 20:35:18,1.1,37.5843,14.8647,7.1,EtnaRSC
2026-03-29 20:46:17,0.7,37.8022,14.9222,6.25,EtnaRSC
2026-03-30 01:52:29,0.8,37.7287,14.9439,3.72,EtnaRSC
2026-03-30 02:02:52,1.2,37.8231,14.8263,9.42,EtnaRSC
2026-03-30 04:38:20,0.8,37.7863,15.0339,2.17,EtnaRSC
2026-03-30 07:32:20,0.6,37.7573,15.1097,3.99,EtnaRSC
2026-03-30 07:57:57,0.9,37.7538,15.1078,3.77,EtnaRSC
2026-03-31 01:19:13,2.8,37.8684,14.873,27.79,EtnaRSC
2026-03-31 01:23:50,2.2,37.8645,14.8756,22.14,EtnaRSC
2026-03-31 01:31:31,1.6,37.8667,14.8787,22.96,EtnaRSC
2026-03-31 01:56:18,1.8,37.8695,14.8694,25.82,EtnaRSC
2026-03-31 02:32:10,1.0,37.6183,14.9328,7.67,EtnaRSC
2026-04-01 13:17:40,1.5,37.6116,14.8855,8.39,EtnaRSC
2026-04-01 14:16:07,1.4,37.6134,14.8936,7.91,EtnaRSC
2026-04-01 17:17:25,1.3,37.5654,14.9169,3.97,EtnaRSC
2026-04-02 02:19:27,0.0,37.8063,15.057,-0.78,EtnaRSC
2026-04-02 16:28:24,1.2,37.6067,14.9467,3.72,EtnaRSC
2026-04-03 05:30:40,0.9,37.7465,15.0967,6.02,EtnaRSC
2026-04-04 17:37:50,1.5,37.7428,14.7833,9.64,EtnaRSC
2026-04-05 05:15:41,0.9,37.7197,15.1201,7.11,EtnaRSC
2026-04-05 08:35:35,3.6,37.872,14.8669,22.69,EtnaRSC
2026-04-05 08:37:29,2.8,37.8728,14.8603,23.35,EtnaRSC
2026-04-05 08:47:27,1.5,37.8576,14.8617,26.95,EtnaRSC
2026-04-05 09:42:07,1.9,37.8821,14.8718,28.12,EtnaRSC
2026-04-05 10:04:43,2.5,37.8525,14.8572,26.32,EtnaRSC
2026-04-05 11:14:36,2.4,37.8733,14.8636,23.27,EtnaRSC
2026-04-05 12:07:14,1.7,37.8716,14.8762,22.54,EtnaRSC
2026-04-05 12:07:57,2.1,37.8627,14.8668,25.07,EtnaRSC
2026-04-05 14:07:38,1.5,37.827,14.9211,18.2,EtnaRSC
2026-04-05 15:20:57,0.9,37.8722,14.8684,25.07,EtnaRSC
2026-04-05 18:19:01,1.2,37.897,14.8564,19.68,EtnaRSC
2026-04-07 04:49:45,1.1,37.8792,14.876,21.32,EtnaRSC
2026-04-08 03:30:05,1.5,37.7489,15.0004,-1.21,EtnaRSC
2026-04-08 17:07:53,1.3,37.7211,15.0797,1.62,EtnaRSC
2026-04-09 01:10:30,1.0,37.7678,15.1361,2.0,EtnaRSC
2026-04-09 01:40:21,0.9,37.776,15.1272,1.9,EtnaRSC
2026-04-09 03:02:30,0.9,37.747,15.0471,0.77,EtnaRSC
2026-04-10 00:55:28,0.9,37.6757,15.0744,0.25,EtnaRSC
2026-04-10 01:33:02,0.9,37.6783,14.9647,4.47,EtnaRSC
2026-04-11 04:33:28,0.9,37.6267,14.9094,3.85,EtnaRSC
2026-04-11 08:05:07,1.3,37.7981,14.974,4.98,EtnaRSC
2026-04-11 14:11:11,1.2,37.7224,14.9522,7.55,EtnaRSC
2026-04-12 05:56:02,1.5,37.6845,15.152,10.49,EtnaRSC
2026-04-13 00:43:03,1.2,37.6218,14.9348,6.05,EtnaRSC
2026-04-13 09:37:49,1.2,37.6449,14.8999,6.42,EtnaRSC
2026-04-13 14:45:16,1.0,37.6538,15.035,1.41,EtnaRSC
2026-04-14 00:27:45,0.8,37.7673,15.1397,3.47,EtnaRSC
2026-04-14 09:31:57,0.3,37.8197,15.0675,-1.58,EtnaRSC
2026-04-14 11:20:12,1.3,37.7538,14.8031,-0.54,EtnaRSC
2026-04-14 14:46:14,0.3,37.8003,15.0583,-1.57,EtnaRSC
2026-04-15 10:46:16,1.3,37.7458,15.0565,6.85,EtnaRSC
2026-04-18 17:30:30,0.5,37.803,15.0553,-1.55,EtnaRSC
2026-04-19 22:21:43,1.3,37.583,14.8608,8.44,EtnaRSC
2026-04-20 17:06:04,1.3,37.7276,14.8536,5.71,EtnaRSC
2026-04-21 18:46:24,1.9,37.562,15.2504,33.85,EtnaRSC
2026-04-24 11:30:27,2.5,37.767,15.119,7.92,EtnaRSC
2026-04-25 05:43:47,1.4,37.6127,14.9085,7.33,EtnaRSC
2026-04-25 22:58:05,1.1,37.735,14.9234,6.75,EtnaRSC
2026-04-26 15:56:18,0.7,37.8224,15.0055,1.83,EtnaRSC
2026-04-27 01:52:16,0.8,37.7603,15.1326,4.4,EtnaRSC
2026-04-27 17:50:37,0.5,37.767,15.1106,2.21,EtnaRSC
2026-04-27 20:22:53,1.5,37.6671,15.211,7.13,EtnaRSC
2026-04-27 20:37:26,1.1,37.6334,15.1921,7.76,EtnaRSC
2026-04-28 21:54:03,1.7,37.8248,14.8687,24.59,EtnaRSC
2026-04-29 16:20:33,1.2,37.61,14.8679,7.48,EtnaRSC
2026-04-30 04:39:49,0.4,37.7837,15.0512,1.38,EtnaRSC
2026-04-30 08:45:33,1.9,37.8633,14.9184,13.4,EtnaRSC
2026-05-01 19:39:22,1.0,37.7918,15.1448,4.15,EtnaRSC
2026-05-02 08:32:56,1.3,37.6354,14.8914,8.34,EtnaRSC
2026-05-03 07:36:42,1.2,37.6822,15.0696,3.58,EtnaRSC
2026-05-03 07:53:47,1.4,37.6245,14.9044,3.25,EtnaRSC
2026-05-04 23:28:54,1.0,37.737,15.0807,6.86,EtnaRSC
2026-05-05 09:01:11,0.8,37.7501,15.11,3.86,EtnaRSC
2026-05-05 10:45:17,0.9,37.7442,15.0927,5.08,EtnaRSC
2026-05-05 11:11:27,1.3,37.7533,14.8052,0.65,EtnaRSC
2026-05-05 11:21:03,0.7,37.7722,15.1153,1.55,EtnaRSC
2026-05-05 11:21:03,0.8,37.7644,15.1383,2.22,EtnaRSC
2026-05-05 16:20:27,1.1,37.7346,15.0985,8.28,EtnaRSC
2026-05-06 04:24:01,0.9,37.7802,15.0615,6.9,EtnaRSC
2026-05-06 08:17:29,1.4,37.7024,15.1605,-1.54,EtnaRSC
2026-05-07 02:53:15,0.9,37.7122,15.0893,5.78,EtnaRSC
2026-05-08 03:01:33,0.9,37.7619,15.1094,5.66,EtnaRSC
2026-05-08 04:01:22,0.7,37.7175,15.0204,1.39,EtnaRSC
2026-05-08 20:18:54,1.3,37.7205,14.961,7.42,EtnaRSC
2026-05-09 05:15:08,1.7,37.6401,14.9267,2.75,EtnaRSC
2026-05-09 18:03:15,0.7,37.7764,15.0682,2.34,EtnaRSC
2026-05-10 14:50:23,1.7,37.7299,15.108,5.12,EtnaRSC
2026-05-11 19:19:17,0.9,37.7157,15.0458,1.2,EtnaRSC
2026-05-13 01:27:12,0.7,37.7574,15.1157,3.1,EtnaRSC
2026-05-13 08:53:00,0.5,37.8051,15.063,-0.59,EtnaRSC
2026-05-13 18:02:06,1.3,37.7618,15.1441,5.2,EtnaRSC
2026-05-13 18:11:21,1.0,37.7601,15.1509,6.79,EtnaRSC
2026-05-13 18:24:47,0.9,37.7598,15.1151,2.32,EtnaRSC
2026-05-13 18:34:04,1.0,37.7515,15.1185,4.47,EtnaRSC
2026-05-18 16:21:45,1.1,37.7398,14.8672,3.42,EtnaRSC
2026-05-18 16:31:35,1.0,37.74,14.8679,3.38,EtnaRSC
2026-05-18 17:28:01,1.5,37.734,14.9638,5.27,EtnaRSC
2026-05-21 00:57:16,0.8,37.6932,14.9527,3.43,EtnaRSC
2026-05-21 07:33:04,1.7,37.5833,15.003,19.59,EtnaRSC
2026-05-22 11:49:18,1.3,37.6124,14.9255,4.69,EtnaRSC
2026-05-22 23:20:43,0.8,37.6743,15.0316,4.21,EtnaRSC
2026-05-23 07:29:56,1.1,37.7432,14.9632,6.84,EtnaRSC
2026-05-24 10:50:40,0.7,37.7573,15.0946,6.93,EtnaRSC
2026-05-25 10:08:24,1.7,37.5743,14.8124,1.85,EtnaRSC
2026-05-25 13:08:30,1.3,37.8768,14.9095,0.36,EtnaRSC
2026-05-25 16:17:52,0.8,37.6913,15.091,1.31,EtnaRSC
2026-05-28 10:51:14,1.2,37.7207,15.1538,7.14,EtnaRSC
2026-05-28 22:17:43,1.0,37.6113,14.8908,9.05,EtnaRSC
2026-05-29 15:12:32,1.9,37.7944,14.9582,25.86,EtnaRSC
2026-05-30 01:37:28,1.3,37.8222,14.9716,23.97,EtnaRSC
2026-05-30 01:46:47,1.3,37.8167,14.9658,25.02,EtnaRSC
2026-05-30 01:47:47,1.2,37.8119,14.9757,24.39,EtnaRSC
2026-05-30 01:49:31,1.5,37.8189,14.9665,24.94,EtnaRSC
2026-05-30 02:36:01,1.9,37.8204,14.9769,22.86,EtnaRSC
2026-05-30 03:58:14,1.5,37.8173,14.9742,23.97,EtnaRSC
2026-05-30 03:59:05,1.7,37.8217,14.9756,23.98,EtnaRSC
2026-05-30 05:37:55,1.3,37.8164,14.9716,24.31,EtnaRSC
2026-05-30 17:55:37,1.3,37.6064,14.9048,8.94,EtnaRSC
2026-05-30 23:20:58,1.4,37.7381,15.0993,5.09,EtnaRSC
2026-05-31 20:12:40,0.3,37.8131,15.0711,-0.56,EtnaRSC
2026-05-31 22:35:07,0.2,37.7749,15.131,2.29,EtnaRSC
2026-06-02 15:27:15,1.1,37.621,14.9202,8.19,EtnaRSC
2026-06-02 15:32:04,1.0,37.619,14.9273,7.72,EtnaRSC
2026-06-03 05:48:23,1.6,37.7741,14.9538,23.08,EtnaRSC
2026-06-03 13:38:27,1.8,37.758,14.9367,24.9,EtnaRSC
2026-06-03 13:45:55,1.0,37.7208,15.0758,4.82,EtnaRSC
2026-06-03 14:03:51,2.0,37.7852,14.9498,26.32,EtnaRSC
2026-06-03 14:07:31,2.8,37.7955,14.9538,24.45,EtnaRSC
2026-06-03 14:09:57,1.7,37.7762,14.9634,25.75,EtnaRSC
2026-06-03 14:23:21,2.1,37.7889,14.9575,24.64,EtnaRSC
2026-06-04 23:02:49,1.3,37.6362,14.9152,9.95,EtnaRSC
2026-06-07 04:34:38,1.4,37.7469,15.0415,4.86,EtnaRSC
2026-06-07 07:11:26,1.7,37.8285,14.9679,23.89,EtnaRSC
2026-06-07 08:11:00,1.1,37.746,15.1396,3.93,EtnaRSC
2026-06-10 02:38:50,1.2,37.7577,15.0307,6.38,EtnaRSC
2026-06-10 05:48:42,1.3,37.807,15.0452,14.65,EtnaRSC
2026-06-11 20:03:09,2.0,37.7359,15.1213,4.97,EtnaRSC
2026-06-11 20:06:10,1.6,37.7366,15.1167,6.33,EtnaRSC
2026-06-12 12:28:45,1.8,37.6905,15.0473,4.99,EtnaRSC
2026-06-12 12:40:36,1.2,37.6531,15.0191,8.0,EtnaRSC
2026-06-12 12:51:01,1.3,37.7038,15.042,9.01,EtnaRSC
2026-06-12 13:21:02,1.2,37.6889,15.0254,6.46,EtnaRSC
2026-06-12 16:37:56,0.9,37.7459,15.077,4.65,EtnaRSC
2026-06-12 23:00:30,0.3,37.8026,15.0561,-1.57,EtnaRSC
2026-06-13 05:55:36,1.7,37.7566,14.8216,11.01,EtnaRSC
2026-06-13 06:07:32,1.9,37.758,14.8206,12.77,EtnaRSC
2026-06-13 06:14:04,1.8,37.7543,14.8289,10.67,EtnaRSC
2026-06-13 06:18:25,1.5,37.7583,14.8234,10.61,EtnaRSC
2026-06-13 06:21:08,1.5,37.7532,14.8421,14.78,EtnaRSC
2026-06-13 06:26:01,1.7,37.7553,14.8265,10.78,EtnaRSC
2026-06-13 06:31:36,1.6,37.7584,14.8319,10.6,EtnaRSC
2026-06-13 06:37:19,2.4,37.759,14.8239,11.92,EtnaRSC
2026-06-13 07:36:19,1.3,37.7593,14.8231,10.57,EtnaRSC
2026-06-13 07:43:42,1.4,37.7981,15.0444,14.72,EtnaRSC
2026-06-13 08:09:27,1.7,37.7535,14.8237,13.15,EtnaRSC
2026-06-13 08:41:24,1.4,37.735,14.8416,13.75,EtnaRSC
2026-06-13 09:34:15,1.1,37.7696,14.8185,12.29,EtnaRSC
2026-06-13 09:43:29,1.6,37.7548,14.8166,11.63,EtnaRSC
2026-06-13 10:37:14,1.3,37.758,14.828,11.74,EtnaRSC
2026-06-13 10:57:06,1.5,37.7593,14.8392,12.99,EtnaRSC
2026-06-13 18:39:44,1.6,37.7601,14.8298,14.14,EtnaRSC
2026-06-13 18:43:16,1.6,37.7514,14.8287,15.42,EtnaRSC
2026-06-13 22:46:42,1.4,37.7302,14.9711,7.41,EtnaRSC
2026-06-14 20:31:35,1.7,37.6742,15.0309,6.11,EtnaRSC
2026-06-15 07:06:28,1.6,37.6785,15.0428,6.26,EtnaRSC
2026-06-15 07:10:30,0.9,37.8179,15.0595,-0.61,EtnaRSC
2026-06-16 07:26:28,1.8,37.729,15.076,15.55,EtnaRSC
2026-06-17 05:00:22,1.5,37.8215,14.8433,24.61,EtnaRSC
2026-06-17 05:01:57,1.8,37.835,14.8595,25.52,EtnaRSC
2026-06-17 05:02:35,1.7,37.8285,14.8581,25.57,EtnaRSC
2026-06-17 05:02:56,2.4,37.8224,14.855,24.67,EtnaRSC
2026-06-17 05:03:15,2.1,37.8185,14.8727,25.95,EtnaRSC
2026-06-17 05:04:08,1.7,37.819,14.8426,26.21,EtnaRSC
2026-06-17 05:04:20,1.8,37.8246,14.8512,25.97,EtnaRSC
2026-06-17 05:05:48,1.6,37.8181,14.869,25.3,EtnaRSC
2026-06-17 05:06:23,1.6,37.8268,14.8531,25.08,EtnaRSC
2026-06-17 05:06:56,1.6,37.8272,14.8366,20.51,EtnaRSC
2026-06-17 05:06:56,1.8,37.8247,14.8287,23.56,EtnaRSC
2026-06-17 05:07:04,2.3,37.8287,14.8597,28.38,EtnaRSC
2026-06-17 05:07:05,2.2,37.8228,14.8483,24.18,EtnaRSC
2026-06-17 05:16:28,2.0,37.8233,14.8556,25.68,EtnaRSC
2026-06-17 14:13:04,1.6,37.6981,15.1023,12.06,EtnaRSC
2026-06-18 12:40:22,0.9,37.7449,15.12,5.15,EtnaRSC
2026-06-20 12:38:40,0.6,37.8039,15.0701,-1.58,EtnaRSC
2026-06-20 21:15:30,1.3,37.7288,15.056,3.91,EtnaRSC
2026-06-21 11:07:06,1.0,37.6817,15.0598,5.82,EtnaRSC
2026-06-22 00:25:20,1.2,37.7291,15.081,4.34,EtnaRSC
2026-06-22 04:57:58,0.5,37.7993,15.0633,-1.27,EtnaRSC
2026-06-22 19:28:02,1.6,37.8296,14.8343,19.63,EtnaRSC
2026-06-22 22:38:29,0.4,37.7992,15.0564,-1.58,EtnaRSC
2026-06-23 21:01:34,1.7,37.8197,14.8422,22.1,EtnaRSC
2026-06-23 22:10:42,1.2,37.6541,15.1302,10.64,EtnaRSC
2026-06-23 22:33:56,1.0,37.6403,15.1389,7.98,EtnaRSC
2026-06-24 02:33:11,0.8,37.6643,15.0452,3.54,EtnaRSC
2026-06-25 00:32:41,0.3,37.8037,15.0387,-0.13,EtnaRSC
2026-06-25 23:46:32,0.9,37.5851,14.9085,3.62,EtnaRSC
2026-06-26 00:16:32,1.4,37.7556,14.8229,10.62,EtnaRSC
2026-06-26 09:12:31,1.5,37.7509,14.8251,10.57,EtnaRSC
2026-06-27 22:28:58,0.3,37.8108,15.0578,0.22,EtnaRSC
2026-06-28 00:38:56,1.5,37.729,14.97,8.18,EtnaRSC
2026-06-29 14:05:55,0.5,37.8033,15.0505,-0.73,EtnaRSC
2026-06-29 22:53:54,1.2,37.8263,14.954,20.76,EtnaRSC
2026-07-01 09:14:42,1.3,37.757,15.1054,10.3,EtnaRSC
2026-07-01 18:55:56,1.0,37.7811,15.1725,4.97,EtnaRSC
2026-07-03 16:04:39,1.0,37.8042,15.0594,-1.59,EtnaRSC
2026-07-04 11:08:20,1.6,37.7584,15.1303,5.57,EtnaRSC
2026-07-04 11:11:28,1.4,37.7602,15.135,3.89,EtnaRSC
2026-07-09 01:25:16,1.3,37.7795,15.1781,7.2,EtnaRSC
2026-07-11 00:12:32,1.3,37.7083,15.0821,2.31,EtnaRSC
2026-07-11 06:05:36,1.6,37.8155,15.0645,-1.55,EtnaRSC
2026-07-11 11:17:23,1.2,37.7322,15.0899,5.17,EtnaRSC
2026-07-11 15:37:14,1.1,37.7508,14.9936,-1.6,EtnaRSC
2026-07-11 21:38:35,1.2,37.7315,15.007,1.64,EtnaRSC
2026-07-11 23:08:23,1.3,37.7531,14.9914,-1.58,EtnaRSC
2026-07-12 04:48:33,1.3,37.8092,15.0651,-0.69,EtnaRSC
2026-07-12 12:55:16,1.5,37.7534,15.006,-1.21,EtnaRSC
2026-07-12 21:09:57,1.4,37.7866,14.8248,4.91,EtnaRSC
2026-07-12 22:01:49,1.7,37.772,14.7937,9.24,EtnaRSC
2026-07-12 22:11:10,1.6,37.7836,14.8123,6.79,EtnaRSC
2026-07-13 02:51:30,1.1,37.7615,15.0232,0.65,EtnaRSC
2026-07-13 09:22:01,2.0,37.7415,14.9793,14.07,EtnaRSC
2026-07-13 10:06:01,1.2,37.7532,14.9894,-1.57,EtnaRSC
2026-07-13 10:41:28,1.2,37.7186,15.0309,1.07,EtnaRSC
2026-07-13 12:37:11,1.8,37.7776,14.7955,8.31,EtnaRSC
2026-07-13 12:39:59,1.3,37.7672,14.7654,9.8,EtnaRSC
2026-07-13 18:29:47,1.4,37.745,15.0074,-1.55,EtnaRSC
2026-07-14 07:23:47,1.7,37.653,14.8989,9.97,EtnaRSC
2026-07-14 08:58:37,0.9,37.7347,15.1227,3.51,EtnaRSC
2026-07-15 07:50:27,1.2,37.7455,15.0025,-1.57,EtnaRSC
2026-07-15 10:18:12,1.6,37.7477,14.9935,-0.23,EtnaRSC
2026-07-16 01:45:42,0.8,37.7477,15.0356,3.64,EtnaRSC
2026-07-16 08:19:46,1.8,37.6276,14.9127,2.27,EtnaRSC
2026-07-19 02:41:34,1.1,37.7486,15.0376,8.44,EtnaRSC
2026-07-19 16:41:13,2.1,37.6267,14.9144,3.66,EtnaRSC
2026-07-19 21:50:34,1.1,37.6173,14.9077,2.33,EtnaRSC
2026-07-20 15:20:48,0.8,37.8031,15.0419,-1.41,EtnaRSC
2026-07-20 15:32:54,1.3,37.8021,15.0426,-0.09,EtnaRSC
2026-07-20 16:01:01,1.0,37.8021,15.0413,-0.55,EtnaRSC
2026-07-20 18:07:59,0.3,37.7979,15.0408,1.19,EtnaRSC
2026-07-21 00:00:12,0.5,37.7965,15.0346,1.06,EtnaRSC
2026-07-21 00:24:27,0.7,37.8239,15.0497,0.35,EtnaRSC
2026-07-21 03:21:31,0.9,37.699,14.985,4.35,EtnaRSC
2026-07-21 04:23:57,1.8,37.6875,15.1491,8.62,EtnaRSC
2026-07-21 16:33:20,1.3,37.7313,14.9585,8.87,EtnaRSC
2026-07-22 14:13:49,1.9,37.784,14.7215,26.64,EtnaRSC
2026-07-24 03:48:33,1.0,37.7977,15.0443,-0.05,EtnaRSC
2026-07-24 04:01:45,0.8,37.7955,15.038,1.25,EtnaRSC
2026-07-24 11:47:01,1.2,37.7632,14.8895,3.9,EtnaRSC
2026-07-24 12:03:49,1.3,37.7515,14.8721,7.06,EtnaRSC
2026-07-24 12:50:42,1.5,37.7479,14.8901,7.96,EtnaRSC
2026-07-24 13:34:53,2.0,37.7573,14.8765,7.19,EtnaRSC
2026-07-25 07:41:38,1.6,37.6821,15.0176,5.5,EtnaRSC
2026-07-25 13:29:22,1.1,37.6545,14.957,6.19,EtnaRSC
2026-07-25 19:10:14,1.9,37.7607,15.0556,9.02,EtnaRSC
2026-07-25 23:49:30,1.3,37.6185,14.9048,1.42,EtnaRSC
2026-07-26 10:31:29,1.1,37.6608,14.9949,1.59,EtnaRSC
2026-07-26 19:20:15,1.2,37.7514,15.0336,6.18,EtnaRSC
2026-07-26 20:55:56,1.5,37.8882,15.0532,7.33,EtnaRSC
2026-07-27 00:10:00,1.1,37.7305,15.0645,6.08,EtnaRSC
2026-07-27 00:28:38,1.3,37.7207,15.0594,8.63,EtnaRSC
2026-07-27 14:31:38,1.2,37.7194,15.0556,3.27,EtnaRSC
2026-07-27 18:57:40,1.1,37.7653,15.0559,4.24,EtnaRSC
2026-07-27 19:18:35,0.6,37.8044,15.0408,-0.15,EtnaRSC
2026-07-28 01:23:03,1.5,37.6817,14.9506,5.61,EtnaRSC
2026-07-28 19:59:18,0.3,37.8033,15.0487,-0.81,EtnaRSC
2026-07-30 11:16:17,1.0,37.7646,15.1035,2.56,EtnaRSC
2026-07-30 13:27:06,1.3,37.8078,15.0514,-0.23,EtnaRSC
2026-07-30 15:21:46,1.5,37.6773,15.0858,7.18,EtnaRSC
2026-07-30 16:53:42,1.4,37.7459,15.0097,-1.58,EtnaRSC
2026-07-30 17:01:43,1.2,37.7523,15.0241,-1.58,EtnaRSC
2026-07-31 17:27:40,1.5,37.6898,15.0886,4.85,EtnaRSC
2026-08-01 10:51:46,1.5,37.6627,15.0617,14.69,EtnaRSC
2026-08-02 05:27:39,0.4,37.7962,15.0364,-0.2,EtnaRSC
2026-08-03 16:55:29,0.7,37.7595,15.1085,5.12,EtnaRSC
2026-08-04 11:35:24,1.5,37.6539,14.8884,13.3,EtnaRSC
2026-08-05 03:50:32,0.6,37.7548,14.9912,0.25,EtnaRSC
2026-08-05 21:13:06,1.6,37.6283,14.9173,9.15,EtnaRSC
2026-08-06 07:04:20,2.3,37.8111,15.0848,-1.56,EtnaRSC
2026-08-10 20:58:05,1.4,37.7427,15.033,7.79,EtnaRSC
2026-08-10 23:13:48,1.4,37.7454,15.0037,0.3,EtnaRSC
2026-08-14 03:58:36,1.7,37.7535,14.9943,-0.31,EtnaRSC
2026-08-15 10:24:08,3.8,37.8046,15.0665,-0.09,EtnaRSC
2026-08-15 10:28:10,0.8,37.8094,15.0663,0.12,EtnaRSC
2026-08-15 10:28:23,0.8,37.8088,15.0644,0.17,EtnaRSC
2026-08-15 10:34:02,1.0,37.8107,15.0774,-1.59,EtnaRSC
2026-08-15 10:40:53,1.4,37.8145,15.0697,-1.21,EtnaRSC
2026-08-15 10:45:25,1.0,37.8025,15.0565,-0.46,EtnaRSC
2026-08-15 10:49:40,1.1,37.8055,15.0646,-0.42,EtnaRSC
2026-08-15 10:54:30,1.1,37.7957,15.0344,3.59,EtnaRSC
2026-08-15 11:07:24,0.2,37.8005,15.0534,-1.58,EtnaRSC
2026-08-15 11:14:51,0.3,37.7949,15.0535,-1.57,EtnaRSC
2026-08-15 11:24:56,0.4,37.8131,15.0512,0.04,EtnaRSC
2026-08-15 11:35:56,0.4,37.8043,15.054,0.36,EtnaRSC
2026-08-15 11:37:42,1.1,37.8151,15.0682,0.37,EtnaRSC
2026-08-15 11:50:49,0.0,37.8041,15.0553,-1.57,EtnaRSC
2026-08-15 12:30:47,1.8,37.8015,15.0443,3.44,EtnaRSC
2026-08-15 14:00:56,0.6,37.8042,15.0534,-0.22,EtnaRSC
2026-08-15 15:12:53,0.5,37.8063,15.0602,0.53,EtnaRSC
2026-08-15 19:16:45,1.6,37.7528,14.9562,11.77,EtnaRSC
2026-08-16 02:57:05,0.2,37.8071,15.0498,0.32,EtnaRSC
2026-08-16 05:55:53,1.1,37.8012,15.0516,0.36,EtnaRSC
2026-08-17 08:05:04,1.6,37.7296,15.0499,3.55,EtnaRSC
2026-08-17 08:58:16,1.6,37.745,15.0646,3.25,EtnaRSC
2026-08-18 03:11:08,0.5,37.8069,15.0524,0.6,EtnaRSC
2026-08-18 05:00:22,0.6,37.7187,14.8965,2.3,EtnaRSC
2026-08-18 08:50:47,1.1,37.7484,15.0425,0.11,EtnaRSC
2026-08-18 11:17:48,1.2,37.7466,15.0415,0.51,EtnaRSC
2026-08-18 13:20:03,1.0,37.7502,15.039,0.7,EtnaRSC
2026-08-18 18:16:59,1.3,37.7455,15.0474,3.9,EtnaRSC
2026-08-20 05:36:03,1.0,37.8029,15.0547,-0.22,EtnaRSC
2026-08-20 05:47:04,3.2,37.7982,15.047,0.37,EtnaRSC
2026-08-20 05:49:47,1.0,37.8037,15.0546,-0.26,EtnaRSC
2026-08-20 05:52:15,0.4,37.7978,15.0516,-1.56,EtnaRSC
2026-08-20 05:58:38,0.3,37.8006,15.0521,-1.57,EtnaRSC
2026-08-20 06:03:14,1.1,37.8018,15.0524,-0.08,EtnaRSC
2026-08-20 06:37:41,0.3,37.7983,15.0485,-1.57,EtnaRSC
2026-08-20 06:42:31,1.4,37.6814,15.0814,3.21,EtnaRSC
2026-08-20 06:45:23,0.1,37.7991,15.0515,-1.54,EtnaRSC
2026-08-20 06:54:57,1.7,37.8063,15.0479,-0.19,EtnaRSC
2026-08-23 09:30:51,0.8,37.6844,15.0542,2.56,EtnaRSC
2026-08-23 11:34:02,0.6,37.6719,14.9495,-1.28,EtnaRSC
2026-08-23 21:33:04,0.0,37.794,15.0504,-0.97,EtnaRSC
2026-08-24 04:43:03,0.9,37.7405,15.0744,4.49,EtnaRSC
2026-08-29 22:19:08,1.4,37.6702,15.0543,7.28,EtnaRSC
2026-08-30 01:01:57,0.6,37.6647,15.0853,-0.03,EtnaRSC
2026-08-31 21:18:32,0.2,37.8061,15.0615,0.17,EtnaRSC
2026-09-01 00:29:39,0.2,37.8082,15.0518,1.02,EtnaRSC
2026-09-01 16:08:41,0.8,37.7164,15.0708,1.87,EtnaRSC
2026-09-01 16:18:11,1.4,37.7083,15.0675,3.46,EtnaRSC
2026-09-03 03:25:25,1.4,37.8011,14.8699,25.82,EtnaRSC
2026-09-03 22:25:31,1.0,37.8057,15.0309,10.29,EtnaRSC
2026-09-03 22:26:02,1.0,37.827,15.0267,10.7,EtnaRSC
2026-09-03 22:26:17,1.0,37.8221,15.0236,10.84,EtnaRSC
2026-09-05 19:39:07,0.0,37.8028,15.068,-1.57,EtnaRSC
2026-09-05 21:01:48,0.8,37.7391,15.1357,4.75,EtnaRSC
2026-09-06 17:27:10,0.6,37.8013,15.0601,-1.41,EtnaRSC
2026-09-06 21:19:56,0.5,37.71,14.9298,0.32,EtnaRSC
2026-09-09 01:42:27,1.9,37.6398,14.9271,8.97,EtnaRSC
2026-09-09 04:18:48,1.8,37.6432,14.9312,5.39,EtnaRSC
2026-09-09 23:10:53,0.8,37.7199,15.0817,1.46,EtnaRSC
2026-09-10 07:55:50,1.9,37.8217,14.905,13.21,EtnaRSC
2026-09-10 20:54:04,0.6,37.7519,15.1528,6.7,EtnaRSC
2026-09-10 21:17:05,1.2,37.7509,15.1538,7.1,EtnaRSC
2026-09-11 01:14:57,0.7,37.748,15.0045,-1.58,EtnaRSC
2026-09-11 01:15:15,1.0,37.7432,15.0071,-1.6,EtnaRSC
2026-09-11 01:16:06,1.1,37.7506,14.9929,-0.87,EtnaRSC
2026-09-12 16:13:55,1.0,37.7369,14.9091,4.13,EtnaRSC
2026-09-12 21:19:02,1.0,37.7356,15.0642,2.13,EtnaRSC
2026-09-13 00:06:19,2.3,37.7991,15.043,0.17,EtnaRSC
2026-09-13 13:44:49,1.4,37.7405,15.0402,7.45,EtnaRSC
2026-09-14 06:46:12,0.7,37.7363,15.0775,5.2,EtnaRSC
2026-09-14 13:05:29,1.0,37.8262,15.0221,17.51,EtnaRSC
